,市場平均,配当コア25 年1回,配当コア25 半年,配当コア15 年1回,配当コア40 年1回,利回りだけ上位25,トレンド条件なし25,減配歴チェックなし25
2016-08-31,1.0,,,,,,,
2016-09-01,1.003117535363438,,,,,,,
2016-09-02,1.0022234767265121,,,,,,,
2016-09-05,1.0062684519096625,,,,,,,
2016-09-06,1.017994798010686,,,,,,,
2016-09-07,1.0208626692763123,,,,,,,
2016-09-08,1.0200074639043155,,,,,,,
2016-09-09,1.0198514184910303,,,,,,,
2016-09-12,1.0058844080373937,,,,,,,
2016-09-13,1.0094814408804877,,,,,,,
2016-09-14,1.0025426127098822,,,,,,,
2016-09-15,0.99505141060106,,,,,,,
2016-09-16,1.0036407889317986,,,,,,,
2016-09-20,1.0057811023796568,,,,,,,
2016-09-21,1.0255448597092056,,,,,,,
2016-09-23,1.0337057561702803,,,,,,,
2016-09-26,1.0269873398026932,,,,,,,
2016-09-27,1.039130988472501,,,,,,,
2016-09-28,1.0368607205804068,,,,,,,
2016-09-29,1.0461595087589117,,,,,,,
2016-09-30,1.0345565981316938,,,,,,,
2016-10-03,1.0425830749022291,,,,,,,
2016-10-04,1.0505700245725158,,,,,,,
2016-10-05,1.0570971671449467,,,,,,,
2016-10-06,1.0605462504960015,,,,,,,
2016-10-07,1.058013258484875,,,,,,,
2016-10-11,1.0625604210378343,,,,,,,
2016-10-12,1.0540182473694861,,,,,,,
2016-10-13,1.0573109913564933,,,,,,,
2016-10-14,1.059186563780077,,,,,,,
2016-10-17,1.0655772497556846,,,,,,,
2016-10-18,1.0723436984108348,,,,,,,
2016-10-19,1.077314486312872,,,,,,,
2016-10-20,1.0842181693605084,,,,,,,
2016-10-21,1.081782126843914,,,,,,,
2016-10-24,1.084913067142982,,,,,,,
2016-10-25,1.0890020331988046,,,,,,,
2016-10-26,1.094201752205292,,,,,,,
2016-10-27,1.0934391475979168,,,,,,,
2016-10-28,1.1007620813581085,,,,,,,
2016-10-31,1.1007835381819362,,,,,,,
2016-11-01,1.0995434102256902,,,,,,,
2016-11-02,1.0796900257692101,,,,,,,
2016-11-04,1.0708537879585198,,,,,,,
2016-11-07,1.0831129390959697,,,,,,,
2016-11-08,1.0809703220531115,,,,,,,
2016-11-09,1.0333044257535278,,,,,,,
2016-11-10,1.0850102485909456,,,,,,,
2016-11-11,1.078253697057883,,,,,,,
2016-11-14,1.095820666646722,,,,,,,
2016-11-15,1.094932664426092,,,,,,,
2016-11-16,1.1076868240377127,,,,,,,
2016-11-17,1.110956474373052,,,,,,,
2016-11-18,1.1204789038225011,,,,,,,
2016-11-21,1.129048331141814,,,,,,,
2016-11-22,1.1340986471399432,,,,,,,
2016-11-24,1.1395124347268515,,,,,,,
2016-11-25,1.1409312786786125,,,,,,,
2016-11-28,1.147310104801849,,,,,,,
2016-11-29,1.1463920127201976,,,,,,,
2016-11-30,1.1497233390523425,,,,,,,
2016-12-01,1.155584023805977,,,,,,,
2016-12-02,1.148860504656756,,,,,,,
2016-12-05,1.1436334550630427,,,,,,,
2016-12-06,1.149558765841589,,,,,,,
2016-12-07,1.1573780488529244,,,,,,,
2016-12-08,1.1671974510014722,,,,,,,
2016-12-09,1.172604690965332,,,,,,,
2016-12-12,1.1786428169798897,,,,,,,
2016-12-13,1.188484338983952,,,,,,,
2016-12-14,1.1866637964278537,,,,,,,
2016-12-15,1.1892101176396035,,,,,,,
2016-12-16,1.1957126515429228,,,,,,,
2016-12-19,1.1950758754243358,,,,,,,
2016-12-20,1.2007788051033674,,,,,,,
2016-12-21,1.1930813627700978,,,,,,,
2016-12-22,1.1925916369750738,,,,,,,
2016-12-26,1.1947086798346083,,,,,,,
2016-12-27,1.1947446352100557,,,,,,,
2016-12-28,1.2044332821157648,,,,,,,
2016-12-29,1.191484869854936,,,,,,,
2016-12-30,1.1949796922710696,,,,,,,
2017-01-04,1.2214207697192245,,,,,,,
2017-01-05,1.2239805683092655,,,,,,,
2017-01-06,1.2242055537610421,,,,,,,
2017-01-10,1.2213975248583848,,,,,,,
2017-01-11,1.2238349987737374,,,,,,,
2017-01-12,1.2142690193779615,,,,,,,
2017-01-13,1.2216429870551886,,,,,,,
2017-01-16,1.2109145923998297,,,,,,,
2017-01-17,1.194756003272317,,,,,,,
2017-01-18,1.197123969522525,,,,,,,
2017-01-19,1.2066232038580902,,,,,,,
2017-01-20,1.210816195460965,,,,,,,
2017-01-23,1.2033897961951854,,,,,,,
2017-01-24,1.2021000146278118,,,,,,,
2017-01-25,1.2167596368984193,,,,,,,
2017-01-26,1.2290067190537326,,,,,,,
2017-01-27,1.2296898082936463,,,,,,,
2017-01-30,1.2305902591192743,,,,,,,
2017-01-31,1.2194344007150137,,,,,,,
2017-02-01,1.226681178402018,,,,,,,
2017-02-02,1.2144145489948366,,,,,,,
2017-02-03,1.2153948852252248,,,,,,,
2017-02-06,1.2194868613821324,,,,,,,
2017-02-07,1.2144774899311774,,,,,,,
2017-02-08,1.2215922579989311,,,,,,,
2017-02-09,1.2178114865326168,,,,,,,
2017-02-10,1.2376446220882171,,,,,,,
2017-02-13,1.2483668737594327,,,,,,,
2017-02-14,1.2449925241623796,,,,,,,
2017-02-15,1.2540770695451124,,,,,,,
2017-02-16,1.2533866849287234,,,,,,,
2017-02-17,1.2527331665031225,,,,,,,
2017-02-20,1.254820859422039,,,,,,,
2017-02-21,1.2617927771294826,,,,,,,
2017-02-22,1.261707983791261,,,,,,,
2017-02-23,1.2626984340262266,,,,,,,
2017-02-24,1.2598447821204646,,,,,,,
2017-02-27,1.2520826098453819,,,,,,,
2017-02-28,1.2564257842575433,,,,,,,
2017-03-01,1.2673937740587526,,,,,,,
2017-03-02,1.2768882936766326,,,,,,,
2017-03-03,1.273290017639542,,,,,,,
2017-03-06,1.275707792009508,,,,,,,
2017-03-07,1.2749409166517132,,,,,,,
2017-03-08,1.274412698545234,,,,,,,
2017-03-09,1.2809039598730836,,,,,,,
2017-03-10,1.2915727775929822,,,,,,,
2017-03-13,1.2899000480774825,,,,,,,
2017-03-14,1.2915296657981414,,,,,,,
2017-03-15,1.2827320544962728,,,,,,,
2017-03-16,1.2901606724901624,,,,,,,
2017-03-17,1.2874680823659408,,,,,,,
2017-03-21,1.2914857385282403,,,,,,,
2017-03-22,1.2672281850792784,,,,,,,
2017-03-23,1.2663790828295263,,,,,,,
2017-03-24,1.2772343571478106,,,,,,,
2017-03-27,1.2622712001926273,,,,,,,
2017-03-28,1.2815951488340847,,,,,,,
2017-03-29,1.2928402567017756,,,,,,,
2017-03-30,1.280609245282039,,,,,,,
2017-03-31,1.268206194626048,,,,,,,
2017-04-03,1.2718461214445185,,,,,,,
2017-04-04,1.2525951620170979,,,,,,,
2017-04-05,1.2525338175093426,,,,,,,
2017-04-06,1.227113632064237,,,,,,,
2017-04-07,1.2353462752113733,,,,,,,
2017-04-10,1.2456034413260493,,,,,,,
2017-04-11,1.237287129258496,,,,,,,
2017-04-12,1.2194202743302964,,,,,,,
2017-04-13,1.215391056428473,,,,,,,
2017-04-14,1.2026722588492305,,,,,,,
2017-04-17,1.213113240701095,,,,,,,
2017-04-18,1.2219422787376422,,,,,,,
2017-04-19,1.226883779010787,,,,,,,
2017-04-20,1.2287246689554212,,,,,,,
2017-04-21,1.2404276958525466,,,,,,,
2017-04-24,1.2482814983756045,,,,,,,
2017-04-25,1.2617700817017687,,,,,,,
2017-04-26,1.279194050340423,,,,,,,
2017-04-27,1.2849826030228126,,,,,,,
2017-04-28,1.2834358274361408,,,,,,,
2017-05-01,1.2924684008840621,,,,,,,
2017-05-02,1.3008814823758206,,,,,,,
2017-05-08,1.3302833347844671,,,,,,,
2017-05-09,1.331658199921404,,,,,,,
2017-05-10,1.3377099578680947,,,,,,,
2017-05-11,1.3388994359996922,,,,,,,
2017-05-12,1.3323144795595594,,,,,,,
2017-05-15,1.3331265954478664,,,,,,,
2017-05-16,1.3387090243666377,,,,,,,
2017-05-17,1.33500282172779,,,,,,,
2017-05-18,1.3217431224707983,,,,,,,
2017-05-19,1.3260572658640155,,,,,,,
2017-05-22,1.3358659605249705,,,,,,,
2017-05-23,1.3372130118868613,,,,,,,
2017-05-24,1.348226472524967,,,,,,,
2017-05-25,1.3486855534634172,,,,,,,
2017-05-26,1.3403490630735713,,,,,,,
2017-05-29,1.3417542722009734,,,,,,,
2017-05-30,1.347407017689145,,,,,,,
2017-05-31,1.3458780743249523,,,,,,,
2017-06-01,1.3623458536271855,,,,,,,
2017-06-02,1.3777958504248333,,,,,,,
2017-06-05,1.3810789639824919,,,,,,,
2017-06-06,1.3667720576188402,,,,,,,
2017-06-07,1.3732876665771179,,,,,,,
2017-06-08,1.3701296364355935,,,,,,,
2017-06-09,1.3713335435008518,,,,,,,
2017-06-12,1.370283059086857,,,,,,,
2017-06-13,1.3718973152445733,,,,,,,
2017-06-14,1.3699607595076122,,,,,,,
2017-06-15,1.366893697745554,,,,,,,
2017-06-16,1.371393389124845,,,,,,,
2017-06-19,1.384738008720782,,,,,,,
2017-06-20,1.3978983267642264,,,,,,,
2017-06-21,1.3949020250947248,,,,,,,
2017-06-22,1.3982877207865299,,,,,,,
2017-06-23,1.3942553376124727,,,,,,,
2017-06-26,1.4018349195177935,,,,,,,
2017-06-27,1.4092248564943681,,,,,,,
2017-06-28,1.3966187302764277,,,,,,,
2017-06-29,1.4088347331305262,,,,,,,
2017-06-30,1.3998723760487124,,,,,,,
2017-07-03,1.4048001779962935,,,,,,,
2017-07-04,1.3914699007206834,,,,,,,
2017-07-05,1.4032000883195819,,,,,,,
2017-07-06,1.4029515958244196,,,,,,,
2017-07-07,1.3978211101534677,,,,,,,
2017-07-10,1.4074590520832324,,,,,,,
2017-07-11,1.4192198490762271,,,,,,,
2017-07-12,1.4149494861395258,,,,,,,
2017-07-13,1.4152846881567431,,,,,,,
2017-07-14,1.4209779613325537,,,,,,,
2017-07-17,1.4209779613325537,,,,,,,
2017-07-18,1.4190646948408998,,,,,,,
2017-07-19,1.4233521649795553,,,,,,,
2017-07-20,1.4335219830623318,,,,,,,
2017-07-21,1.4349169802763235,,,,,,,
2017-07-24,1.436457027353066,,,,,,,
2017-07-25,1.4329692631936422,,,,,,,
2017-07-26,1.4337587409316053,,,,,,,
2017-07-27,1.436654481386226,,,,,,,
2017-07-28,1.4296644340553597,,,,,,,
2017-07-31,1.426157588150966,,,,,,,
2017-08-01,1.4224437466392281,,,,,,,
2017-08-02,1.4316788581790205,,,,,,,
2017-08-03,1.4313880691325809,,,,,,,
2017-08-04,1.4331963159116077,,,,,,,
2017-08-07,1.4400280440933437,,,,,,,
2017-08-08,1.4410384504940141,,,,,,,
2017-08-09,1.424992842159213,,,,,,,
2017-08-10,1.42380905210194,,,,,,,
2017-08-11,1.42380905210194,,,,,,,
2017-08-14,1.408288221549633,,,,,,,
2017-08-15,1.4211426824785436,,,,,,,
2017-08-16,1.4255310267428998,,,,,,,
2017-08-17,1.4313211897000673,,,,,,,
2017-08-18,1.4165961758129462,,,,,,,
2017-08-21,1.4171550703788285,,,,,,,
2017-08-22,1.4212868163962924,,,,,,,
2017-08-23,1.4273869703517705,,,,,,,
2017-08-24,1.4271933217824144,,,,,,,
2017-08-25,1.4320139690507898,,,,,,,
2017-08-28,1.4377729666916164,,,,,,,
2017-08-29,1.4408494209100884,,,,,,,
2017-08-30,1.4474492437748026,,,,,,,
2017-08-31,1.4553244588004244,,,,,,,
2017-09-01,1.460842836619614,,,,,,,
2017-09-04,1.4389545061644926,,,,,,,
2017-09-05,1.4144502962638317,,,,,,,
2017-09-06,1.4213606765552498,,,,,,,
2017-09-07,1.4299308930426045,,,,,,,
2017-09-08,1.4258144393446521,,,,,,,
2017-09-11,1.4438275986267457,,,,,,,
2017-09-12,1.45857433303036,,,,,,,
2017-09-13,1.468689867076222,,,,,,,
2017-09-14,1.4623166640108956,,,,,,,
2017-09-15,1.4733831351797064,,,,,,,
2017-09-18,1.4733831351797064,,,,,,,
2017-09-19,1.4928593088818298,,,,,,,
2017-09-20,1.4905544379320848,,,,,,,
2017-09-21,1.4899699676297276,,,,,,,
2017-09-22,1.4810216958824407,,,,,,,
2017-09-25,1.4921720944373578,,,,,,,
2017-09-26,1.4949154233277173,,,,,,,
2017-09-27,1.4966067178765268,,,,,,,
2017-09-28,1.5121317101898655,,,,,,,
2017-09-29,1.5141501033094782,,,,,,,
2017-10-02,1.5193006633506112,,,,,,,
2017-10-03,1.5244006185198546,,,,,,,
2017-10-04,1.5222576181992837,,,,,,,
2017-10-05,1.5155088505565457,,,,,,,
2017-10-06,1.516149253938868,,,,,,,
2017-10-09,1.516149253938868,,,,,,,
2017-10-10,1.5278107423298173,,,,,,,
2017-10-11,1.5269156723157264,,,,,,,
2017-10-12,1.5340939869964398,,,,,,,
2017-10-13,1.539739622141941,,,,,,,
2017-10-16,1.5434890525421407,,,,,,,
2017-10-17,1.5454880716814894,,,,,,,
2017-10-18,1.5405273776485866,,,,,,,
2017-10-19,1.540094374297008,,,,,,,
2017-10-20,1.540264318157859,,,,,,,
2017-10-23,1.5550900074507306,,,,,,,
2017-10-24,1.5664551118198629,,,,,,,
2017-10-25,1.560492223874359,,,,,,,
2017-10-26,1.5657205504994272,,,,,,,
2017-10-27,1.5812493793080062,,,,,,,
2017-10-30,1.5849087213489652,,,,,,,
2017-10-31,1.5871213177431887,1.0,1.0,1.0,1.0,1.0,1.0,1.0
2017-11-01,1.596896623675104,1.0,1.0,1.0,1.0,1.0,1.0,1.0
2017-11-02,1.597596598140261,1.0,1.0,1.0,1.0,1.0,1.0,1.0
2017-11-03,1.597596598140261,1.0,1.0,1.0,1.0,1.0,1.0,1.0
2017-11-06,1.5959468296569137,1.0,1.0,1.0,1.0,1.0,1.0,1.0
2017-11-07,1.6074583597430523,1.0,1.0,1.0,1.0,1.0,1.0,1.0
2017-11-08,1.6137301292746364,1.0,1.0,1.0,1.0,1.0,1.0,1.0
2017-11-09,1.610192705965562,1.0,1.0,1.0,1.0,1.0,1.0,1.0
2017-11-10,1.6044715519797175,1.0,1.0,1.0,1.0,1.0,1.0,1.0
2017-11-13,1.5978172984625554,1.0,1.0,1.0,1.0,1.0,1.0,1.0
2017-11-14,1.592064661968844,1.0,1.0,1.0,1.0,1.0,1.0,1.0
2017-11-15,1.5533039060251896,1.0,1.0,1.0,1.0,1.0,1.0,1.0
2017-11-16,1.5729799928331896,1.0,1.0,1.0,1.0,1.0,1.0,1.0
2017-11-17,1.5785800116959268,1.0,1.0,1.0,1.0,1.0,1.0,1.0
2017-11-20,1.5862726262578777,1.0,1.0,1.0,1.0,1.0,1.0,1.0
2017-11-21,1.5992047477097981,1.0,1.0,1.0,1.0,1.0,1.0,1.0
2017-11-22,1.6061794693128315,1.0,1.0,1.0,1.0,1.0,1.0,1.0
2017-11-23,1.6061794693128315,1.0,1.0,1.0,1.0,1.0,1.0,1.0
2017-11-24,1.6104865126304337,1.0,1.0,1.0,1.0,1.0,1.0,1.0
2017-11-27,1.6113283502516806,1.0,1.0,1.0,1.0,1.0,1.0,1.0
2017-11-28,1.6056175332219442,1.0,1.0,1.0,1.0,1.0,1.0,1.0
2017-11-29,1.615768640207956,1.0,1.0,1.0,1.0,1.0,1.0,1.0
2017-11-30,1.6194664697226941,1.0,1.0,1.0,1.0,1.0,1.0,1.0
2017-12-01,1.621958081624837,1.0,1.0,1.0,1.0,1.0,1.0,1.0
2017-12-04,1.612811096695264,1.0,1.0,1.0,1.0,1.0,1.0,1.0
2017-12-05,1.613289742083478,1.0,1.0,1.0,1.0,1.0,1.0,1.0
2017-12-06,1.5933251110823465,1.0,1.0,1.0,1.0,1.0,1.0,1.0
2017-12-07,1.6183985056459678,1.0,1.0,1.0,1.0,1.0,1.0,1.0
2017-12-08,1.6316440059464092,1.0,1.0,1.0,1.0,1.0,1.0,1.0
2017-12-11,1.6409288425024309,1.0,1.0,1.0,1.0,1.0,1.0,1.0
2017-12-12,1.6385561506066555,1.0,1.0,1.0,1.0,1.0,1.0,1.0
2017-12-13,1.6323010463584338,1.0,1.0,1.0,1.0,1.0,1.0,1.0
2017-12-14,1.6425108657291936,1.0,1.0,1.0,1.0,1.0,1.0,1.0
2017-12-15,1.6379651947856582,1.0,1.0,1.0,1.0,1.0,1.0,1.0
2017-12-18,1.6522796518141922,1.0,1.0,1.0,1.0,1.0,1.0,1.0
2017-12-19,1.6495978542617442,1.0,1.0,1.0,1.0,1.0,1.0,1.0
2017-12-20,1.6553606747728205,1.0,1.0,1.0,1.0,1.0,1.0,1.0
2017-12-21,1.6630273668512559,1.0,1.0,1.0,1.0,1.0,1.0,1.0
2017-12-22,1.6674390595449398,1.0,1.0,1.0,1.0,1.0,1.0,1.0
2017-12-25,1.667709565430113,1.0,1.0,1.0,1.0,1.0,1.0,1.0
2017-12-26,1.6655417693072418,1.0,1.0,1.0,1.0,1.0,1.0,1.0
2017-12-27,1.6812245550838134,1.0,1.0,1.0,1.0,1.0,1.0,1.0
2017-12-28,1.674108230174779,1.0,1.0,1.0,1.0,1.0,1.0,1.0
2017-12-29,1.676519614794532,1.0,1.0,1.0,1.0,1.0,1.0,1.0
2018-01-01,1.676519614794532,1.0,1.0,1.0,1.0,1.0,1.0,1.0
2018-01-02,1.676519614794532,1.0,1.0,1.0,1.0,1.0,1.0,1.0
2018-01-03,1.676519614794532,1.0,1.0,1.0,1.0,1.0,1.0,1.0
2018-01-04,1.708362983299673,1.0,1.0,1.0,1.0,1.0,1.0,1.0
2018-01-05,1.718358283894918,1.0,1.0,1.0,1.0,1.0,1.0,1.0
2018-01-08,1.718358283894918,1.0,1.0,1.0,1.0,1.0,1.0,1.0
2018-01-09,1.7285726369869465,1.0,1.0,1.0,1.0,1.0,1.0,1.0
2018-01-10,1.727269377470451,1.0,1.0,1.0,1.0,1.0,1.0,1.0
2018-01-11,1.726334354247347,1.0,1.0,1.0,1.0,1.0,1.0,1.0
2018-01-12,1.7227836559191008,1.0,1.0,1.0,1.0,1.0,1.0,1.0
2018-01-15,1.731266424201691,1.0,1.0,1.0,1.0,1.0,1.0,1.0
2018-01-16,1.7365456625574716,1.0,1.0,1.0,1.0,1.0,1.0,1.0
2018-01-17,1.7304818110703277,1.0,1.0,1.0,1.0,1.0,1.0,1.0
2018-01-18,1.716919080018607,1.0,1.0,1.0,1.0,1.0,1.0,1.0
2018-01-19,1.7305098650708626,1.0,1.0,1.0,1.0,1.0,1.0,1.0
2018-01-22,1.736349046811501,1.0,1.0,1.0,1.0,1.0,1.0,1.0
2018-01-23,1.7525922855848381,1.0,1.0,1.0,1.0,1.0,1.0,1.0
2018-01-24,1.7508332297717872,1.0,1.0,1.0,1.0,1.0,1.0,1.0
2018-01-25,1.7385585562767383,1.0,1.0,1.0,1.0,1.0,1.0,1.0
2018-01-26,1.7409924142806505,1.0,1.0,1.0,1.0,1.0,1.0,1.0
2018-01-29,1.746198195767058,1.0,1.0,1.0,1.0,1.0,1.0,1.0
2018-01-30,1.7243582046326336,1.0,1.0,1.0,1.0,1.0,1.0,1.0
2018-01-31,1.7114490128405186,1.0,1.0,1.0,1.0,1.0,1.0,1.0
2018-02-01,1.7397393318856584,1.0,1.0,1.0,1.0,1.0,1.0,1.0
2018-02-02,1.736269400068927,1.0,1.0,1.0,1.0,1.0,1.0,1.0
2018-02-05,1.6937471827941866,1.0,1.0,1.0,1.0,1.0,1.0,1.0
2018-02-06,1.5953171122893484,1.0,1.0,1.0,1.0,1.0,1.0,1.0
2018-02-07,1.6003969019146917,1.0,1.0,1.0,1.0,1.0,1.0,1.0
2018-02-08,1.6189611556990473,1.0,1.0,1.0,1.0,1.0,1.0,1.0
2018-02-09,1.5904112053345352,1.0,1.0,1.0,1.0,1.0,1.0,1.0
2018-02-12,1.5904112053345352,1.0,1.0,1.0,1.0,1.0,1.0,1.0
2018-02-13,1.5791009292610487,1.0,1.0,1.0,1.0,1.0,1.0,1.0
2018-02-14,1.558630686568769,1.0,1.0,1.0,1.0,1.0,1.0,1.0
2018-02-15,1.5755457868208904,1.0,1.0,1.0,1.0,1.0,1.0,1.0
2018-02-16,1.5991248037593186,1.0,1.0,1.0,1.0,1.0,1.0,1.0
2018-02-19,1.6424310461607632,1.0,1.0,1.0,1.0,1.0,1.0,1.0
2018-02-20,1.640528645154435,1.0,1.0,1.0,1.0,1.0,1.0,1.0
2018-02-21,1.6471809744761194,1.0,1.0,1.0,1.0,1.0,1.0,1.0
2018-02-22,1.6354158715448115,1.0,1.0,1.0,1.0,1.0,1.0,1.0
2018-02-23,1.650666572523077,1.0,1.0,1.0,1.0,1.0,1.0,1.0
2018-02-26,1.6610712504860072,1.0,1.0,1.0,1.0,1.0,1.0,1.0
2018-02-27,1.668623902523049,1.0,1.0,1.0,1.0,1.0,1.0,1.0
2018-02-28,1.6618542048761489,1.0,1.0,1.0,1.0,1.0,1.0,1.0
2018-03-01,1.6376036345550244,1.0,1.0,1.0,1.0,1.0,1.0,1.0
2018-03-02,1.611341887976405,1.0,1.0,1.0,1.0,1.0,1.0,1.0
2018-03-05,1.5863174309371175,1.0,1.0,1.0,1.0,1.0,1.0,1.0
2018-03-06,1.6136995935498417,1.0,1.0,1.0,1.0,1.0,1.0,1.0
2018-03-07,1.6020952544446376,1.0,1.0,1.0,1.0,1.0,1.0,1.0
2018-03-08,1.6079395084308392,1.0,1.0,1.0,1.0,1.0,1.0,1.0
2018-03-09,1.6146836072744575,1.0,1.0,1.0,1.0,1.0,1.0,1.0
2018-03-12,1.6370796434032802,1.0,1.0,1.0,1.0,1.0,1.0,1.0
2018-03-13,1.6505183529955831,1.0,1.0,1.0,1.0,1.0,1.0,1.0
2018-03-14,1.6460066935932924,1.0,1.0,1.0,1.0,1.0,1.0,1.0
2018-03-15,1.64577476910081,1.0,1.0,1.0,1.0,1.0,1.0,1.0
2018-03-16,1.6393744969978559,1.0,1.0,1.0,1.0,1.0,1.0,1.0
2018-03-19,1.6165454367200127,1.0,1.0,1.0,1.0,1.0,1.0,1.0
2018-03-20,1.6122336530857295,1.0,1.0,1.0,1.0,1.0,1.0,1.0
2018-03-21,1.6122336530857295,1.0,1.0,1.0,1.0,1.0,1.0,1.0
2018-03-22,1.6215336956141033,1.0,1.0,1.0,1.0,1.0,1.0,1.0
2018-03-23,1.5589862588208525,1.0,1.0,1.0,1.0,1.0,1.0,1.0
2018-03-26,1.563501591678626,1.0,1.0,1.0,1.0,1.0,1.0,1.0
2018-03-27,1.6042174774680584,1.0,1.0,1.0,1.0,1.0,1.0,1.0
2018-03-28,1.6046091633668715,1.0,1.0,1.0,1.0,1.0,1.0,1.0
2018-03-29,1.6148753436914198,1.0,1.0,1.0,1.0,1.0,1.0,1.0
2018-03-30,1.6316677366257304,1.0,1.0,1.0,1.0,1.0,1.0,1.0
2018-04-02,1.626811562859609,1.0,1.0,1.0,1.0,1.0,1.0,1.0
2018-04-03,1.6215139626748536,1.0,1.0,1.0,1.0,1.0,1.0,1.0
2018-04-04,1.6278386182148032,1.0,1.0,1.0,1.0,1.0,1.0,1.0
2018-04-05,1.636479213407346,1.0,1.0,1.0,1.0,1.0,1.0,1.0
2018-04-06,1.6320749468936444,1.0,1.0,1.0,1.0,1.0,1.0,1.0
2018-04-09,1.6350923297409292,1.0,1.0,1.0,1.0,1.0,1.0,1.0
2018-04-10,1.6405622081092273,1.0,1.0,1.0,1.0,1.0,1.0,1.0
2018-04-11,1.6313880772898748,1.0,1.0,1.0,1.0,1.0,1.0,1.0
2018-04-12,1.6247107873522826,1.0,1.0,1.0,1.0,1.0,1.0,1.0
2018-04-13,1.6354695156694596,1.0,1.0,1.0,1.0,1.0,1.0,1.0
2018-04-16,1.6366932886245753,1.0,1.0,1.0,1.0,1.0,1.0,1.0
2018-04-17,1.627148124173659,1.0,1.0,1.0,1.0,1.0,1.0,1.0
2018-04-18,1.6489842130813392,1.0,1.0,1.0,1.0,1.0,1.0,1.0
2018-04-19,1.654080677952363,1.0,1.0,1.0,1.0,1.0,1.0,1.0
2018-04-20,1.6572104483536116,1.0,1.0,1.0,1.0,1.0,1.0,1.0
2018-04-23,1.655855604969479,1.0,1.0,1.0,1.0,1.0,1.0,1.0
2018-04-24,1.667787607574635,1.0,1.0,1.0,1.0,1.0,1.0,1.0
2018-04-25,1.6667560500016774,1.0,1.0,1.0,1.0,1.0,1.0,1.0
2018-04-26,1.6719065745515067,1.0,1.0,1.0,1.0,1.0,1.0,1.0
2018-04-27,1.6757702308563303,1.0,1.0,1.0,1.0,1.0,1.0,1.0
2018-04-30,1.6757702308563303,1.0,1.0,1.0,1.0,1.0,1.0,1.0
2018-05-01,1.6722606602642285,1.0,1.0,1.0,1.0,1.0,1.0,1.0
2018-05-02,1.6767071104912663,1.0,1.0,1.0,1.0,1.0,1.0,1.0
2018-05-03,1.6767071104912663,1.0,1.0,1.0,1.0,1.0,1.0,1.0
2018-05-04,1.6767071104912663,1.0,1.0,1.0,1.0,1.0,1.0,1.0
2018-05-07,1.6799474139365513,1.0,1.0,1.0,1.0,1.0,1.0,1.0
2018-05-08,1.688385281094821,1.0,1.0,1.0,1.0,1.0,1.0,1.0
2018-05-09,1.6837689520056558,1.0,1.0,1.0,1.0,1.0,1.0,1.0
2018-05-10,1.6857140031826714,1.0,1.0,1.0,1.0,1.0,1.0,1.0
2018-05-11,1.699956887791493,1.0,1.0,1.0,1.0,1.0,1.0,1.0
2018-05-14,1.7064135871457404,1.0,1.0,1.0,1.0,1.0,1.0,1.0
2018-05-15,1.7078182440105243,1.0,1.0,1.0,1.0,1.0,1.0,1.0
2018-05-16,1.7043216388732678,1.0,1.0,1.0,1.0,1.0,1.0,1.0
2018-05-17,1.7130440266365554,1.0,1.0,1.0,1.0,1.0,1.0,1.0
2018-05-18,1.718102220739272,1.0,1.0,1.0,1.0,1.0,1.0,1.0
2018-05-21,1.7233459330962064,1.0,1.0,1.0,1.0,1.0,1.0,1.0
2018-05-22,1.7187264621778244,1.0,1.0,1.0,1.0,1.0,1.0,1.0
2018-05-23,1.712751164101931,1.0,1.0,1.0,1.0,1.0,1.0,1.0
2018-05-24,1.6936372880589476,1.0,1.0,1.0,1.0,1.0,1.0,1.0
2018-05-25,1.687394898905281,1.0,1.0,1.0,1.0,1.0,1.0,1.0
2018-05-28,1.6857316869921852,1.0,1.0,1.0,1.0,1.0,1.0,1.0
2018-05-29,1.6732245170405429,1.0,1.0,1.0,1.0,1.0,1.0,1.0
2018-05-30,1.6514570202875551,1.0,1.0,1.0,1.0,1.0,1.0,1.0
2018-05-31,1.6624464994097492,1.0,1.0,1.0,1.0,1.0,1.0,1.0
2018-06-01,1.6638524675582527,1.0,1.0,1.0,1.0,1.0,1.0,1.0
2018-06-04,1.684395790243278,1.0,1.0,1.0,1.0,1.0,1.0,1.0
2018-06-05,1.682240111596437,1.0,1.0,1.0,1.0,1.0,1.0,1.0
2018-06-06,1.6803199603421493,1.0,1.0,1.0,1.0,1.0,1.0,1.0
2018-06-07,1.6951304252521575,1.0,1.0,1.0,1.0,1.0,1.0,1.0
2018-06-08,1.6928897768841014,1.0,1.0,1.0,1.0,1.0,1.0,1.0
2018-06-11,1.6984552636277037,1.0,1.0,1.0,1.0,1.0,1.0,1.0
2018-06-12,1.7050862704460295,1.0,1.0,1.0,1.0,1.0,1.0,1.0
2018-06-13,1.7098817134608308,1.0,1.0,1.0,1.0,1.0,1.0,1.0
2018-06-14,1.697182240912653,1.0,1.0,1.0,1.0,1.0,1.0,1.0
2018-06-15,1.6954213155845992,1.0,1.0,1.0,1.0,1.0,1.0,1.0
2018-06-18,1.678841663826823,1.0,1.0,1.0,1.0,1.0,1.0,1.0
2018-06-19,1.6495468499757853,1.0,1.0,1.0,1.0,1.0,1.0,1.0
2018-06-20,1.657294307621042,1.0,1.0,1.0,1.0,1.0,1.0,1.0
2018-06-21,1.6558323600394858,1.0,1.0,1.0,1.0,1.0,1.0,1.0
2018-06-22,1.6558243642005996,1.0,1.0,1.0,1.0,1.0,1.0,1.0
2018-06-25,1.6325953622144356,1.0,1.0,1.0,1.0,1.0,1.0,1.0
2018-06-26,1.6358396016242598,1.0,1.0,1.0,1.0,1.0,1.0,1.0
2018-06-27,1.6447766239623627,1.0,1.0,1.0,1.0,1.0,1.0,1.0
2018-06-28,1.6378462375596978,1.0,1.0,1.0,1.0,1.0,1.0,1.0
2018-06-29,1.6448726666312774,1.0,1.0,1.0,1.0,1.0,1.0,1.0
2018-07-02,1.6055228031994182,1.0,1.0,1.0,1.0,1.0,1.0,1.0
2018-07-03,1.5953486184177312,1.0,1.0,1.0,1.0,1.0,1.0,1.0
2018-07-04,1.5915217932515866,1.0,1.0,1.0,1.0,1.0,1.0,1.0
2018-07-05,1.5643289147984916,1.0,1.0,1.0,1.0,1.0,1.0,1.0
2018-07-06,1.586507720018832,1.0,1.0,1.0,1.0,1.0,1.0,1.0
2018-07-09,1.6098600023354883,1.0,1.0,1.0,1.0,1.0,1.0,1.0
2018-07-10,1.6131004052708016,1.0,1.0,1.0,1.0,1.0,1.0,1.0
2018-07-11,1.5982009928017473,1.0,1.0,1.0,1.0,1.0,1.0,1.0
2018-07-12,1.6025843179791683,1.0,1.0,1.0,1.0,1.0,1.0,1.0
2018-07-13,1.6184995615695255,1.0,1.0,1.0,1.0,1.0,1.0,1.0
2018-07-16,1.6184995615695255,1.0,1.0,1.0,1.0,1.0,1.0,1.0
2018-07-17,1.6300477088941914,1.0,1.0,1.0,1.0,1.0,1.0,1.0
2018-07-18,1.6397392067800185,1.0,1.0,1.0,1.0,1.0,1.0,1.0
2018-07-19,1.639222810781543,1.0,1.0,1.0,1.0,1.0,1.0,1.0
2018-07-20,1.6318638788741802,1.0,1.0,1.0,1.0,1.0,1.0,1.0
2018-07-23,1.6259801249511665,1.0,1.0,1.0,1.0,1.0,1.0,1.0
2018-07-24,1.6398225747395934,1.0,1.0,1.0,1.0,1.0,1.0,1.0
2018-07-25,1.6481851737355566,1.0,1.0,1.0,1.0,1.0,1.0,1.0
2018-07-26,1.6639173212594898,1.0,1.0,1.0,1.0,1.0,1.0,1.0
2018-07-27,1.6707356334376,1.0,1.0,1.0,1.0,1.0,1.0,1.0
2018-07-30,1.6607075378048026,1.0,1.0,1.0,1.0,1.0,1.0,1.0
2018-07-31,1.6486589894712251,1.0,1.0,1.0,1.0,1.0,1.0,1.0
2018-08-01,1.6578797162270051,1.0,1.0,1.0,1.0,1.0,1.0,1.0
2018-08-02,1.6435576055920078,1.0,1.0,1.0,1.0,1.0,1.0,1.0
2018-08-03,1.6292081666240377,1.0,1.0,1.0,1.0,1.0,1.0,1.0
2018-08-06,1.615407772376473,1.0,1.0,1.0,1.0,1.0,1.0,1.0
2018-08-07,1.6240829837829889,1.0,1.0,1.0,1.0,1.0,1.0,1.0
2018-08-08,1.6287906548277526,1.0,1.0,1.0,1.0,1.0,1.0,1.0
2018-08-09,1.6285144196073507,1.0,1.0,1.0,1.0,1.0,1.0,1.0
2018-08-10,1.613167162556997,1.0,1.0,1.0,1.0,1.0,1.0,1.0
2018-08-13,1.574468411901668,1.0,1.0,1.0,1.0,1.0,1.0,1.0
2018-08-14,1.5993959578472932,1.0,1.0,1.0,1.0,1.0,1.0,1.0
2018-08-15,1.5807633941197237,1.0,1.0,1.0,1.0,1.0,1.0,1.0
2018-08-16,1.5603503043762068,1.0,1.0,1.0,1.0,1.0,1.0,1.0
2018-08-17,1.5735254282398259,1.0,1.0,1.0,1.0,1.0,1.0,1.0
2018-08-20,1.5604889182138733,1.0,1.0,1.0,1.0,1.0,1.0,1.0
2018-08-21,1.5535867543382862,1.0,1.0,1.0,1.0,1.0,1.0,1.0
2018-08-22,1.5737105526115662,1.0,1.0,1.0,1.0,1.0,1.0,1.0
2018-08-23,1.581048778456134,1.0,1.0,1.0,1.0,1.0,1.0,1.0
2018-08-24,1.592400652970617,1.0,1.0,1.0,1.0,1.0,1.0,1.0
2018-08-27,1.6167397622018331,1.0,1.0,1.0,1.0,1.0,1.0,1.0
2018-08-28,1.6164662840269493,1.0,1.0,1.0,1.0,1.0,1.0,1.0
2018-08-29,1.6261534446388284,1.0,1.0,1.0,1.0,1.0,1.0,1.0
2018-08-30,1.6354603412227062,1.0,1.0,1.0,1.0,1.0,1.0,1.0
2018-08-31,1.632226396236533,1.0,1.0,1.0,1.0,1.0,1.0,1.0
2018-09-03,1.6123978932923315,1.0,1.0,1.0,1.0,1.0,1.0,1.0
2018-09-04,1.6131988165182507,1.0,1.0,1.0,1.0,1.0,1.0,1.0
2018-09-05,1.6071137177042762,1.0,1.0,1.0,1.0,1.0,1.0,1.0
2018-09-06,1.5935110473257752,1.0,1.0,1.0,1.0,1.0,1.0,1.0
2018-09-07,1.5821625635741654,1.0,1.0,1.0,1.0,1.0,1.0,1.0
2018-09-10,1.5830739526501347,1.0,1.0,1.0,1.0,1.0,1.0,1.0
2018-09-11,1.5864299800049795,1.0,1.0,1.0,1.0,1.0,1.0,1.0
2018-09-12,1.5719101174161791,1.0,1.0,1.0,1.0,1.0,1.0,1.0
2018-09-13,1.5844309471195652,1.0,1.0,1.0,1.0,1.0,1.0,1.0
2018-09-14,1.6063616393364282,1.0,1.0,1.0,1.0,1.0,1.0,1.0
2018-09-17,1.6063616393364282,1.0,1.0,1.0,1.0,1.0,1.0,1.0
2018-09-18,1.6328942732341887,1.0,1.0,1.0,1.0,1.0,1.0,1.0
2018-09-19,1.6564617715732268,1.0,1.0,1.0,1.0,1.0,1.0,1.0
2018-09-20,1.6564104880788955,1.0,1.0,1.0,1.0,1.0,1.0,1.0
2018-09-21,1.677039568735727,1.0,1.0,1.0,1.0,1.0,1.0,1.0
2018-09-24,1.677039568735727,1.0,1.0,1.0,1.0,1.0,1.0,1.0
2018-09-25,1.69986296338773,1.0,1.0,1.0,1.0,1.0,1.0,1.0
2018-09-26,1.7115654776673268,1.0,1.0,1.0,1.0,1.0,1.0,1.0
2018-09-27,1.688179104959193,1.0,1.0,1.0,1.0,1.0,1.0,1.0
2018-09-28,1.7011867807474472,1.0,1.0,1.0,1.0,1.0,1.0,1.0
2018-10-01,1.7027948576151442,1.0,1.0,1.0,1.0,1.0,1.0,1.0
2018-10-02,1.701821578871672,1.0,1.0,1.0,1.0,1.0,1.0,1.0
2018-10-03,1.68307486206784,1.0,1.0,1.0,1.0,1.0,1.0,1.0
2018-10-04,1.683363497759434,1.0,1.0,1.0,1.0,1.0,1.0,1.0
2018-10-05,1.6661546951007715,1.0,1.0,1.0,1.0,1.0,1.0,1.0
2018-10-08,1.6661546951007715,1.0,1.0,1.0,1.0,1.0,1.0,1.0
2018-10-09,1.6337034382665576,1.0,1.0,1.0,1.0,1.0,1.0,1.0
2018-10-10,1.6391346775251352,1.0,1.0,1.0,1.0,1.0,1.0,1.0
2018-10-11,1.5808893584547439,1.0,1.0,1.0,1.0,1.0,1.0,1.0
2018-10-12,1.5937871412615319,1.0,1.0,1.0,1.0,1.0,1.0,1.0
2018-10-15,1.5702332193592599,1.0,1.0,1.0,1.0,1.0,1.0,1.0
2018-10-16,1.573366601798826,1.0,1.0,1.0,1.0,1.0,1.0,1.0
2018-10-17,1.6038253092199528,1.0,1.0,1.0,1.0,1.0,1.0,1.0
2018-10-18,1.593250027858361,1.0,1.0,1.0,1.0,1.0,1.0,1.0
2018-10-19,1.5848935637868462,1.0,1.0,1.0,1.0,1.0,1.0,1.0
2018-10-22,1.5895959248941678,1.0,1.0,1.0,1.0,1.0,1.0,1.0
2018-10-23,1.5489804571259866,1.0,1.0,1.0,1.0,1.0,1.0,1.0
2018-10-24,1.5526703197668636,1.0,1.0,1.0,1.0,1.0,1.0,1.0
2018-10-25,1.4911915453844187,1.0,1.0,1.0,1.0,1.0,1.0,1.0
2018-10-26,1.4742866570912512,1.0,1.0,1.0,1.0,1.0,1.0,1.0
2018-10-29,1.4570040106510251,1.0,1.0,1.0,1.0,1.0,1.0,1.0
2018-10-30,1.4896315326696452,1.0,1.0,1.0,1.0,1.0,1.0,1.0
2018-10-31,1.5283930934356855,1.0,1.0,1.0,1.0,1.0,1.0,1.0
2018-11-01,1.5288122485656988,0.9859137603729222,0.9859137603729222,0.9859137603729222,0.9859137603729222,0.9996866342520735,0.993648743342429,0.9859137603729222
2018-11-02,1.5565362442365664,0.9936908820127147,0.9936908820127147,0.9936908820127147,0.9936908820127147,1.015304779127523,1.0034854297877844,0.9936908820127147
2018-11-05,1.547724994392188,0.9784265642055023,0.9784265642055023,0.9784265642055023,0.9784265642055023,1.011506560163361,0.9945632242592437,0.9784265642055023
2018-11-06,1.5567842048128644,0.9851168101961305,0.9851168101961305,0.9851168101961305,0.9851168101961305,1.0173725832750056,1.0078492321101398,0.9851168101961305
2018-11-07,1.5560769227978128,0.9777260799482056,0.9777260799482056,0.9777260799482056,0.9777260799482056,1.0109891346507076,0.9996850914649731,0.9777260799482056
2018-11-08,1.5814501530383707,1.0002836709295293,1.0002836709295293,1.0002836709295293,1.0002836709295293,1.029095526913408,1.01580917369964,1.0002836709295293
2018-11-09,1.576665453298324,0.9895938958865358,0.9895938958865358,0.9895938958865358,0.9895938958865358,1.024205055173889,1.0129564115454448,0.9895938958865358
2018-11-12,1.5696681370301282,0.9867101583440553,0.9867101583440553,0.9867101583440553,0.9867101583440553,1.0160959178267597,1.0073819246291527,0.9867101583440553
2018-11-13,1.539097943729732,0.9627005252956333,0.9627005252956333,0.9627005252956333,0.9627005252956333,0.9988793990562594,0.9866394079418258,0.9627005252956333
2018-11-14,1.5340365229130228,0.9568513990465081,0.9568513990465081,0.9568513990465081,0.9568513990465081,1.0005880851079658,0.9908380788440634,0.9568513990465081
2018-11-15,1.5373158961777926,0.9562125408244695,0.9562125408244695,0.9562125408244695,0.9562125408244695,0.9978223417983493,0.9925705096180021,0.9562125408244695
2018-11-16,1.5212892445266213,0.9541339783861151,0.9541339783861151,0.9541339783861151,0.9541339783861151,0.982118892556316,0.9852378735196247,0.9541339783861151
2018-11-19,1.5349245850416897,0.9565502051871385,0.9565502051871385,0.9565502051871385,0.9565502051871385,0.9849070076252843,0.9823879456998187,0.9565502051871385
2018-11-20,1.5187777100215192,0.9564037832388255,0.9564037832388255,0.9564037832388255,0.9564037832388255,0.9787247469782708,0.9814162499901191,0.9564037832388255
2018-11-21,1.511410443190314,0.9412433517443952,0.9412433517443952,0.9412433517443952,0.9412433517443952,0.9746112827645375,0.9728383377343272,0.9412433517443952
2018-11-22,1.5223845236725229,0.9505141111070962,0.9505141111070962,0.9505141111070962,0.9505141111070962,0.9758431236699197,0.9768820464137357,0.9505141111070962
2018-11-23,1.5223845236725229,0.9505141111070962,0.9505141111070962,0.9505141111070962,0.9505141111070962,0.9758431236699197,0.9768820464137357,0.9505141111070962
2018-11-26,1.5293766083211033,0.9511407399589807,0.9511407399589807,0.9511407399589807,0.9511407399589807,0.9812249429292168,0.9815662163029182,0.9511407399589807
2018-11-27,1.5414245695469093,0.9569843549593287,0.9569843549593287,0.9569843549593287,0.9569843549593287,0.9902885342534022,0.989892305477914,0.9569843549593287
2018-11-28,1.5588713345889154,0.9604527564886254,0.9604527564886254,0.9604527564886254,0.9604527564886254,0.9986617687472498,0.9912027940371226,0.9604527564886254
2018-11-29,1.5687124161625874,0.9592843226033577,0.9592843226033577,0.9592843226033577,0.9592843226033577,0.9992993391124877,0.9929663320344334,0.9592843226033577
2018-11-30,1.5770538321628103,0.9597755331685649,0.9597755331685649,0.9597755331685649,0.9597755331685649,1.0012107748684569,0.9937376223391815,0.9597755331685649
2018-12-03,1.5970935862614657,0.9742174902243657,0.9742174902243657,0.9742174902243657,0.9742174902243657,1.0123467478836479,1.0042865211063314,0.9742174902243657
2018-12-04,1.5605513913100217,0.9515606556143804,0.9515606556143804,0.9515606556143804,0.9515606556143804,0.9874991983069797,0.9878828261691669,0.9515606556143804
2018-12-05,1.5487497112711184,0.9516293741841619,0.9516293741841619,0.9516293741841619,0.9516293741841619,0.9797530191023661,0.9821566981757196,0.9516293741841619
2018-12-06,1.5183815398172897,0.9362686897701104,0.9362686897701104,0.9362686897701104,0.9362686897701104,0.9624944443118453,0.9689422432182142,0.9362686897701104
2018-12-07,1.521372633424125,0.9446256834369751,0.9446256834369751,0.9446256834369751,0.9446256834369751,0.9593387073552115,0.9696205060021083,0.9446256834369751
2018-12-10,1.4850399181344716,0.9310053889289314,0.9310053889289314,0.9310053889289314,0.9310053889289314,0.9430212086906913,0.9537150051128579,0.9310053889289314
2018-12-11,1.4603040428002383,0.9160755765352163,0.9160755765352163,0.9160755765352163,0.9160755765352163,0.9271937033277677,0.9416315028970313,0.9160755765352163
2018-12-12,1.4899959316617164,0.9291576061250273,0.9291576061250273,0.9291576061250273,0.9291576061250273,0.9419548854115263,0.9552307371979436,0.9291576061250273
2018-12-13,1.507740104328879,0.9386969148433103,0.9386969148433103,0.9386969148433103,0.9386969148433103,0.9545865542424969,0.9645578311383893,0.9386969148433103
2018-12-14,1.48017982060126,0.9289057127111128,0.9289057127111128,0.9289057127111128,0.9289057127111128,0.9395117484702866,0.9542851889928015,0.9289057127111128
2018-12-17,1.4679563382638892,0.9285374305041535,0.9285374305041535,0.9285374305041535,0.9285374305041535,0.9377636669809059,0.9524663508694962,0.9285374305041535
2018-12-18,1.4315966321221945,0.9141368207841922,0.9141368207841922,0.9141368207841922,0.9141368207841922,0.9272620835776949,0.937130509913786,0.9141368207841922
2018-12-19,1.432073393015942,0.9052410049438305,0.9052410049438305,0.9052410049438305,0.9052410049438305,0.9209788009516107,0.9312689263285385,0.9052410049438305
2018-12-20,1.382877235991387,0.8831358439783753,0.8831358439783753,0.8831358439783753,0.8831358439783753,0.8952044542393826,0.9095048962961548,0.8831358439783753
2018-12-21,1.3518698998775776,0.8666857514399432,0.8666857514399432,0.8666857514399432,0.8666857514399432,0.880525676459333,0.8910828709115947,0.8666857514399432
2018-12-24,1.3518698998775776,0.8666857514399432,0.8666857514399432,0.8666857514399432,0.8666857514399432,0.880525676459333,0.8910828709115947,0.8666857514399432
2018-12-25,1.2769431123233932,0.8250417196423555,0.8250417196423555,0.8250417196423555,0.8250417196423555,0.8457052315963707,0.855073149364121,0.8250417196423555
2018-12-26,1.3036332955161058,0.8366913567226335,0.8366913567226335,0.8366913567226335,0.8366913567226335,0.8590193580100952,0.8691004447183313,0.8366913567226335
2018-12-27,1.3800566538615318,0.8797316011569447,0.8797316011569447,0.8797316011569447,0.8797316011569447,0.8957602073325496,0.9075773165650464,0.8797316011569447
2018-12-28,1.3745063916038467,0.8772944683970518,0.8772944683970518,0.8772944683970518,0.8772944683970518,0.8999263863564455,0.9067106025479286,0.8772944683970518
2018-12-31,1.3745063916038467,0.8772944683970518,0.8772944683970518,0.8772944683970518,0.8772944683970518,0.8999263863564455,0.9067106025479286,0.8772944683970518
2019-01-04,1.3529512050858559,0.8740845091203351,0.8740845091203351,0.8740845091203351,0.8740845091203351,0.8827638662529254,0.8956709934852204,0.8740845091203351
2019-01-07,1.397555821173964,0.8938012250589573,0.8938012250589573,0.8938012250589573,0.8938012250589573,0.9109745085549209,0.9218423856092298,0.8938012250589573
2019-01-08,1.4069957317839858,0.8949405220703751,0.8949405220703751,0.8949405220703751,0.8949405220703751,0.9156828039357063,0.9227044090914355,0.8949405220703751
2019-01-09,1.4166356398579132,0.9031454802257907,0.9031454802257907,0.9031454802257907,0.9031454802257907,0.9208255744886618,0.9305387058515863,0.9031454802257907
2019-01-10,1.4030974278988508,0.8963351285820311,0.8963351285820311,0.8963351285820311,0.8963351285820311,0.9190438618167738,0.9264402561432604,0.8963351285820311
2019-01-11,1.4068263623536028,0.9001978484408627,0.9001978484408627,0.9001978484408627,0.9001978484408627,0.9249041061074589,0.929324980353592,0.9001978484408627
2019-01-15,1.4247865211543154,0.9049704785828805,0.9049704785828805,0.9049704785828805,0.9049704785828805,0.9365796337672763,0.9357772621730347,0.9049704785828805
2019-01-16,1.4189383093401813,0.9008933469371655,0.9008933469371655,0.9008933469371655,0.9008933469371655,0.9351903437455771,0.9353217152948475,0.9008933469371655
2019-01-17,1.4283246053627467,0.9040827412883019,0.9040827412883019,0.9040827412883019,0.9040827412883019,0.9388181944980439,0.9384324795744488,0.9040827412883019
2019-01-18,1.4447394329664525,0.9109573646229863,0.9109573646229863,0.9109573646229863,0.9109573646229863,0.9492303198128561,0.9448822680550507,0.9109573646229863
2019-01-21,1.4532932638050633,0.9173469454451937,0.9173469454451937,0.9173469454451937,0.9173469454451937,0.9620295845377625,0.9563575254910405,0.9173469454451937
2019-01-22,1.441535853497912,0.9111356218503965,0.9111356218503965,0.9111356218503965,0.9111356218503965,0.953131905269226,0.9504643440691501,0.9111356218503965
2019-01-23,1.432113646290412,0.9058332350021846,0.9058332350021846,0.9058332350021846,0.9058332350021846,0.9485885978934443,0.9446795260588888,0.9058332350021846
2019-01-24,1.4432784821507456,0.9183603557841299,0.9183603557841299,0.9183603557841299,0.9183603557841299,0.9578259338180923,0.9513796869130252,0.9183603557841299
2019-01-25,1.4569865999295244,0.9225284391522468,0.9225284391522468,0.9225284391522468,0.9225284391522468,0.96804870157936,0.9558279366010192,0.9225284391522468
2019-01-28,1.449711408968163,0.9168494873857828,0.9168494873857828,0.9168494873857828,0.9168494873857828,0.9622185007830008,0.950897670361463,0.9168494873857828
2019-01-29,1.4510910691003003,0.9199628957600694,0.9199628957600694,0.9199628957600694,0.9199628957600694,0.9614582511381963,0.9526957762221592,0.9199628957600694
2019-01-30,1.4337333191064308,0.9156579778224554,0.9156579778224554,0.9156579778224554,0.9156579778224554,0.9546360169553489,0.9469081819573404,0.9156579778224554
2019-01-31,1.4554046890108197,0.9263636148600637,0.9263636148600637,0.9263636148600637,0.9263636148600637,0.9638440757581384,0.9568259546367072,0.9263636148600637
2019-02-01,1.4515922766189802,0.9183793822381077,0.9183793822381077,0.9183793822381077,0.9183793822381077,0.9610339051314983,0.952954440007891,0.9183793822381077
2019-02-04,1.479432144653917,0.9189072477403417,0.9189072477403417,0.9189072477403417,0.9189072477403417,0.9770436330530178,0.9648896947723247,0.9189072477403417
2019-02-05,1.4858011395023667,0.916777576090449,0.916777576090449,0.916777576090449,0.916777576090449,0.9797415632784474,0.9676306995875467,0.916777576090449
2019-02-06,1.4846957136077268,0.912649689687369,0.912649689687369,0.912649689687369,0.912649689687369,0.9756800048123003,0.9644618985447132,0.912649689687369
2019-02-07,1.4692927022087323,0.9042722598194721,0.9042722598194721,0.9042722598194721,0.9042722598194721,0.9680281924068493,0.9563284558397696,0.9042722598194721
2019-02-08,1.4370134375295445,0.8795443110443941,0.8795443110443941,0.8795443110443941,0.8795443110443941,0.9413431288556579,0.9363105744408177,0.8795443110443941
2019-02-12,1.4710737877297901,0.8838808646635611,0.8838808646635611,0.8838808646635611,0.8838808646635611,0.9644272093679729,0.9504828911470885,0.8838808646635611
2019-02-13,1.4880583865561545,0.8885000236132141,0.8885000236132141,0.8885000236132141,0.8885000236132141,0.9749049078422539,0.9618112768872356,0.8885000236132141
2019-02-14,1.4879406212399182,0.8907068645593156,0.8907068645593156,0.8907068645593156,0.8907068645593156,0.9781577509091897,0.959572294004071,0.8907068645593156
2019-02-15,1.4752765209756258,0.8863652000810682,0.8863652000810682,0.8863652000810682,0.8863652000810682,0.9735816320450553,0.954252392980643,0.8863652000810682
2019-02-18,1.5033851361549817,0.899269255035794,0.899269255035794,0.899269255035794,0.899269255035794,0.9878741479366061,0.9682400505629282,0.899269255035794
2019-02-19,1.5065285832785291,0.900470798232783,0.900470798232783,0.900470798232783,0.900470798232783,0.9889946666207751,0.969085099851348,0.900470798232783
2019-02-20,1.5098306939872355,0.9027295226048735,0.9027295226048735,0.9027295226048735,0.9027295226048735,0.9865063937224168,0.9706043500037421,0.9027295226048735
2019-02-21,1.510055015698473,0.8999157186744462,0.8999157186744462,0.8999157186744462,0.8999157186744462,0.9875541112504451,0.9693621276485277,0.8999157186744462
2019-02-22,1.5063243377378555,0.8944801868984412,0.8944801868984412,0.8944801868984412,0.8944801868984412,0.9830786932004082,0.9646238135669901,0.8944801868984412
2019-02-25,1.519906201491805,0.8964938502581744,0.8964938502581744,0.8964938502581744,0.8964938502581744,0.9859562984490293,0.9675232161437302,0.8964938502581744
2019-02-26,1.5166276288928588,0.8945931937415997,0.8945931937415997,0.8945931937415997,0.8945931937415997,0.9857112727787,0.9669317970995058,0.8945931937415997
2019-02-27,1.5209962868140348,0.8946890802120739,0.8946890802120739,0.8946890802120739,0.8946890802120739,0.9863815943998998,0.9662820749327645,0.8946890802120739
2019-02-28,1.5100995718335035,0.8905918186249642,0.8905918186249642,0.8905918186249642,0.8905918186249642,0.9768041776172919,0.963458506488275,0.8905918186249642
2019-03-01,1.5169673015409428,0.894146585390668,0.894146585390668,0.894146585390668,0.894146585390668,0.9762534344823095,0.9611243379838336,0.894146585390668
2019-03-04,1.531218725754201,0.8987734693648101,0.8987734693648101,0.8987734693648101,0.8987734693648101,0.9854064248396087,0.9634404984896198,0.8987734693648101
2019-03-05,1.5217771514185827,0.8947586422989054,0.8947586422989054,0.8947586422989054,0.8947586422989054,0.979324006079174,0.9589179170796372,0.8947586422989054
2019-03-06,1.520536316102985,0.8918018925187513,0.8918018925187513,0.8918018925187513,0.8918018925187513,0.9766593462731475,0.9551478930855838,0.8918018925187513
2019-03-07,1.503892418718313,0.8878870655670381,0.8878870655670381,0.8878870655670381,0.8878870655670381,0.9656583056593728,0.948752204283941,0.8878870655670381
2019-03-08,1.4655463761953746,0.8743137528766036,0.8743137528766036,0.8743137528766036,0.8743137528766036,0.9440184807991315,0.9335008823130233,0.8743137528766036
2019-03-11,1.4700342954228927,0.8810258742879192,0.8810258742879192,0.8810258742879192,0.8810258742879192,0.9511623596850122,0.9418381425461905,0.8810258742879192
2019-03-12,1.4969472400730657,0.8901352883605933,0.8901352883605933,0.8901352883605933,0.8901352883605933,0.9662963585928178,0.9526096635717303,0.8901352883605933
2019-03-13,1.4832481945932159,0.8835345408613559,0.8835345408613559,0.8835345408613559,0.8835345408613559,0.9577683383165398,0.9438523266404424,0.8835345408613559
2019-03-14,1.4792729143166659,0.8827667248586689,0.8827667248586689,0.8827667248586689,0.8827667248586689,0.9580211685370665,0.9427960513737074,0.8827667248586689
2019-03-15,1.4871521833645163,0.8879267812162392,0.8879267812162392,0.8879267812162392,0.8879267812162392,0.961824068521192,0.9478673138454098,0.8879267812162392
2019-03-18,1.5000469105801155,0.890950908879159,0.890950908879159,0.890950908879159,0.890950908879159,0.9728215675093725,0.9559387702509848,0.890950908879159
2019-03-19,1.4989000858329282,0.8925883332465491,0.8925883332465491,0.8925883332465491,0.8925883332465491,0.9733192045468629,0.9568162084831435,0.8925883332465491
2019-03-20,1.5052076279795008,0.895784979273473,0.895784979273473,0.895784979273473,0.895784979273473,0.975604328315302,0.9610054090500127,0.895784979273473
2019-03-22,1.5133931956854525,0.8966326179071429,0.8966326179071429,0.8966326179071429,0.8966326179071429,0.9829720076940484,0.9653926604766143,0.8966326179071429
2019-03-25,1.4738717102593526,0.8785411111775763,0.8785411111775763,0.8785411111775763,0.8785411111775763,0.9616292679018006,0.946226711288307,0.8785411111775763
2019-03-26,1.5124525737658232,0.900324348283331,0.900324348283331,0.900324348283331,0.900324348283331,0.9812012179073687,0.966449817310347,0.900324348283331
2019-03-27,1.5255892632408325,0.8980906695251003,0.8980906695251003,0.8980906695251003,0.8980906695251003,0.9884213554811431,0.970472952378964,0.8980906695251003
2019-03-28,1.5021782177652458,0.8847213556500599,0.8847213556500599,0.8847213556500599,0.8847213556500599,0.9712222062550395,0.9530652572515108,0.8847213556500599
2019-03-29,1.512302793001424,0.889552428987355,0.889552428987355,0.889552428987355,0.889552428987355,0.9711263309475909,0.9526396740716001,0.889552428987355
2019-04-01,1.537947875073392,0.904368122866615,0.904368122866615,0.904368122866615,0.904368122866615,0.9899078212912172,0.9687790901843973,0.904368122866615
2019-04-02,1.5365344135914574,0.903733124456844,0.903733124456844,0.903733124456844,0.903733124456844,0.9970031144510885,0.972395170883992,0.903733124456844
2019-04-03,1.547704841992032,0.9046451886369116,0.9046451886369116,0.9046451886369116,0.9046451886369116,1.0051531378198182,0.9761289740569467,0.9046451886369116
2019-04-04,1.550808767723379,0.9014475684466677,0.9014475684466677,0.9014475684466677,0.9014475684466677,1.005598440496186,0.9758211326477703,0.9014475684466677
2019-04-05,1.5573307634850861,0.9066479691412315,0.9066479691412315,0.9066479691412315,0.9066479691412315,1.0127605938631377,0.9803375125894772,0.9066479691412315
2019-04-08,1.5507446456122458,0.9071857946247918,0.9071857946247918,0.9071857946247918,0.9071857946247918,1.003703889325834,0.9729792203105858,0.9071857946247918
2019-04-09,1.5433223822550237,0.9041674344069501,0.9041674344069501,0.9041674344069501,0.9041674344069501,1.000500625348717,0.9678347951305225,0.9041674344069501
2019-04-10,1.5384595149686222,0.8940801277232935,0.8940801277232935,0.8940801277232935,0.8940801277232935,0.9917192005466564,0.9611802541183414,0.8940801277232935
2019-04-11,1.5373303280267028,0.893177074622992,0.893177074622992,0.893177074622992,0.893177074622992,0.9911126100657967,0.9597381079255516,0.893177074622992
2019-04-12,1.5337753714000084,0.8889374180643052,0.8889374180643052,0.8889374180643052,0.8889374180643052,0.987689229392946,0.9571968073132271,0.8889374180643052
2019-04-15,1.5629900531339518,0.8987986502762648,0.8987986502762648,0.8987986502762648,0.8987986502762648,1.0016943625208963,0.9700982749584323,0.8987986502762648
2019-04-16,1.5579392827703844,0.8953444454451751,0.8953444454451751,0.8953444454451751,0.8953444454451751,0.9992647444295888,0.9665985567135766,0.8953444454451751
2019-04-17,1.564764565178719,0.8979608011376792,0.8979608011376792,0.8979608011376792,0.8979608011376792,1.0070995758873538,0.9705278243964384,0.8979608011376792
2019-04-18,1.541610110324562,0.8885670853727532,0.8885670853727532,0.8885670853727532,0.8885670853727532,0.9958112766754137,0.9604920736715542,0.8885670853727532
2019-04-19,1.5489970461199747,0.8871607287335234,0.8871607287335234,0.8871607287335234,0.8871607287335234,0.9981016190395962,0.9582894310031267,0.8871607287335234
2019-04-22,1.5474944015457068,0.8887829058263431,0.8887829058263431,0.8887829058263431,0.8887829058263431,0.998460230179444,0.9614034163947086,0.8887829058263431
2019-04-23,1.5500800203913019,0.8941230352395126,0.8941230352395126,0.8941230352395126,0.8941230352395126,0.9988035894883898,0.961642544778844,0.8941230352395126
2019-04-24,1.5408307889663624,0.8861473703304787,0.8861473703304787,0.8861473703304787,0.8861473703304787,0.987810245852961,0.9505724959163445,0.8861473703304787
2019-04-25,1.5512469007209946,0.8948048673081512,0.8948048673081512,0.8948048673081512,0.8948048673081512,0.991170676154861,0.9527720754029432,0.8948048673081512
2019-04-26,1.5449376506615244,0.8938300043057452,0.8938300043057452,0.8938300043057452,0.8938300043057452,0.9854746751617035,0.9491313365402609,0.8938300043057452
2019-05-07,1.5251732619046894,0.8836016316182197,0.878192335925764,0.8836016316182197,0.8836016316182197,0.9695568580520328,0.9381640667463821,0.8836016316182197
2019-05-08,1.4982707460910942,0.8763461379520694,0.8650614718691586,0.8763461379520694,0.8763461379520694,0.948891571142103,0.921302299526415,0.8763461379520694
2019-05-09,1.4704215816168358,0.8667672441253095,0.8511728568186541,0.8667672441253095,0.8667672441253095,0.9341332595047895,0.9106423196082117,0.8667672441253095
2019-05-10,1.4720521051992381,0.8615050218385335,0.8415401019257103,0.8615050218385335,0.8615050218385335,0.9322375017473762,0.9053036229876055,0.8615050218385335
2019-05-13,1.4582325005976786,0.8564564541891796,0.8281479698149279,0.8564564541891796,0.8564564541891796,0.9174860294580471,0.9021077184459453,0.8564564541891796
2019-05-14,1.453359944600463,0.855166816794517,0.8261174786391853,0.855166816794517,0.855166816794517,0.9151220781455842,0.8958241712412253,0.855166816794517
2019-05-15,1.4652407002577967,0.860833350919805,0.8309112748937444,0.860833350919805,0.860833350919805,0.9195400900403204,0.8989244307493339,0.860833350919805
2019-05-16,1.4556600172988334,0.858317251111843,0.8353441412255832,0.858317251111843,0.858317251111843,0.9142051032819823,0.8942518815563786,0.858317251111843
2019-05-17,1.4719771125745942,0.8714166325667343,0.8392657259744163,0.8714166325667343,0.8714166325667343,0.9247799687565702,0.9033137212837471,0.8714166325667343
2019-05-20,1.4643476428762594,0.8719099843795315,0.8365856709029375,0.8719099843795315,0.8719099843795315,0.9192501544927177,0.9011882408536922,0.8719099843795315
2019-05-21,1.4569606172878653,0.8710310470015108,0.8349710522431271,0.8710310470015108,0.8710310470015108,0.9171928401473785,0.901361356009937,0.8710310470015108
2019-05-22,1.4584030907561751,0.8700278369351822,0.8366433694101137,0.8700278369351822,0.8700278369351822,0.915083462327649,0.8980639137699813,0.8700278369351822
2019-05-23,1.4484110490280218,0.8690630411401987,0.8290247719019607,0.8690630411401987,0.8690630411401987,0.9085751773549824,0.8944116435169293,0.8690630411401987
2019-05-24,1.4504664045819384,0.8635844582368263,0.8289742155335598,0.8635844582368263,0.8635844582368263,0.9068852885760313,0.8888518966024418,0.8635844582368263
2019-05-27,1.4549632850396632,0.8645651315803325,0.8288346964167653,0.8645651315803325,0.8645651315803325,0.9078680517374315,0.8920230503107808,0.8645651315803325
2019-05-28,1.4601032573987855,0.8612436753816602,0.8314362997609214,0.8612436753816602,0.8612436753816602,0.9122820429413885,0.8918804296813819,0.8612436753816602
2019-05-29,1.4476918070766838,0.8588945648366222,0.825284018335494,0.8588945648366222,0.8588945648366222,0.9064744775420465,0.8860915152634682,0.8588945648366222
2019-05-30,1.4454949411087068,0.8573431549665577,0.8261726659633123,0.8573431549665577,0.8573431549665577,0.9083254483585774,0.8880751725516508,0.8573431549665577
2019-05-31,1.4293223301576432,0.847223364665815,0.8157192314015969,0.847223364665815,0.847223364665815,0.895438404551988,0.8751395135687297,0.847223364665815
2019-06-03,1.4041860900531746,0.8364817301891578,0.8037240185382678,0.8364817301891578,0.8364817301891578,0.8842144204983617,0.865742622488553,0.8364817301891578
2019-06-04,1.4162418186594314,0.8376387749941112,0.8114351599817868,0.8376387749941112,0.8376387749941112,0.8954425746664186,0.8745831255891273,0.8376387749941112
2019-06-05,1.451425658668567,0.8477776568647252,0.8293483895244632,0.8477776568647252,0.8477776568647252,0.9100404930573648,0.8867183435368223,0.8477776568647252
2019-06-06,1.4387662010363655,0.8433391248096771,0.8267465177711377,0.8433391248096771,0.8433391248096771,0.9042488273542478,0.8836117283468813,0.8433391248096771
2019-06-07,1.4501192337814506,0.8504513205483067,0.8317315724572802,0.8504513205483067,0.8504513205483067,0.9086908966104126,0.8879194132109955,0.8504513205483067
2019-06-10,1.4708735002331241,0.8589958403826087,0.8420863930053907,0.8589958403826087,0.8589958403826087,0.9175529384878728,0.8947866398078642,0.8589958403826087
2019-06-11,1.4799484494526476,0.8646555044930337,0.8470409724969169,0.8646555044930337,0.8646555044930337,0.9247503549805346,0.8998180676714992,0.8646555044930337
2019-06-12,1.475938033178201,0.8658015119913768,0.845456988347701,0.8658015119913768,0.8658015119913768,0.9250231556207499,0.8997987790705039,0.8658015119913768
2019-06-13,1.4590492016653234,0.8575907346972034,0.8340379106066498,0.8575907346972034,0.8575907346972034,0.9127971144847545,0.8884552057430464,0.8575907346972034
2019-06-14,1.4661708339315014,0.8585014034831431,0.8335459235679258,0.8585014034831431,0.8585014034831431,0.9121318496307712,0.8890747206340395,0.8585014034831431
2019-06-17,1.455313343735847,0.8555372193195812,0.8272169870573952,0.8555372193195812,0.8555372193195812,0.9053223993010634,0.8833117374032495,0.8555372193195812
2019-06-18,1.4373045992594062,0.8495922601755245,0.8211825233357031,0.8495922601755245,0.8495922601755245,0.8982512210562485,0.8770984992816332,0.8495922601755245
2019-06-19,1.4671611711610926,0.8639942101603719,0.8352069270491249,0.8639942101603719,0.8639942101603719,0.9155403833473122,0.8897788290026969,0.8639942101603719
2019-06-20,1.4749681148119096,0.865546309430561,0.8395989898151722,0.865546309430561,0.865546309430561,0.918818022139231,0.8902012660772439,0.865546309430561
2019-06-21,1.466291349037008,0.8620840512109743,0.83419543182081,0.8620840512109743,0.8620840512109743,0.9143469670397067,0.8844018680604359,0.8620840512109743
2019-06-24,1.4679276852862615,0.8628392381049876,0.8368180454014159,0.8628392381049876,0.8628392381049876,0.9146535153791402,0.8876223287911722,0.8628392381049876
2019-06-25,1.4625780231385457,0.8613843497662209,0.8345647775536361,0.8613843497662209,0.8613843497662209,0.9083467213700716,0.8837981643728716,0.8613843497662209
2019-06-26,1.455602346059822,0.8575995112165148,0.8308843521781683,0.8575995112165148,0.8575995112165148,0.9079793262819771,0.8825040543741517,0.8575995112165148
2019-06-27,1.4782163246691005,0.8641620834755718,0.8402382550850879,0.8641620834755718,0.8641620834755718,0.9217341935690814,0.8921736601949583,0.8641620834755718
2019-06-28,1.4768594418309813,0.8566871537481706,0.8387606818480609,0.8566871537481706,0.8566871537481706,0.9205957055267471,0.8889882296666115,0.8566871537481706
2019-07-01,1.5145045996854714,0.8757352737906505,0.8575179492606891,0.8757352737906505,0.8757352737906505,0.9444193792298455,0.9094600835031532,0.8757352737906505
2019-07-02,1.5242550181225587,0.8801234799328616,0.8654808783906832,0.8801234799328616,0.8801234799328616,0.9471328843522078,0.9154636173593848,0.8801234799328616
2019-07-03,1.517451075738336,0.8729836948182632,0.8595759274339179,0.8729836948182632,0.8729836948182632,0.9413751702764512,0.9114277736524058,0.8729836948182632
2019-07-04,1.528636085144902,0.8777469369299928,0.8626804514485482,0.8777469369299928,0.8777469369299928,0.9482954269179041,0.9157784939869206,0.8777469369299928
2019-07-05,1.5326767681063291,0.8776278289478251,0.865529632563976,0.8776278289478251,0.8776278289478251,0.9526980640677711,0.917288702945361,0.8776278289478251
2019-07-08,1.517406617011295,0.8709219208106983,0.8591335976342476,0.8709219208106983,0.8709219208106983,0.9468612888111118,0.9097174034589007,0.8709219208106983
2019-07-09,1.507922079213889,0.8695285534158985,0.8537702612973883,0.8695285534158985,0.8695285534158985,0.9413780773672645,0.9071706708284272,0.8695285534158985
2019-07-10,1.5049142402635451,0.8673826601021886,0.8531780607206123,0.8673826601021886,0.8673826601021886,0.9365988962351224,0.9032599842151136,0.8673826601021886
2019-07-11,1.5159757039738506,0.8704508778548665,0.8571031146747067,0.8704508778548665,0.8704508778548665,0.9419969274715625,0.9083753660350011,0.8704508778548665
2019-07-12,1.5073306601748713,0.8687966837264965,0.8555080784514173,0.8687966837264965,0.8687966837264965,0.9379951449992603,0.9072203974444261,0.8687966837264965
2019-07-16,1.502773081684205,0.8614666592007315,0.8557199447905445,0.8614666592007315,0.8614666592007315,0.9343114253286287,0.9054583210453457,0.8614666592007315
2019-07-17,1.4984536898052088,0.8618568593076952,0.8570012364105586,0.8618568593076952,0.8618568593076952,0.9322853255881054,0.9030993521940899,0.8618568593076952
2019-07-18,1.4607203753791733,0.8386189022440621,0.8366931048506856,0.8386189022440621,0.8386189022440621,0.9104692085544442,0.8817326078772474,0.8386189022440621
2019-07-19,1.4919122645502463,0.8489904444233067,0.8518654814535257,0.8489904444233067,0.8489904444233067,0.9274796487344157,0.8957517122858227,0.8489904444233067
2019-07-22,1.488417108369984,0.8449379301928395,0.8479901743898187,0.8449379301928395,0.8449379301928395,0.9273135272773462,0.8941503570423799,0.8449379301928395
2019-07-23,1.5041686077281802,0.8514247820942487,0.8558347882377748,0.8514247820942487,0.8514247820942487,0.9378683692759832,0.8995469906929586,0.8514247820942487
2019-07-24,1.5088268958682054,0.8525842685580438,0.8626088912158169,0.8525842685580438,0.8525842685580438,0.9392130461248701,0.9009267307291011,0.8525842685580438
2019-07-25,1.5171045761107729,0.850656125103596,0.8681743326884319,0.850656125103596,0.850656125103596,0.941699263021909,0.9036150763663824,0.850656125103596
2019-07-26,1.5079835012395306,0.8463435029796389,0.8611958804376034,0.8463435029796389,0.8463435029796389,0.9335980295583947,0.8955975951293147,0.8463435029796389
2019-07-29,1.504674267439715,0.8463545723926146,0.8535784859399049,0.8463545723926146,0.8463545723926146,0.9253367557258968,0.8881256715980389,0.8463545723926146
2019-07-30,1.515593912450942,0.8472667099513195,0.8569537134702222,0.8472667099513195,0.8472667099513195,0.9330653832485117,0.8925128156215912,0.8472667099513195
2019-07-31,1.5067748860523962,0.8360395522305709,0.8462100239963032,0.8360395522305709,0.8360395522305709,0.9311490743568068,0.8913720294538151,0.8360395522305709
2019-08-01,1.503422792871864,0.8295932252328077,0.8422267199079635,0.8295932252328077,0.8295932252328077,0.9273657380268083,0.8888172290803644,0.8295932252328077
2019-08-02,1.4626007968342,0.8100149742240949,0.8212930824346241,0.8100149742240949,0.8100149742240949,0.902718155948546,0.8645503656567741,0.8100149742240949
2019-08-05,1.4324084679053175,0.792226577370054,0.8085489696297183,0.792226577370054,0.792226577370054,0.8851662991602932,0.8502389302680626,0.792226577370054
2019-08-06,1.428287365934539,0.7926155764503479,0.8034128315851958,0.7926155764503479,0.7926155764503479,0.8899814895963499,0.853418451692647,0.7926155764503479
2019-08-07,1.4254000005448857,0.7843351219220268,0.7960557891742299,0.7843351219220268,0.7843351219220268,0.884083735932519,0.8486900061395652,0.7843351219220268
2019-08-08,1.4293569674904485,0.7871752075036581,0.7995911871167363,0.7871752075036581,0.7871752075036581,0.882492429185932,0.8489225967109993,0.7871752075036581
2019-08-09,1.4303989787166596,0.7869486819985604,0.8008761649214667,0.7869486819985604,0.7869486819985604,0.8861120565441765,0.8529948369022388,0.7869486819985604
2019-08-13,1.4108743951741813,0.7778296671916606,0.7895738681839874,0.7778296671916606,0.7778296671916606,0.8751444712325395,0.8410013917503641,0.7778296671916606
2019-08-14,1.4285364911303688,0.786769867141993,0.799435709774828,0.786769867141993,0.786769867141993,0.8903874557810594,0.8536054856499775,0.786769867141993
2019-08-15,1.4102561150746362,0.7774793969763164,0.7914948880381063,0.7774793969763164,0.7774793969763164,0.8811924596154553,0.8461220670517126,0.7774793969763164
2019-08-16,1.409408873587393,0.7797622630490137,0.7929686102359835,0.7797622630490137,0.7797622630490137,0.8835656062018173,0.8478581926457829,0.7797622630490137
2019-08-19,1.4194987274678608,0.784532199917024,0.7964860851044735,0.784532199917024,0.784532199917024,0.8903331790800417,0.8512763653582291,0.784532199917024
2019-08-20,1.4361605069257795,0.7902358363097153,0.8053486195744938,0.7902358363097153,0.7902358363097153,0.8953711237384695,0.8551504225899185,0.7902358363097153
2019-08-21,1.425965951385802,0.785068407248683,0.8026485172663795,0.785068407248683,0.785068407248683,0.891080972072309,0.8474558934162155,0.785068407248683
2019-08-22,1.4228976568718124,0.785461776101016,0.8030901768809193,0.785461776101016,0.785461776101016,0.8911983059733145,0.8474062918280333,0.785461776101016
2019-08-23,1.4264864880490573,0.7871694157038372,0.8056451637573743,0.7871694157038372,0.7871694157038372,0.8928385691858164,0.8480650305388967,0.7871694157038372
2019-08-26,1.3965866507066407,0.7741360264534387,0.7894228700316601,0.7741360264534387,0.7741360264534387,0.8760965230644362,0.8334644177077312,0.7741360264534387
2019-08-27,1.4101162465616974,0.7824520994050053,0.7958603865043651,0.7824520994050053,0.7824520994050053,0.8843068937925967,0.8423595437096683,0.7824520994050053
2019-08-28,1.4040455704707644,0.7806646407574891,0.7927988855950849,0.7806646407574891,0.7806646407574891,0.8822236218154337,0.8414085702419485,0.7806646407574891
2019-08-29,1.402365721409513,0.7829008204782186,0.7955586392585531,0.7829008204782186,0.7829008204782186,0.8815565820062511,0.8412099952854085,0.7829008204782186
2019-08-30,1.4319142471127584,0.7953831477195612,0.8091569985224728,0.7953831477195612,0.7953831477195612,0.8965029645862865,0.8582035457352117,0.7953831477195612
2019-09-02,1.421868083133447,0.7896220737860404,0.8039597927821683,0.7896220737860404,0.7896220737860404,0.8936558752550811,0.8542188030739829,0.7896220737860404
2019-09-03,1.4315738762644734,0.7940057739434242,0.8054395116193445,0.7940057739434242,0.7940057739434242,0.8971028568071365,0.8595264712924899,0.7940057739434242
2019-09-04,1.4219560003455007,0.787098408636839,0.8030900893030979,0.787098408636839,0.787098408636839,0.8912765146292098,0.8528815224872655,0.787098408636839
2019-09-05,1.452242097616981,0.8011461758791518,0.8203306937607264,0.8011461758791518,0.8011461758791518,0.9098611904712914,0.868496538036395,0.8011461758791518
2019-09-06,1.453138931316716,0.8058778218911862,0.824120680910639,0.8058778218911862,0.8058778218911862,0.9157735318703737,0.875729868878794,0.8058778218911862
2019-09-09,1.4675177276080595,0.8135907284479038,0.8298989667767324,0.8135907284479038,0.8135907284479038,0.9244345356249679,0.8825322968886584,0.8135907284479038
2019-09-10,1.476304426064396,0.8229576194919482,0.8393311101395076,0.8229576194919482,0.8229576194919482,0.9391118559080732,0.894233677074967,0.8229576194919482
2019-09-11,1.5005626769396925,0.8354655208591476,0.8528751744473579,0.8354655208591476,0.8354655208591476,0.955658203649578,0.9099866435123508,0.8354655208591476
2019-09-12,1.507369578587211,0.8438859395499332,0.8556582195453644,0.8438859395499332,0.8438859395499332,0.9599539309287797,0.911982862212335,0.8438859395499332
2019-09-13,1.5169182683471587,0.8512049675108118,0.8608437521218725,0.8512049675108118,0.8512049675108118,0.9651062861377442,0.9172567909365003,0.8512049675108118
2019-09-17,1.5233202790055216,0.8585520876397109,0.8632944501653668,0.8585520876397109,0.8585520876397109,0.9635972477696595,0.9186694222864205,0.8585520876397109
2019-09-18,1.5140279589756571,0.8495466664891974,0.8606053487920505,0.8495466664891974,0.8495466664891974,0.961243259241259,0.912975362381987,0.8495466664891974
2019-09-19,1.5285028343520464,0.8550141025553092,0.868409375503017,0.8550141025553092,0.8550141025553092,0.9652905559866982,0.9166286481647156,0.8550141025553092
2019-09-20,1.533432770234222,0.8577516512842934,0.8661824331112083,0.8577516512842934,0.8577516512842934,0.9667935224671842,0.9212392106042991,0.8577516512842934
2019-09-24,1.5410182148931209,0.8567474867363747,0.8689156045089276,0.8567474867363747,0.8567474867363747,0.9681269220111054,0.9199343978364684,0.8567474867363747
2019-09-25,1.5384346326672522,0.8606866776816018,0.8646400457801036,0.8606866776816018,0.8606866776816018,0.9648070199374061,0.920521250636133,0.8606866776816018
2019-09-26,1.545231772956366,0.8567626722063497,0.8687777720346119,0.8567626722063497,0.8567626722063497,0.9717722011108454,0.9248635645468412,0.8567626722063497
2019-09-27,1.5389088242723714,0.8564271512882076,0.8693055599695984,0.8564271512882076,0.8564271512882076,0.9687096989428244,0.9222859746121703,0.8564271512882076
2019-09-30,1.5261184206618261,0.8478760703688246,0.8606345969096967,0.8478760703688246,0.8478760703688246,0.9587495926842325,0.9102310164108794,0.8478760703688246
2019-10-01,1.546339557549646,0.8581697643895192,0.8742366275623963,0.8581697643895192,0.8581697643895192,0.9697250073750323,0.9230715863864203,0.8581697643895192
2019-10-02,1.5432814339588383,0.8511877847665713,0.8683174576831064,0.8511877847665713,0.8511877847665713,0.9616235203430056,0.9206841147032462,0.8511877847665713
2019-10-03,1.5133532051732155,0.8370122640296236,0.8525538070011575,0.8370122640296236,0.8370122640296236,0.9422508424277306,0.9024317610097158,0.8370122640296236
2019-10-04,1.5178444793924137,0.8369937528919751,0.8557853189323827,0.8369937528919751,0.8369937528919751,0.9422260492750612,0.9029056808359333,0.8369937528919751
2019-10-07,1.520831007853485,0.8368019877711772,0.8519558617842672,0.8368019877711772,0.8368019877711772,0.9398580358536273,0.9004185186702532,0.8368019877711772
2019-10-08,1.539029806463264,0.8466165742319587,0.8605567459523927,0.8466165742319587,0.8466165742319587,0.9510384142248919,0.9099543893914466,0.8466165742319587
2019-10-09,1.5368995630086981,0.8433084496064495,0.8602080097810527,0.8433084496064495,0.8433084496064495,0.9511086555511894,0.9102800263217529,0.8433084496064495
2019-10-10,1.5304292206359686,0.8433417956098511,0.857872316973901,0.8433417956098511,0.8433417956098511,0.9544802562253344,0.9121606242604658,0.8433417956098511
2019-10-11,1.5389987667602967,0.851056985285129,0.866580757544388,0.851056985285129,0.851056985285129,0.9680448595403652,0.9242652076441406,0.851056985285129
2019-10-15,1.5647690782766315,0.8608555567353963,0.8817629035401263,0.8608555567353963,0.8608555567353963,0.9850277653798286,0.9369406865126061,0.8608555567353963
2019-10-16,1.5732579318037283,0.8668361212309926,0.8914069924549658,0.8668361212309926,0.8668361212309926,0.9901038425598694,0.9419161090449713,0.8668361212309926
2019-10-17,1.5689354012756618,0.8629752388522645,0.8877490783612024,0.8629752388522645,0.8629752388522645,0.9871543213954064,0.9378389490423371,0.8629752388522645
2019-10-18,1.5725058064467137,0.859937117872087,0.8896212957488523,0.859937117872087,0.859937117872087,0.9898199646781674,0.9384242857149873,0.859937117872087
2019-10-21,1.5815790439298503,0.8643302345650706,0.8939762627716129,0.8643302345650706,0.8643302345650706,0.9953476366323671,0.9451543964934349,0.8643302345650706
2019-10-23,1.5941238645440325,0.8728443441156917,0.8974893314562825,0.8728443441156917,0.8728443441156917,1.0001574133183795,0.9527692796959658,0.8728443441156917
2019-10-24,1.6004321034914022,0.8769319843469063,0.9039796736992598,0.8769319843469063,0.8769319843469063,1.0047401434063739,0.9538407510849902,0.8769319843469063
2019-10-25,1.6091751071720077,0.8767972415445637,0.9054816831658621,0.8767972415445637,0.8767972415445637,1.004302074402568,0.9543266253759444,0.8767972415445637
2019-10-28,1.61180766013889,0.8779339197281859,0.9080757916583199,0.8779339197281859,0.8779339197281859,1.0080993108298968,0.9559303512579076,0.8779339197281859
2019-10-29,1.6254082948036233,0.8833058396946452,0.915009886886067,0.8833058396946452,0.8833058396946452,1.0152382843764742,0.964580704407432,0.8833058396946452
2019-10-30,1.6299786094523392,0.8893722605779336,0.9147009453107278,0.8893722605779336,0.8893722605779336,1.0077994294557708,0.9620628660352064,0.8893722605779336
2019-10-31,1.6293134390141215,0.8874843847472598,0.9116466812812727,0.8874843847472598,0.8874843847472598,1.0106272772565037,0.9630680377660398,0.8874843847472598
2019-11-01,1.625878296458905,0.8845896549162388,0.9087824700948374,0.879489888637854,0.8850934737762022,1.0117345888927227,0.9583490966105698,0.8842948376536783
2019-11-05,1.652387520262438,0.9014665632267981,0.9261209482658109,0.8963378483650215,0.9039589432957618,1.0288681398285324,0.9740759801047405,0.9019553987283209
2019-11-06,1.654242402936358,0.9060888709198652,0.9308696723544299,0.9001391614704374,0.9076136875392425,1.033922418295379,0.9777182189581012,0.9066226633823566
2019-11-07,1.6589188567715027,0.9065619872167517,0.9313557280012907,0.8998940513899469,0.9084099595998161,1.0341152528363284,0.9772034511437836,0.9069445811438458
2019-11-08,1.6632567305814454,0.912568940025942,0.9375269661356502,0.905094490268265,0.914371843635677,1.0433547779019197,0.9821620816741214,0.9124630215253071
2019-11-11,1.6679808188050067,0.9174049001121358,0.9424951858384087,0.9122147486166128,0.9183408154925776,1.0451226463232457,0.9882563140185936,0.9167327326586694
2019-11-12,1.6752427511804606,0.9216664850646891,0.9468733217098565,0.9183597495594567,0.9226998572217556,1.0489355136899914,0.9920556095715702,0.9221620554122166
2019-11-13,1.6629326598119574,0.914639561178629,0.9396542171105079,0.9128259611173521,0.915835640743992,1.038245269071413,0.9844807116653658,0.9149972784236172
2019-11-14,1.6441911262466289,0.9027426672843808,0.9274319527424095,0.9031852820081748,0.9045946553456737,1.0248177932703695,0.9729126045489666,0.9037170329939996
2019-11-15,1.6607340010553895,0.9132152251076356,0.9381909265942231,0.9167553596004161,0.9147463561885902,1.0336962113412456,0.9836783543193237,0.9147270116469657
2019-11-18,1.6649867502842168,0.9100765271240803,0.9349663877467196,0.9146440018788808,0.9127028399515545,1.0323468081001588,0.9828137202328512,0.9116444787998338
2019-11-19,1.6627380690427989,0.9070691003910345,0.9318767103127851,0.9110030667991007,0.9114433683759615,1.0318687107824158,0.9812425917232966,0.9088753811191319
2019-11-20,1.6548438060206974,0.9019722695906123,0.9266404852917025,0.906267611464494,0.9049660443372209,1.019718354428174,0.9764833837974888,0.9037760899875122
2019-11-21,1.652059816035986,0.8996546959608799,0.9242595278882901,0.9039204571944413,0.9020140047814245,1.0177950119797272,0.9745461144655795,0.9018854210982556
2019-11-22,1.6575224063722622,0.9022808102711538,0.9269574643115553,0.9066198715241897,0.9043763977210371,1.0193778172636612,0.9775438948309636,0.9047926841644385
2019-11-25,1.6708117967933163,0.906567622052055,0.9313615169448047,0.911620610009872,0.9094134672299365,1.0305217806690257,0.983620775062036,0.9092911341319673
2019-11-26,1.6723533660305991,0.9058633617445264,0.9306379956846266,0.908857086319025,0.9081664406352605,1.0303948522326505,0.9813514775943275,0.9071106502542328
2019-11-27,1.6826414770497922,0.9112388465371214,0.9361604956603179,0.9130192476219855,0.9138714274656241,1.035810020033492,0.9883013655136648,0.9126279395903809
2019-11-28,1.675905236790639,0.9058726156849779,0.9306475027129022,0.9094404953874742,0.9093125390042935,1.0336762920997358,0.986560009521451,0.9069532229690253
2019-11-29,1.6731477008004905,0.9012138823168927,0.9258613567363674,0.9051421695659969,0.9051389851057836,1.031354088076507,0.9819685843944617,0.9023254549814638
2019-12-02,1.6867251154599077,0.9106240191510713,0.9355288532400484,0.9154703027260884,0.9150027977339971,1.0413571544476188,0.9922026928856097,0.9118251826637859
2019-12-03,1.6793155221779987,0.904307644338725,0.9290397306597574,0.9104343723276223,0.9084151357456718,1.0349686788121464,0.98648747923312,0.9055725527960968
2019-12-04,1.6792461032522454,0.9048146403932503,0.9295605926483632,0.9106261537475402,0.9085761366437364,1.034468031796604,0.9881931512235601,0.9064751651367807
2019-12-05,1.6880518797199333,0.9150305472403332,0.9400558963263491,0.9223785492641737,0.9189518712541006,1.0460458422012533,0.9983631692226194,0.9174692821971164
2019-12-06,1.6959830117330426,0.9184268450880085,0.94354508018695,0.9289335547147233,0.9219605616176796,1.0506311950342107,1.0040589689887414,0.9204933493309226
2019-12-09,1.7053969474831827,0.9265636737735932,0.951904444588882,0.9348013452963441,0.9304243098915664,1.0589772581098225,1.0123527987536103,0.9281340857805441
2019-12-10,1.708444552643416,0.927344016183259,0.952706128735463,0.9374928227846825,0.9308374723698346,1.055966015998424,1.0126619864178892,0.9288503601717591
2019-12-11,1.7025190287923202,0.9268747150895709,0.9522239926345377,0.9389294365127988,0.931187963430718,1.0510209390145224,1.0111169719832092,0.9286099941385704
2019-12-12,1.6959535982441583,0.9243234925326675,0.9496029961938279,0.9379049200828965,0.9296220575614356,1.0491096238684112,1.0076318736269902,0.9266037722196129
2019-12-13,1.7139991052083547,0.9371811419350211,0.9628122919599994,0.9505281399699695,0.9419647258693684,1.0608859686800032,1.020259913004678,0.939378242546034
2019-12-16,1.71141144928578,0.9338620406139169,0.9594024158888468,0.9486911089641537,0.9389444681772797,1.0568124346765806,1.0186436882489691,0.935789523718269
2019-12-17,1.7221589362681098,0.9362936517661448,0.961900529649222,0.9529378067966726,0.9415023579679495,1.0579054223950954,1.021821067995762,0.9379302690489502
2019-12-18,1.710686769420705,0.9304933208959896,0.9559415643976488,0.9441930172034522,0.9349021919728052,1.0540090445615529,1.0166146517606964,0.9325392229716051
2019-12-19,1.7095125048705397,0.9299222504710214,0.955354875656133,0.9431513575718989,0.9340988021203079,1.0528801411730242,1.0152246502077056,0.9319080359692
2019-12-20,1.7151938195570338,0.9284360349321915,0.9538280133183645,0.9411316765784682,0.9322854392492443,1.051725696822587,1.0127845135349585,0.9305964045380568
2019-12-23,1.7086123713367387,0.9224223201873445,0.9476498283148499,0.9350302047840273,0.9272166842337495,1.0451528124125586,1.0066017604522428,0.9244390710660468
2019-12-24,1.7100143248102535,0.9190418941035322,0.9441769502980807,0.9304967194546179,0.9250532951147988,1.0412764543748871,1.0028064382080724,0.9213959588745663
2019-12-25,1.700424865704718,0.9129663453195397,0.9379352401442115,0.9261267743041283,0.9183985537531972,1.0357432059364862,0.997896381016955,0.915140060358263
2019-12-26,1.7144703044209209,0.92039457879236,0.94556662982456,0.934212491443096,0.9252218693339596,1.0449813228920537,1.0053962494215596,0.9226053479100246
2019-12-27,1.7245233546728749,0.9232620138475348,0.9485124869208935,0.9366765958091737,0.9280228610430048,1.0496007971376289,1.0085351178108755,0.9254806858472269
2019-12-30,1.712549992989189,0.9180852563110703,0.9431941492318598,0.9310614094048021,0.9223053220054763,1.041565617586056,1.0019863262577666,0.9199835882185087
2020-01-06,1.6874668552455214,0.9067834534353387,0.9315832511427287,0.9210559179043953,0.9104511323994239,1.028552711863394,0.9909661368681285,0.908875480507946
2020-01-07,1.714397795531929,0.9176054505198618,0.9427012211383908,0.9321529389538409,0.922042774958341,1.0409687828794527,1.0029313486870262,0.9195235396323695
2020-01-08,1.6844838716009394,0.9022329679929254,0.9269083135855191,0.9185997455638524,0.9056923211778142,1.0275814166336887,0.987019467247836,0.9041194455773224
2020-01-09,1.7126921307497416,0.9129834137877278,0.9379527754212686,0.9293410367329424,0.9154990222504189,1.040052807310733,0.9978795504580553,0.9150757639341288
2020-01-10,1.7161951478545143,0.91226964385588,0.9372194844561991,0.9266691051383968,0.9142065540643495,1.037655339276585,0.9969708559162633,0.9142845805509721
2020-01-14,1.7155355184518106,0.9111756253102622,0.936095545383782,0.9272064497625336,0.9118075445753345,1.0355433295322678,0.996942135623587,0.9135764612258752
2020-01-15,1.7129709508118318,0.907610053681707,0.9324324582406193,0.9224241416874861,0.9081330088370075,1.0335847115369257,0.9923583636808346,0.9096714384475842
2020-01-16,1.7096552844889685,0.9070781789183435,0.93188603713051,0.9219457488461952,0.9068320006231824,1.0319906156206369,0.9921165069819109,0.9094088581170883
2020-01-17,1.714739886731008,0.9159338795187546,0.9409839340156188,0.928726978150044,0.9166716712851919,1.0397450885217194,0.9997666870818369,0.9186389266887723
2020-01-20,1.7241248201870683,0.9224405278115789,0.9476685339029544,0.9364046172272195,0.9235650615309228,1.0471699203915148,1.006466223852137,0.9252873795251497
2020-01-21,1.71891313166399,0.9199585216917444,0.9451186469131643,0.9351505227576629,0.9209375528115084,1.044153160328813,1.0038577856746582,0.9224313285078359
2020-01-22,1.7276216659716075,0.9237599325686804,0.9490240233183569,0.9375229241870092,0.9237360983547149,1.0474463632351159,1.0059644058147736,0.9251494729548848
2020-01-23,1.7106149813794478,0.9140958193311226,0.9390956043610544,0.9272686502790647,0.9140460687353367,1.0379368779852562,0.9968919306275147,0.9158575904311961
2020-01-24,1.7015299935774013,0.9109488036507238,0.9358625203343927,0.9280953767825628,0.9109390604867709,1.0341643242222829,0.9949173220195301,0.913509387131349
2020-01-27,1.6677177807605492,0.8989556932410036,0.9235414080065555,0.9178582843410027,0.8973953340999407,1.0214810955093068,0.984274399209937,0.9015544988365928
2020-01-28,1.6590203286621428,0.8913711371207244,0.9157494203801425,0.9083640845067712,0.8892143894956588,1.014263910452594,0.9767054955203848,0.8941499693748304
2020-01-29,1.659322245602123,0.8949812391338897,0.9194582557780981,0.913406334362998,0.8934091882142567,1.017791754697293,0.9827008990201183,0.8980451715849185
2020-01-30,1.6289679875180427,0.885019178102659,0.9092237403947426,0.9010585694525278,0.882504738724772,1.0016635688788187,0.9710508206016544,0.8886065398029542
2020-01-31,1.6414235128337684,0.8906961458989715,0.9150559686916813,0.9079930023716571,0.888069751842975,1.0068232716051133,0.9760546213002076,0.8939692562054307
2020-02-03,1.6261484679760025,0.8795637482682577,0.9036191089446882,0.8975439227717573,0.8787001776397751,0.9955700703093291,0.9659473446187157,0.8827375506609351
2020-02-04,1.6449447378306674,0.8832919645501949,0.9074492889416129,0.9015934082712054,0.8825729066828945,0.9962401027504192,0.970187247777218,0.8866461166751831
2020-02-05,1.6632564215822747,0.8862276950088568,0.9104653092657575,0.9084237177166723,0.8861437227442243,1.003536919747535,0.9755022416565531,0.8897470372496873
2020-02-06,1.6919856227180987,0.9022436760206592,0.926919314469194,0.9208266068959466,0.9025451307132701,1.016156807776975,0.9951475119236094,0.9055311009813574
2020-02-07,1.6836585374821555,0.901784734371331,0.926447821135095,0.9186264936510988,0.9003466070862173,1.0139048929003334,0.9933248087948902,0.9048143961484095
2020-02-10,1.6697199996149379,0.8903862056111943,0.9147375517864613,0.9075638082845835,0.8884211720252374,1.0011929340646004,0.9855507823689698,0.8937009675851952
2020-02-12,1.6674860574541592,0.8871532371036922,0.9114161641920464,0.9016005605987114,0.8851260773744385,0.9894552721834254,0.9780681282469575,0.8892261531188176
2020-02-13,1.665572098393267,0.8889570585309049,0.913269318683648,0.9063133058812426,0.886639795379019,0.989046823663302,0.9810051532297683,0.8910897680496734
2020-02-14,1.6538350672756434,0.8860416936017144,0.9102742208698165,0.9021368003792657,0.8839483840289158,0.9791097322058322,0.9812886889188438,0.8881376721153358
2020-02-17,1.6289104460480603,0.8794306017772235,0.9034823210042755,0.8953088129535839,0.87736627976231,0.971579129443017,0.9728867872288153,0.8811403579965302
2020-02-18,1.6037097527638609,0.8745304119721939,0.8984481149515605,0.8900437509139479,0.8722901075798073,0.9640838527072527,0.9645737546942835,0.8764104777843797
2020-02-19,1.6116242699415193,0.8733863997978517,0.8972728149649065,0.8897336564963884,0.8715830517622616,0.9609863579639233,0.9610741388728676,0.8758075148069695
2020-02-20,1.6078664805936478,0.8746914174239343,0.8986135237728351,0.8903209395926113,0.8731363666435048,0.9578773873553368,0.9648400279108836,0.8767885639735782
2020-02-21,1.6041369193574704,0.8736201501136815,0.8975129581637612,0.8909347640487568,0.8727857796957205,0.9588220794462857,0.9656519566612985,0.8752903919228499
2020-02-25,1.5412704665961274,0.8467756248069143,0.8699342566932841,0.864255068425367,0.8445509811201081,0.9295142237933952,0.9374080429957604,0.8491799648305962
2020-02-26,1.5299705675437785,0.8421905740950122,0.8652238085342819,0.860999128656331,0.8397419746359414,0.9272454590621021,0.938017031352621,0.8443854131894701
2020-02-27,1.486088712437819,0.8223491244609797,0.8448397112203859,0.8425432040527253,0.8201541034625925,0.9060029535130733,0.9233789919011239,0.8250609810324928
2020-02-28,1.4209524598174308,0.7979124646204556,0.8197347283988973,0.8150413736316792,0.7958260705138832,0.8869521939208802,0.8883074908007607,0.7971731226697542
2020-03-02,1.4587819960171102,0.8001090803556224,0.8219914198066699,0.8150325770367347,0.7978962924709742,0.8927110039241661,0.892297048010724,0.7997203977301107
2020-03-03,1.4330480991724504,0.7920602330842387,0.8137224430398131,0.809216439339284,0.788663716984637,0.8822472902466696,0.8837542461840088,0.7909868825346319
2020-03-04,1.431784418939911,0.7908616388644024,0.8124910682326464,0.8093330561238079,0.7870744661799548,0.8815901688410993,0.8809122375219959,0.7891194261547558
2020-03-05,1.4354658025172196,0.7933045678904983,0.8150008094016317,0.8129232228159556,0.7892021002525026,0.8834706612861818,0.8831027069023641,0.7914184133798948
2020-03-06,1.3837968269846186,0.7685630339950047,0.7895826144651208,0.7902869619647028,0.7641103620594625,0.8539632568037171,0.8610458051323425,0.7667342126568473
2020-03-09,1.294268374903091,0.723451726921947,0.743237549447441,0.7472304071081368,0.72041044944765,0.8017357674515636,0.8141243850340791,0.7216043164147434
2020-03-10,1.3147765603487025,0.7273059929045387,0.7471972265028931,0.7493288420662342,0.7224265824130321,0.8079728402796191,0.8184403399999008,0.7247277894762483
2020-03-11,1.2875382538543978,0.7206247742850769,0.740333281930974,0.7430151258758012,0.7165861674238201,0.801701879983844,0.809353760355423,0.7179494002004084
2020-03-12,1.2273631656226862,0.689571651803331,0.708430881539698,0.7090735180813754,0.6856818202053486,0.7649463364281428,0.7760472657998323,0.6866375453136624
2020-03-13,1.1575312567256386,0.655108625105068,0.6730253187957415,0.6770678101839206,0.6518094576464645,0.7276507388907125,0.738449050608293,0.6534004345510689
2020-03-16,1.1439547286548442,0.6405902118745668,0.6581098386472405,0.6641972532861625,0.6370086673290095,0.7119249869533691,0.7265953002845617,0.6405470193935477
2020-03-17,1.1916336535783463,0.6545772901006536,0.672479452206554,0.6788085118425567,0.6521173410185711,0.727374114114278,0.7471797797494476,0.6532583040606018
2020-03-18,1.1823981301602227,0.6498075563941601,0.6675792701216843,0.669174890708122,0.6466162968282331,0.7200626147933036,0.743838667984471,0.6467786153201596
2020-03-19,1.1854334125192105,0.6511598244125845,0.6689685215821598,0.6661389988864035,0.6490217395359313,0.7173183255250785,0.7459410854954823,0.6493796629581069
2020-03-23,1.2086630499528095,0.6533226242866906,0.6711904722922855,0.6751763097179508,0.6482062101110131,0.728929872478863,0.7514840409532725,0.651614110658898
2020-03-24,1.2585625793153228,0.6809244944993483,0.6995472314423473,0.7042913710408001,0.6757585220881803,0.7589341797677283,0.7766240932007189,0.6794397964550184
2020-03-25,1.3384966302677768,0.7267397327281059,0.7466154795663391,0.7523352988733641,0.7218005445248885,0.8113012863717672,0.8231301819781084,0.7261429160240352
2020-03-26,1.3207729509624284,0.7107593742300345,0.7301980711237167,0.7389562533904315,0.7070676477972312,0.7910134958368656,0.808138495758706,0.7102800072758468
2020-03-27,1.376518199665765,0.7379805512301264,0.7581637254082161,0.7695961127868174,0.7342697898518729,0.8216441386893988,0.8396475891511695,0.7374906222480715
2020-03-30,1.364248629212052,0.7344484978738096,0.7545350732350634,0.7680302519708974,0.7308046235506132,0.8112705466564,0.8378216683799998,0.7338444244352985
2020-03-31,1.3429818809579932,0.7160532897254671,0.7356367709476119,0.7473792250753792,0.7120303558483345,0.7886184253410995,0.8169167997157137,0.715870693882696
2020-04-01,1.2907358540333158,0.6830000716465725,0.7016795739542044,0.7098930711760809,0.6788055620087217,0.7569999332294681,0.7836129995951404,0.6830800540707639
2020-04-02,1.2601045321430873,0.6607952167783391,0.6788674341749286,0.6891030334048228,0.6569848363002768,0.7399689481647328,0.7639104860512154,0.6615729799174106
2020-04-03,1.2392147602478825,0.6540267481653655,0.6719138533923906,0.6866081247950984,0.6481261574054201,0.7340587565831647,0.76011086738612,0.6554257289818619
2020-04-06,1.2869856099466885,0.6753230426441652,0.6937925843867556,0.705731855474373,0.6692788876480735,0.756539561263223,0.7805557134738037,0.675229532113972
2020-04-07,1.3233625167178436,0.692159975259229,0.7110899935591327,0.7209429661215087,0.6863103864285746,0.7744614342633647,0.7976772527606392,0.6929733536888887
2020-04-08,1.3448854295533266,0.7039532506002898,0.723205805490002,0.7316741737653911,0.6966918843400259,0.7757268761928982,0.8070542649158323,0.7044625552245721
2020-04-09,1.3519601276899909,0.7065840767096324,0.7259085825762486,0.7327796222868934,0.7013625923701857,0.783051570483784,0.804001062531241,0.7068111979669476
2020-04-10,1.3674916553010574,0.7167677086843406,0.736370728690074,0.7444801554118796,0.7119405390421037,0.7970347955965245,0.8163565968125566,0.716545688653639
2020-04-13,1.3446299982345815,0.6997524675165558,0.718890134369555,0.7257195970334348,0.694817626086008,0.7817848298077684,0.8006864683969935,0.6991776883232189
2020-04-14,1.3705734565932428,0.7041476777391535,0.7234055500546464,0.7280171817203943,0.7003510427536427,0.7869511632608307,0.8054525442322716,0.7021738492005949
2020-04-15,1.3562660923617973,0.6974350213178786,0.7165093078823344,0.7213770199231009,0.6927721925117577,0.7755681273414367,0.7990253323052086,0.6964053275826585
2020-04-16,1.369891716672832,0.6956872369147741,0.7147137229823539,0.7215139599776834,0.6908802597899253,0.7730851566660472,0.7990348665708998,0.6941887967915324
2020-04-17,1.3830528641989672,0.7040753404341686,0.7233312343825843,0.7302768618034309,0.6999335971901858,0.7805146986407944,0.8066270930937356,0.7029836772870998
2020-04-20,1.3861455171015558,0.6996555788240978,0.7187905958493304,0.7227685085414445,0.695268831754141,0.7791648618838416,0.8015074957252379,0.6986003997410458
2020-04-21,1.3631554767312746,0.6923099582238209,0.7112440784371058,0.7144185378539173,0.6865679363453073,0.7722439036481086,0.7935377083279065,0.6911170084709332
2020-04-22,1.346933294270487,0.6857162115315774,0.7044699980792203,0.710346028549869,0.679486538965601,0.7616476698988317,0.789867077019117,0.6847470706432296
2020-04-23,1.3789009472007794,0.7025363476847024,0.7217501514199417,0.7272207196861082,0.6973231352402034,0.7791646655533357,0.8067705544604644,0.7016874437166701
2020-04-24,1.3750982013485518,0.7009162215379534,0.7200857161268938,0.727597793302245,0.6952351703197046,0.7800400994612456,0.8070256733250318,0.7000250602520378
2020-04-27,1.4011431161234655,0.7135071210331572,0.7330209665906249,0.7407086890792114,0.7084616378170496,0.7960210717545977,0.8186202195104187,0.7129250450270168
2020-04-28,1.4102201696020074,0.7133632351970677,0.732873145592712,0.7369728044293729,0.7083672794190534,0.7979185803333065,0.8140573537162152,0.7123612051541243
2020-04-30,1.434126740011554,0.7272357912304254,0.7471251048694884,0.7496093336564499,0.7245150747320828,0.8150501930410541,0.8246145413009652,0.7260755166442124
2020-05-01,1.4041615753047658,0.7088553499103176,0.7382384974936728,0.7319642002379111,0.7049522046603772,0.7956686685665305,0.8070804063681676,0.7078919822758363
2020-05-07,1.4119780867344174,0.7040964288137462,0.74236361991511,0.7288475932135645,0.7010265197562614,0.7851334155404974,0.8025503514409033,0.7044147067341238
2020-05-08,1.4444411861256679,0.7307283865466004,0.7458359274867411,0.7587805096880299,0.7277024659974886,0.8053467504405233,0.8266738479557915,0.7310043001551342
2020-05-11,1.4822339820584214,0.7529633210559455,0.7586923507577952,0.7811648873657252,0.7496788385515979,0.8432573666475773,0.8514321305080119,0.752513790257322
2020-05-12,1.4794150964359571,0.7454518631012691,0.752011992953793,0.7695569996444305,0.7418829853077455,0.8286871897072945,0.8456991758839142,0.7449505998275139
2020-05-13,1.4748606002863909,0.7413220175415863,0.7540289547667823,0.7661076297131543,0.7374196476539397,0.8241408742757124,0.8384025582925897,0.7407041122569369
2020-05-14,1.4393053748995663,0.7187845123224976,0.7464016750141425,0.744100242669162,0.7143743801076615,0.8025763871189879,0.8156524770472131,0.7186376387642752
2020-05-15,1.4504385486066917,0.7236775087277115,0.744009599572441,0.7470648016435517,0.7198815587439262,0.8083443309738352,0.8171224548800432,0.7236786427760419
2020-05-18,1.459215014405155,0.7311333078088214,0.7423050025482566,0.756959190202667,0.7281002181583414,0.8046017949961045,0.8176633876635255,0.7305205209925305
2020-05-19,1.4846015503657244,0.7467399694103726,0.7439511923399821,0.7714874368846906,0.7437756960914975,0.8183070470366277,0.831389005548237,0.7459186221406566
2020-05-20,1.498605891997468,0.7507958177339561,0.7488739463259174,0.7753317673684604,0.7481968358540588,0.8234017863525264,0.8353908897274281,0.7492271356186729
2020-05-21,1.5019043608889378,0.749983982623927,0.7475762346272988,0.7764024424296788,0.7488815249800778,0.8246921793837876,0.8363191610885532,0.7479436139967087
2020-05-22,1.4896869226395177,0.7382912925832894,0.7428841822346705,0.7631836111489911,0.7371789739328228,0.812715256811005,0.8237071563502188,0.7361372220690905
2020-05-25,1.520015103085627,0.7555755283572024,0.7520289752837851,0.780632555127142,0.7557292146431085,0.8246156510669226,0.8376941207864919,0.7528243089484342
2020-05-26,1.5488009046211784,0.7726406471191861,0.7551471563832345,0.7953921381198701,0.7724873305161053,0.8400044337763489,0.8535775875825313,0.7702618989670185
2020-05-27,1.567225875662709,0.7888896506959019,0.7634967430749253,0.8113505833520114,0.7894923511175818,0.8606205130972162,0.869484766617296,0.7870394399991594
2020-05-28,1.5834443469689385,0.7976690984397069,0.7647612661660561,0.8210798902136595,0.798651352966794,0.8705635436198261,0.8785860309201232,0.7963095245693962
2020-05-29,1.572614969939827,0.7859743398700477,0.7703960109083149,0.8119041472272769,0.7855734217177909,0.8527762008463962,0.8709343780737725,0.7840905852332019
2020-06-01,1.5786123003203894,0.7859409928437372,0.7697973670541223,0.8111513376298264,0.7865827374487899,0.8547618882761235,0.8691773930076138,0.7840710700530295
2020-06-02,1.599564424535677,0.7954736710293219,0.7695701772868833,0.8203758748968003,0.7962128268421274,0.8649115186248021,0.8770300364896878,0.7929162044604507
2020-06-03,1.6076237624044916,0.8080083310888402,0.7699098894265562,0.833145031275968,0.8088684039150073,0.8742314581518432,0.8881900342243861,0.8052262938759608
2020-06-04,1.6079232803834156,0.8025764392338636,0.7662880687057434,0.8269862876849546,0.8042949908008991,0.8690300206287204,0.8828687501318236,0.8001071892041416
2020-06-05,1.615328993814151,0.8114159196767332,0.7636967696398739,0.8349587624920571,0.8138019761148553,0.8795231341662879,0.8912226215026315,0.8094781472263499
2020-06-08,1.636843980730208,0.8228706429551546,0.7639388434654668,0.8433731979970286,0.8243963293071965,0.8978532979209052,0.9012545701830192,0.8203809190519988
2020-06-09,1.6323138448862,0.8215214958462604,0.7643783355514605,0.8416724176384973,0.8217805621157049,0.8935716713094409,0.898575045540265,0.8196485259376789
2020-06-10,1.6336626544355306,0.8160792052253355,0.7707265385282921,0.8372389583809505,0.8168858631030532,0.8868599158799556,0.893232746456501,0.8131783476571169
2020-06-11,1.5895759670766973,0.7947023709244129,0.7629122918287319,0.8169036728923387,0.7939400981060495,0.8578434442111212,0.8709685649843305,0.7908589021117929
2020-06-12,1.5633952185927302,0.7847578120452298,0.7552483936397646,0.8061046931322344,0.7829590223141564,0.8478076906778836,0.8604679356554702,0.7804543102223682
2020-06-15,1.5199441667841005,0.7635384341017138,0.7442399456737269,0.7869742378265256,0.7612643185372047,0.8268224878133257,0.8390708474750833,0.7597599818188165
2020-06-16,1.5899887319786863,0.7986169920638304,0.7681083920954055,0.8213447622880061,0.7963361022860467,0.8668022420683597,0.8741923983677651,0.7949856786140569
2020-06-17,1.585932406154276,0.7912055479919784,0.7686157182332374,0.8131326120385501,0.7888395210262984,0.8601677507321797,0.8681554201710049,0.7871623390976737
2020-06-18,1.5855140342116987,0.7898411891098827,0.7742069416615323,0.8116829387356284,0.7863886952562955,0.858754229304811,0.8668796364983655,0.7852744542345507
2020-06-19,1.5862216802255293,0.7835313496204572,0.7795868892259273,0.805617774073516,0.7810621939054306,0.8558705059240592,0.862044927414244,0.7792817586171725
2020-06-22,1.5866491377205665,0.7835458511119248,0.7785770568905912,0.8044040189644196,0.7810641165774992,0.8554563055244307,0.8606343463925561,0.7790651544312969
2020-06-23,1.595787483386025,0.78859261514164,0.7845654065550836,0.809220379262305,0.7871206998073128,0.859722966549078,0.864681089820786,0.7841067999926538
2020-06-24,1.5842248784783066,0.782485335529028,0.7791474726349373,0.8008845090743819,0.7815006580899152,0.851649539497302,0.8567208107036756,0.7777735331710568
2020-06-25,1.5655682534806916,0.7699063633809566,0.7694939340998859,0.7887703523048185,0.7686888118754562,0.8373220466878157,0.8429975516704722,0.7648862375226786
2020-06-26,1.5806891997264219,0.7776915031470965,0.7856390165875053,0.7982193448396602,0.7770430458932661,0.8467162103687665,0.8509174247652146,0.7729461568490215
2020-06-29,1.5543677093704675,0.765228014571506,0.7891122297167512,0.7882730326408729,0.7640258542246119,0.8306287421415454,0.8388570528595797,0.7609872439399618
2020-06-30,1.5633101242502156,0.7728937695096678,0.7970617417090687,0.7948058267083302,0.7709006947357527,0.8371367263687699,0.8443456995521084,0.7688643924615015
2020-07-01,1.5382661587260622,0.7630881782040604,0.7868811097223832,0.7852071251543763,0.7605258408051587,0.8255326383754775,0.8348441784277524,0.7589910584901788
2020-07-02,1.52524216381334,0.7634694791078089,0.7773484531244915,0.7855264954379269,0.7610507781695736,0.827799579935071,0.8342369452251325,0.7592097581617678
2020-07-03,1.537013794884297,0.7630830117931549,0.7884580218590995,0.784980739999245,0.760512311317958,0.8261488893342106,0.8344942191136047,0.7586330259226777
2020-07-06,1.5693358061809286,0.7750351612617191,0.8014452390626303,0.7974727558853816,0.7736307586789799,0.8444400308691674,0.8469090639007525,0.7705224441999244
2020-07-07,1.566005610172354,0.7663281178678547,0.8014768967088229,0.7885247047410742,0.7651137200658991,0.8366817617770806,0.8382698769518451,0.7616776301362242
2020-07-08,1.5524354822734543,0.759801659757849,0.7978319839334329,0.7842726846841851,0.7584383867792177,0.8296495896637809,0.8326283683759131,0.7549922726974408
2020-07-09,1.5431499176022412,0.7564101608121915,0.7986983542963874,0.7823396698524594,0.754022803957942,0.8244986726660785,0.8301503707682375,0.7520323812902797
2020-07-10,1.516758004237904,0.7422982302234903,0.7871051306094826,0.7675376824988149,0.7390256543450899,0.8096578322130714,0.8179611909443537,0.7379358061066538
2020-07-13,1.5623079781762534,0.7649123060700225,0.8096323919627897,0.7900977074481292,0.7630401768079127,0.8351665298018222,0.8405827439409915,0.7597996069837054
2020-07-14,1.555581828207598,0.7659590574228357,0.8060104865499965,0.792025021120024,0.7627936649286724,0.8360360667771419,0.8414425842690412,0.7601078438626918
2020-07-15,1.5819639761389275,0.7773761576209918,0.8092796007925478,0.8044452365245826,0.7745590386662189,0.8484162273215945,0.8529973861232669,0.7718887019396687
2020-07-16,1.5741267346755086,0.7784502032005681,0.7954441871567243,0.8064238162944349,0.7758461102760367,0.8517463104326707,0.8520936876858658,0.7740760185880778
2020-07-17,1.5669238485508712,0.7717699461567861,0.7948512116559835,0.8028572933001142,0.7680236241518115,0.8437465701322967,0.8465816106838537,0.7676655296301013
2020-07-20,1.5727179886984672,0.7736421764531015,0.7998770669672723,0.80463196733663,0.7710564704136826,0.8483198951902396,0.8489258551753339,0.7687562263552379
2020-07-21,1.583413260491904,0.7713787608403602,0.8088413008920835,0.8012832553253346,0.7684855972493687,0.8451080854454763,0.8458248452275235,0.7663528617282158
2020-07-22,1.5718227343300886,0.7707645416495971,0.8058207899303077,0.8004601382236878,0.7674598762217604,0.8430363392269378,0.8451786820133793,0.7661629532631454
2020-07-27,1.5764240689312523,0.7738114248114719,0.8122134717632319,0.8051995188745618,0.7691239581960362,0.8453207050926016,0.8495769098483427,0.769620315304575
2020-07-28,1.5667623620195388,0.7688716408030867,0.8047748633027995,0.7981680007555191,0.7650434794397628,0.8420425774270865,0.8435618004419253,0.7644472472744015
2020-07-29,1.5397685124867617,0.7570293338915369,0.796671269737504,0.7867778631413416,0.7514646437727334,0.822662943029184,0.8332607822856876,0.7525553862321649
2020-07-30,1.5290291910774616,0.7588622682181038,0.8092728313020507,0.7938476455607293,0.7518334581230767,0.8217365181795208,0.832332328924532,0.7541266110651983
2020-07-31,1.4785297359115923,0.7303422005067206,0.7893391291952356,0.765859051872025,0.720763408814117,0.7927869412476037,0.80425780522408,0.7247230683913095
2020-08-03,1.5076990223500808,0.7399299145001029,0.8011307014607123,0.7716454114954868,0.731578523882476,0.8017884914382527,0.814912334130283,0.7330568005221095
2020-08-04,1.5413451033166568,0.7617851340020582,0.8079808747216325,0.795643561233926,0.7516124531068737,0.8235139889090254,0.8350133425901992,0.7555629727442508
2020-08-05,1.5453650532366088,0.7628438494441442,0.8057440972352812,0.7984681238729425,0.7519864014103411,0.8247946780625952,0.8361795792882643,0.7568652091448419
2020-08-06,1.5441651473638307,0.7660039113080425,0.8027250173252385,0.8004597991498063,0.7554393761679464,0.8262206856186093,0.8398638074039403,0.7601586849896861
2020-08-07,1.5364182083973028,0.7602247034709899,0.7920994874231947,0.7955218000277321,0.7504435568886135,0.820404556996169,0.8358312212656528,0.7543729421192986
2020-08-11,1.5768293458499525,0.7828024692878909,0.8018149505107585,0.8169990191008966,0.7734365234965042,0.844747482499959,0.8557284978729338,0.7763382036365548
2020-08-12,1.5968054032320242,0.7940822710938314,0.8041229973639058,0.8259439173894537,0.7858733757260176,0.8576186497939767,0.8672986488317441,0.7870113813906773
2020-08-13,1.6125080358868982,0.8021320659863799,0.8131361104020669,0.8349689318657963,0.7924948015187088,0.8598740040995064,0.8756848528065597,0.7945930846807124
2020-08-14,1.611826077507124,0.7991672674907937,0.8141168049423385,0.8337875039352173,0.7882970050137436,0.8589744433085976,0.8727941674588887,0.7913476263770958
2020-08-17,1.5991319681878955,0.794032257025441,0.8063436004940275,0.827212409740691,0.7825093037550647,0.8536642439005749,0.8667118046153245,0.7864561368702486
2020-08-18,1.602122901447715,0.794611421449396,0.8151846236241481,0.8306522214588892,0.7817511554618342,0.8519873818409252,0.8690068147010088,0.7869419662866961
2020-08-19,1.6069793668392567,0.796765445960196,0.812785439541233,0.8317107029486569,0.7839531887912504,0.8545756935922584,0.8693084495814536,0.7891812672127315
2020-08-20,1.5922279027935031,0.7909217406994462,0.8022059663972755,0.8230375165823267,0.7779042721124229,0.8519064409337622,0.8625978656975195,0.7820405609920473
2020-08-21,1.6031363064831883,0.7971956109717083,0.8012548950225267,0.829307715032763,0.7843709179987304,0.8554169239288317,0.8679156217387204,0.7879870504555455
2020-08-24,1.6066627368634752,0.7988657102174707,0.8029428388962726,0.8312479539576917,0.7853609681400789,0.8529222627908768,0.8705525450362366,0.7897358910832083
2020-08-25,1.6260822273328626,0.8137219937573805,0.8067671890508397,0.8447895631783049,0.8000871896637569,0.8659763912586003,0.8843445304664181,0.8043216447578444
2020-08-26,1.6272489950900355,0.8117788940166272,0.8029445358571339,0.8422949127224965,0.7992240013716153,0.8701401425205368,0.8819767349520168,0.8024813551818469
2020-08-27,1.6192825872538243,0.8074673936518123,0.7981811884407248,0.8388238553425852,0.7955903974633153,0.8614426497414384,0.8779755806932701,0.7983827719593469
2020-08-28,1.5999104206568013,0.8048843903183187,0.7944576406885985,0.834175658083365,0.7932129851895611,0.8581331379941529,0.8741485077134539,0.7956422858620521
2020-08-31,1.6225047135247546,0.8169407852515053,0.8044349774789156,0.8504289318379901,0.8043097542680039,0.8660072851832638,0.8905105732346102,0.8081105762397698
2020-09-01,1.6219712266003923,0.8174008405755215,0.8007715735135228,0.8521662452866057,0.8044791684844599,0.8668793655782486,0.8921403267706888,0.8081251921791515
2020-09-02,1.6291066721885408,0.8187432523404767,0.8084865901877224,0.8550613089041942,0.8049143070437488,0.8686555314399914,0.8933161544432947,0.8090673620012689
2020-09-03,1.633135974091593,0.8225917372750635,0.8066156716680447,0.8577280960803877,0.8081186806746875,0.8713267266603685,0.896037841682691,0.8129843513810395
2020-09-04,1.6206595525288607,0.8238086703875358,0.8010383259519613,0.8598071920010794,0.8092341029577977,0.8715897620914953,0.8966156745197452,0.814280025875412
2020-09-07,1.621734130525586,0.8245862924564445,0.7943209332171007,0.859170618569339,0.8098659956580083,0.8689533305108116,0.8951075909307208,0.8152180708320357
2020-09-08,1.643455881001023,0.8297623794084048,0.7993868283014605,0.8629206363064814,0.8159960310425277,0.8758763706016308,0.8996800614804422,0.8199363031181991
2020-09-09,1.6325030946285746,0.8224474982058365,0.7946666115815144,0.856320630489434,0.8089779303567063,0.8704323642814973,0.892543556382988,0.8128722396869393
2020-09-10,1.6473450094914905,0.8348164902566347,0.8001782528213612,0.8698747134442806,0.8213263580803056,0.880884243808059,0.9051317140409836,0.8248299910787147
2020-09-11,1.662035323762371,0.8373237127204908,0.8094011307521284,0.8701911796887772,0.8249537906843551,0.8860543222689784,0.9076919361728449,0.8276178733506006
2020-09-14,1.682038020643505,0.8483059801108748,0.8175430758010979,0.8825213814571184,0.83649779847488,0.8993703919929884,0.919132266756091,0.8386511114366482
2020-09-15,1.6753651648808745,0.8435915175778653,0.8165812504275916,0.8795274197072062,0.8308098499508858,0.8932977427478457,0.9157314971012953,0.8335772477137082
2020-09-16,1.684770686604993,0.836908801560304,0.8246872042090451,0.8736663993811806,0.8242020349098541,0.8869321057125529,0.9114069832957619,0.8267261572101204
2020-09-17,1.6840130132635591,0.8323387366432139,0.8318877826560734,0.8700143943464416,0.8198751764216774,0.8848146966478337,0.9079321337214612,0.8221706859186374
2020-09-18,1.7006951969447457,0.8350822739811244,0.8395159331958568,0.8720190968236495,0.8231779788181014,0.8938758951515775,0.9113840169608826,0.8254427607119732
2020-09-23,1.6928109990161138,0.8299984760963764,0.8398957290396625,0.8654241567136067,0.8177909234230731,0.8827378968303825,0.9046627150446983,0.8206863436359894
2020-09-24,1.6689079304795018,0.8192266551424207,0.8306328388070919,0.8549279912431413,0.8064963849562918,0.8737446338188032,0.8948668059167278,0.8102564971164045
2020-09-25,1.6863430622250855,0.8245875771026712,0.8403648479417782,0.8603227539042487,0.8126418670116394,0.875177643087262,0.8998526438077427,0.8156006471066032
2020-09-28,1.7195351140354334,0.8381685825614568,0.8557183365740714,0.8747341438954226,0.8265251197706067,0.8918637972083665,0.9163486283577801,0.829266167201156
2020-09-29,1.728225025109305,0.8379595025144722,0.8573458481376133,0.8750623270709127,0.8272858430655695,0.8918082209465371,0.9150072503647014,0.8291693724761755
2020-09-30,1.6919690348961474,0.8146234161600033,0.8363667303552509,0.8533935757199408,0.8044981060024632,0.869454348413646,0.8925777105537861,0.8061115299405552
2020-10-02,1.669211777171063,0.8088572177636899,0.826212364104524,0.8453398781383328,0.7987283842137917,0.8606510023306978,0.8858918985903582,0.7996741026507603
2020-10-05,1.705701640250888,0.828158708748734,0.8438557323144598,0.864304071570751,0.8181315610713885,0.8811818514116359,0.9047061101864111,0.8186342049023917
2020-10-06,1.7133125857262956,0.8357268803081885,0.8447647663840109,0.8735351909370901,0.8253711988093066,0.8902676961358671,0.9113608954583089,0.8268689001595783
2020-10-07,1.7135639207298838,0.8364773540837019,0.843815895185211,0.8720590883089555,0.8258992689541075,0.892547979153133,0.911010232644753,0.8275807704861895
2020-10-08,1.7237682033378536,0.8363253426268632,0.8549561534436334,0.8737272727416029,0.8255753328197717,0.8934216112833482,0.9102927794885863,0.8277889149417534
2020-10-09,1.7185195489605758,0.8303240967719202,0.8539804864157352,0.8696235502922871,0.8198787017011133,0.8886508134470155,0.9051241257127042,0.8221255825274184
2020-10-12,1.7161276273355837,0.825931006647657,0.8526759125371233,0.8644486994537828,0.8160679166193335,0.88616925389037,0.9013008636432258,0.818080938930192
2020-10-13,1.717951281444508,0.8281549613734592,0.8517752158720131,0.8664605630797716,0.8188721165591188,0.8889175989131369,0.9029306583568243,0.820728194482961
2020-10-14,1.71092592871511,0.8204583440355295,0.8546518594387362,0.859951756501914,0.8117245855363067,0.8818995451536605,0.8964712015442876,0.8127860016763913
2020-10-15,1.6933408079348615,0.8189192523023339,0.8460159520843085,0.8591444629114898,0.8099943524505658,0.8779961293476672,0.895563888669062,0.8111276243036837
2020-10-16,1.6757382123009983,0.8129744184747011,0.8392921821289364,0.8535120037752447,0.804121240739302,0.8727275695312162,0.8883497267614981,0.8053686963229315
2020-10-19,1.7000515038175268,0.8233255619377761,0.847292265114703,0.8631754875270978,0.8149103443621628,0.8814261547114156,0.8980754765240562,0.8156473380839512
2020-10-20,1.6880249678703343,0.8147873232279705,0.8492291941868894,0.8541712899600696,0.8063649551743335,0.8720876605557779,0.8889919028988678,0.8068401051347739
2020-10-21,1.7061894756120306,0.8258017661811002,0.8497503092442928,0.8626766574200649,0.817624946481928,0.8840077682649664,0.899545009720577,0.817707245689925
2020-10-22,1.6847057079298342,0.8174311467410688,0.8376262641829795,0.8538651811227835,0.8090048485224912,0.8800142219514634,0.8906834000507519,0.8092325252885525
2020-10-23,1.6883640141215503,0.8212514970156236,0.8376043627612174,0.8560046438125062,0.8135266784356763,0.8834802085991698,0.8939130374742074,0.8132703806692737
2020-10-26,1.6804793074709894,0.8195144068195457,0.8365312527670172,0.85659111258268,0.8122587754014852,0.8832647967493447,0.8939056133769144,0.8116631091991361
2020-10-27,1.6801020521883225,0.8116235713413757,0.8345457155772452,0.8488285369449474,0.8052314649995419,0.8800018577575985,0.8864634387749375,0.8035161651658974
2020-10-28,1.6689841297864485,0.8007845828090434,0.8363859117522828,0.8399516127254071,0.7946241814506031,0.8665667683706461,0.8771930172176774,0.7925882603503945
2020-10-29,1.6648574366072262,0.7995573981242243,0.8299940440822071,0.8382861556405723,0.7953331121252886,0.8630686120911794,0.8762545942803492,0.7914604714311676
2020-10-30,1.6302973473393587,0.781315470974749,0.8190705158300354,0.821003724007404,0.7766907462958359,0.8479014121318952,0.8575117389451028,0.7740241898888487
2020-11-02,1.6511479054642137,0.7881411540739319,0.8260272371601534,0.8279365598189449,0.7834760271423413,0.8636631498028515,0.8677343495867187,0.7792999735991888
2020-11-04,1.671380674318078,0.7952556329023603,0.8334837102298616,0.8356958014945575,0.7905483942924045,0.8642359330777853,0.8767902461431077,0.7844171694240103
2020-11-05,1.6907237942974778,0.8034717707639074,0.8420947992750405,0.8428927858789456,0.798715899588816,0.8656349336964948,0.8843911867272265,0.7936344345633972
2020-11-06,1.7026782779116147,0.8066022234091907,0.8453757333263557,0.8485689970113511,0.8018278226104804,0.8722593201005345,0.8867104242405639,0.7963163631200931
2020-11-09,1.7201549558453988,0.8127673660272361,0.8518372354280525,0.8567466130040531,0.8079564728150591,0.8702514477823534,0.8896533904400612,0.8067222993077964
2020-11-10,1.7348093526860906,0.8153108636793287,0.8545029994570227,0.8564743088830505,0.8104849151190888,0.9028563453202325,0.9020795783226745,0.8063239134491694
2020-11-11,1.7575182353403602,0.8219335923731729,0.8614440838771926,0.86223221352594,0.8170684428781377,0.9109009677269289,0.9076869999059379,0.8130631066052899
2020-11-12,1.750079001013194,0.8208886043040787,0.8603488630488965,0.8632185660361545,0.8160296402517897,0.8994193897751767,0.9035577833809372,0.8128696265809384
2020-11-13,1.7247070861343532,0.8154613408559631,0.8546607100978494,0.8587343225780237,0.8106345015985104,0.8850114469643661,0.8947382448438893,0.8099820262423221
2020-11-16,1.7498977014884491,0.8232397780086851,0.8628130580845962,0.8637098559629561,0.8183668970029246,0.8968415504780997,0.9018039836216529,0.8135846434041076
2020-11-17,1.7424903955136324,0.8202773211249257,0.8597081953804361,0.8589468157675141,0.8154219753504124,0.9011247858284984,0.9044650418441827,0.8101476674392482
2020-11-18,1.7308524995745107,0.8150849651718318,0.854266241968771,0.854450753097312,0.8102603537390921,0.8934040471542217,0.8996122761914775,0.8041406030865723
2020-11-19,1.726086486716081,0.8189928302879682,0.8583619588443472,0.861118637243961,0.8141450876093799,0.8921431456900102,0.9015966269488797,0.8082952639534167
2020-11-20,1.7349321506370052,0.8213541842663519,0.8608368235213648,0.8637400038044843,0.8164924643757089,0.8956393796059857,0.9042411197236537,0.8096439853316107
2020-11-24,1.7636205196972703,0.8351752532657493,0.8753222737242368,0.8773025183870751,0.8302317243731537,0.9043602015051874,0.9115637997898921,0.8241884969957137
2020-11-25,1.759370655084986,0.8332077984499844,0.8732602430114602,0.8779789791693788,0.8282759152206057,0.9039790340013182,0.9086706632741349,0.8217362244108755
2020-11-26,1.7695573352474756,0.8355457593613568,0.8757105901126448,0.8801905325719617,0.8306000373870321,0.9044078614905633,0.9099186690712756,0.8243669363603265
2020-11-27,1.7843800507515235,0.841041513190754,0.8814705257895774,0.8892214269181881,0.8360632610166467,0.9106288862526806,0.9198248005723976,0.8312660804830149
2020-11-30,1.7511814824743024,0.8243459071825365,0.8639723590812461,0.8692545184303284,0.8194664788305652,0.8849844687626359,0.8965933784390628,0.8175080182759955
2020-12-01,1.7744211005181394,0.8309444981703216,0.8708881454916062,0.8741155790345485,0.8260260117582953,0.8928898567127611,0.9045832213253773,0.8209841854299739
2020-12-02,1.7837573729770708,0.8372477729412114,0.8774944197828874,0.8782623992433989,0.8322919764905722,0.9020753726587427,0.911067629226256,0.8257242533094953
2020-12-03,1.7911215852870763,0.841660856514169,0.8821196410548439,0.8861313059560879,0.8366789383530707,0.9074155484409425,0.9239258532545269,0.8288182351426093
2020-12-04,1.7952438027308466,0.8444949127352638,0.8850899308540336,0.8855042131839437,0.8394962193658994,0.9133743766948254,0.9273954303310004,0.832805392754006
2020-12-07,1.7748255067851408,0.8401841491137156,0.8805719480714421,0.8835034409945336,0.8352109718075116,0.9080847207477472,0.9255008094963942,0.8292659071925073
2020-12-08,1.7813484375865374,0.8407753714613786,0.8811915905807349,0.8853380256123053,0.8357986946205006,0.9039330436661971,0.9229176976856174,0.8310228925896213
2020-12-09,1.802254341173852,0.8511263888961753,0.8920401832335425,0.8992852561686699,0.8460884428144325,0.9124106846097791,0.9303310711644004,0.8402047267547451
2020-12-10,1.794041397991621,0.8487860959207763,0.8895873919656055,0.9014655776726973,0.8437620023878197,0.9160720116938571,0.9330310473470381,0.8383765799917279
2020-12-11,1.80475022952833,0.8545378026049876,0.8956155841958378,0.9052338952982424,0.8494796638485119,0.9171729781970139,0.936276716756344,0.8443373857591576
2020-12-14,1.8178647340624534,0.8537951049935001,0.8948371849803022,0.9037505748043345,0.8487413623767406,0.9279610414454659,0.9404311919983923,0.8439333480219198
2020-12-15,1.8158539987981464,0.853165804444573,0.8941776338439523,0.9028842522060703,0.8481157867531314,0.9248769946126434,0.9379042030790266,0.8448971942004744
2020-12-16,1.8191015868814617,0.8567139269971146,0.8978963152679991,0.910431833231246,0.8516429074305762,0.9317902465648747,0.9427926352508852,0.8486014887742404
2020-12-17,1.8129723662399995,0.8543273725150295,0.8953950386946609,0.9110449011196652,0.8492704793261464,0.9255741296582523,0.9402667215197333,0.8475938122601233
2020-12-18,1.8134698079193203,0.8589106918370164,0.9001986789778689,0.9190134813356649,0.853826669286477,0.9316378819627497,0.9472295548017284,0.8525004622983859
2020-12-21,1.8102977044892132,0.8591995664099048,0.9005014398019868,0.9201339178456898,0.8541138339669903,0.930663105205154,0.9455664772571835,0.8526838488549475
2020-12-22,1.77148082159271,0.8433884366140941,0.8839302662322472,0.9021521475612654,0.8383962926445744,0.9162975016133599,0.92907486455801,0.8366187548101293
2020-12-23,1.7765462568076285,0.8438665257393709,0.884431337185372,0.9035503048620114,0.8388715518878656,0.9103529771483345,0.9294970811625174,0.8383556013862434
2020-12-24,1.7901967476919138,0.8540725448734188,0.8951279614437601,0.9120505345611732,0.8490171600479648,0.9172197416218603,0.9369871993904983,0.8471001789515552
2020-12-25,1.8015920793470557,0.8618576883116351,0.9032873380883175,0.9214327984189967,0.8567562220423532,0.9261643616307854,0.9481487024998747,0.8541856835450679
2020-12-28,1.7969120233499574,0.8654381122448582,0.9070398736260633,0.9253314774366295,0.8603154529037123,0.9210953226695073,0.9479062922954217,0.8583878004679442
2020-12-29,1.827390793668858,0.8781184419523418,0.920329748999796,0.9367741540940402,0.872920725817988,0.9331455150230473,0.9602031837649226,0.8709030401124832
2020-12-30,1.8180836806168401,0.8739782121897782,0.915990497668609,0.9301224446298904,0.8688050027028295,0.9297372711859059,0.956367880368038,0.8679895729992522
2021-01-04,1.8025225760746653,0.8639362194869006,0.9054657846206181,0.9225577310162535,0.8588224500765966,0.9185871043093953,0.9481190556851724,0.860354195059532
2021-01-05,1.8040764262518336,0.8638042006702715,0.9053274196363896,0.9238807252323705,0.8586912126993502,0.9199541936646872,0.9473752241515893,0.8613634050083263
2021-01-06,1.8132318872611715,0.8614048780232121,0.9028127611301542,0.9179352349981105,0.8563060920066495,0.932244593016141,0.9513354795918151,0.8598354130723377
2021-01-07,1.8366489973695104,0.8752768319314113,0.9173515422882916,0.9388361875307227,0.8700959357174096,0.947239144231298,0.963054957664381,0.8770132631939916
2021-01-08,1.8627782003883695,0.8858224337954524,0.9284040730778812,0.9508289459708538,0.8805791165658604,0.9604719480471664,0.9746016390786866,0.8881282103946847
2021-01-12,1.8662802287708842,0.8884601151215501,0.9311685482065345,0.9505579239369052,0.8832011850564556,0.9636909736037622,0.9803940540423118,0.8882060319331371
2021-01-13,1.8766573693354465,0.901977667539774,0.945335891733105,0.967155004824544,0.8966387250333682,0.9713660686866616,0.9896661102200264,0.8994679821404082
2021-01-14,1.8775171468595522,0.900250367982023,0.9435255605835869,0.9655800742810839,0.894921649623467,0.9732258887400963,0.9952164671123738,0.8968991538505164
2021-01-15,1.861975212873607,0.883531849485818,0.9260033799799641,0.946111641158414,0.8783020905718865,0.9744881191207131,0.9858929300382913,0.8813272080837665
2021-01-18,1.855841120509199,0.8782854092815765,0.920504742477742,0.9405892822895762,0.8730867048422976,0.9656511646134027,0.9827776737210707,0.8723231734063052
2021-01-19,1.8576975626048873,0.8804840390964084,0.9228090608122128,0.9413036780387761,0.8752723206340591,0.965876242233487,0.9825729066911476,0.8746765231443249
2021-01-20,1.864514868977048,0.8858957621886875,0.928480926379801,0.949166492589438,0.8806520109172232,0.9721783253885153,0.991818446206684,0.8800204301432342
2021-01-21,1.8760655150365655,0.8880622747730422,0.9307515836029097,0.9530692301283945,0.8828056995852622,0.9774125006153328,0.9975979381806445,0.8833021926619604
2021-01-22,1.8707916690706905,0.8882638070206544,0.9309628035409034,0.9583346557089262,0.8830060389329591,0.9722202730405705,0.9964261365623561,0.8830725886555292
2021-01-25,1.882840353157724,0.8944186591247941,0.9374135204618915,0.9628020137729763,0.8891244595347435,0.9818241992270422,1.004914926508766,0.889158781308307
2021-01-26,1.8719540380826112,0.8926972029163552,0.935609313552509,0.9583649262764148,0.8874131928864843,0.9800958365352004,1.0014313550404779,0.8851839231628477
2021-01-27,1.8852041797329757,0.8994797645668205,0.9427179141274724,0.959915540147922,0.8941556075266619,0.9890261091921255,1.0070950679832278,0.8892219780367915
2021-01-28,1.8778630153244056,0.8934095843433745,0.936355939279288,0.9552812880286528,0.8881213576198775,0.99813889297907,1.000007193770404,0.8825586890017515
2021-01-29,1.8463017886239044,0.8732437253236313,0.9152207038903781,0.9357410600860324,0.8680748633757527,0.978344556640374,0.9847810440591698,0.8642432547991878
2021-02-01,1.8679223083109737,0.8921981662730473,0.9350862881304984,0.9581656415169051,0.8869171101166957,0.9931766645524024,0.9970704512393603,0.8820575337478161
2021-02-02,1.8958523854902212,0.9037645621876073,0.9472086827191057,0.9675674032628709,0.8984150427809818,1.0065435270488183,1.0079705261925702,0.8946201685385586
2021-02-03,1.9138634192549366,0.9130563957179426,0.9569471763119616,0.973083033160029,0.9076518765404994,1.0155941078237734,1.0156389355788882,0.9028608711848576
2021-02-04,1.9113636376815866,0.9138382309613404,0.9577665945122168,0.9741925770972037,0.9084290839826066,1.021542092830271,1.0178603207832506,0.9052395537570722
2021-02-05,1.9317755987901657,0.9176004062859356,0.9617096182624978,0.9771365230000172,0.9121689904213081,1.0384623713994563,1.028866210428988,0.9092438202262251
2021-02-08,1.959733287802845,0.927367653607299,0.9719463788704445,0.9894204208344831,0.9218784239255767,1.0538803627441535,1.042576809658245,0.9164951998408246
2021-02-09,1.9593306960843264,0.9285405399814124,0.9731756460976458,0.989787340316856,0.9230443678074941,1.055915417058548,1.0443435768001477,0.9209241886556846
2021-02-10,1.961938446633124,0.9248983593653592,0.969358385222528,0.9824496903385619,0.9194237458104698,1.055549307570499,1.0363628468604054,0.9177714862586092
2021-02-12,1.9648736071092059,0.9228582460333,0.967220203285874,0.9796890163061207,0.9173957082183966,1.0572672722433636,1.0378269959093374,0.9169758920837666
2021-02-15,1.975707830555591,0.9268489607576876,0.9714027523648567,0.9823633165353232,0.9213628012975488,1.0578407366931193,1.0464330062286276,0.9205933913365261
2021-02-16,1.9741833238887379,0.9216304691754453,0.9659334069797803,0.9797892858990511,0.9161751987578298,1.0591918896544559,1.0470752451614074,0.9172888833362607
2021-02-17,1.980674476844888,0.9220805536145773,0.9664051270566004,0.9849285267317843,0.9166226190789575,1.0806933540264885,1.053061290705724,0.9238740089448132
2021-02-18,1.9528200132954443,0.9080530764180886,0.9517033465785115,0.9709760302148509,0.9026781726458205,1.0706949377552604,1.0380135507106798,0.9161637180559339
2021-02-19,1.9386223885802203,0.9032628504424675,0.9466828536026505,0.9651456033464382,0.8979163007436946,1.0551360242687498,1.03165909349478,0.9082332963192685
2021-02-22,1.9556204170831493,0.9094842084241936,0.9532032733503896,0.9730331208322254,0.9041008335646972,1.068698125251495,1.0397556624102486,0.9167266046134656
2021-02-24,1.9265016288810441,0.8968575736046043,0.939969673987201,0.9598080664755053,0.8915489377101369,1.0637210415143261,1.034069647694292,0.9026166329648637
2021-02-25,1.9444213794243874,0.9104437325285664,0.9542089219462365,0.9763576629606625,0.9050546781004829,1.0747499277446322,1.0481255215224594,0.9162319474489827
2021-02-26,1.8949571854051208,0.885611090974233,0.9281825709702916,0.9490096893314313,0.8803690247148281,1.0468121382805262,1.0231652013288781,0.8901962337439984
2021-03-01,1.934897703167606,0.9082090070073121,0.9518667727784241,0.9703927492816584,0.9028331802582554,1.0693369367640313,1.0417637496275585,0.9100927393048418
2021-03-02,1.9271477721122272,0.908543886983854,0.9522177504939936,0.9724630035052897,0.9031660780294661,1.0630719021558397,1.03672426957702,0.9129587054574263
2021-03-03,1.940091365582069,0.911860713159375,0.9556940170837334,0.9772744832065174,0.9064632714081984,1.0755238725324672,1.046116561539476,0.9143659135471749
2021-03-04,1.929711150240218,0.9097828409351075,0.9535162611783203,0.9742371886097456,0.9043976984245221,1.0712156828875503,1.0464930810765736,0.9105737587455381
2021-03-05,1.9392097959907413,0.9167924883843912,0.9608628636061582,0.9851939507751346,0.9113658547082606,1.0780430985132643,1.0563382813905426,0.9145182875249668
2021-03-08,1.9393699579146164,0.9184687384729464,0.9626196913295698,0.987389844184643,0.9130321828185105,1.0926793776359214,1.0641572029068314,0.9153216150806245
2021-03-09,1.9689285254096531,0.9295333090167689,0.9742161377141219,0.9975524161359774,0.924031260492479,1.1158204570372428,1.0771525445064682,0.9269172031968567
2021-03-10,1.9680185042040117,0.9330127801884783,0.977862867673456,1.002373063288621,0.9274901361470187,1.1147991396565955,1.0774950874028675,0.9308189708361929
2021-03-11,1.9856702235565133,0.9448891629627908,0.9903101502443665,1.013672276070374,0.9392962208118568,1.118411547611631,1.0892334863225503,0.9451294860417918
2021-03-12,2.006452770339179,0.9561404072057951,1.0021022437654608,1.02659657119927,0.9504808672350915,1.1291082624157334,1.1007454944459605,0.9571646633042511
2021-03-15,2.0308386330638224,0.9748798124252159,1.021742455470445,1.0466772178697186,0.9691093510751133,1.1504714966532992,1.120223259036664,0.9756055561192976
2021-03-16,2.0466534362918893,0.9783596532268182,1.0253895728278455,1.051679976631633,0.9725685941716505,1.152289074515468,1.1248053994845684,0.9783006113409908
2021-03-17,2.0540572999028517,0.9825779789891168,1.0298106742471305,1.0573689216053954,0.9767619510244865,1.1584633068491554,1.1299898043776224,0.9828743585858615
2021-03-18,2.0723466593158797,0.9889817062460066,1.0365222297929781,1.060942588283722,0.9831277736492754,1.1709063043880905,1.1334811851913325,0.9903661511202322
2021-03-19,2.0835974166666933,0.996574256911976,1.044479755697051,1.070334958859404,0.9906753828572227,1.185314969271493,1.1406984219612888,0.9958313175215446
2021-03-22,2.074556290403478,0.9937293462908225,1.041498089724894,1.0730672906960248,0.9878473116931743,1.1801824209759249,1.1458690765213717,0.9926936750875744
2021-03-23,2.049107407791564,0.9818473440462361,1.0290449175547907,1.0612273814386899,0.9760356408205584,1.158788168137668,1.1306756609311188,0.9801778170866036
2021-03-24,2.0018307391625347,0.9624178104380459,1.0086814028687168,1.038536578511196,0.9567211135662874,1.1255317330200918,1.1025782243992026,0.9605816690815084
2021-03-25,2.0317846420560297,0.9761658406115431,1.0230903032565566,1.057305809734917,0.9703877670657116,1.1466270828013037,1.1197814356714242,0.9727570735448386
2021-03-26,2.0576561036089394,0.9885386625380229,1.0360578888964838,1.0691735186905849,0.9826873523841414,1.1578093035746393,1.1333053446712982,0.9860461789027813
2021-03-29,2.064025894306617,0.9927761910726359,1.0404991161687058,1.0767255892086522,0.9868997983451723,1.1541898797286596,1.1324996630025703,0.9875871635569935
2021-03-30,2.0650821791792584,0.9887712279702586,1.036301633789712,1.0735114935317236,0.982918541226339,1.1583164436488196,1.1301533651253848,0.9852032689737759
2021-03-31,2.0432050553435936,0.9740739382053889,1.0208978427359603,1.05645411762326,0.9683082469469215,1.1386134827701704,1.111088015117502,0.971166272392362
2021-04-01,2.0416230003701865,0.9692038067321538,1.0157936031912433,1.053705188572235,0.9634669425199315,1.1307737427506235,1.1046086815722378,0.966790691351611
2021-04-02,2.0548076334925347,0.9773389359624736,1.0243197895061271,1.061072873622871,0.9715539186874805,1.1262043228449559,1.1005520682104226,0.9747904112896557
2021-04-05,2.067635164230606,0.9889118617893733,1.036449027901102,1.072828631359816,0.9830583426125656,1.1412451611336754,1.1122967517643754,0.9842660923695594
2021-04-06,2.0411954323854458,0.9780782505662532,1.0250946430921828,1.065901125331293,0.9722888571760793,1.1259642209494403,1.1006121849386712,0.9748724028727003
2021-04-07,2.0699679047083523,0.9948124619337765,1.042633270926192,1.084826900659061,0.9889240162104944,1.1430848867328325,1.1169172606623425,0.99240812802017
2021-04-08,2.0437913096325118,0.9838001088812469,1.03109155213687,1.0746654049194722,0.9779768469445747,1.1234180631194655,1.1051062947653292,0.9832207472117003
2021-04-09,2.0513061341989833,0.9827904262959831,1.030033333933185,1.0719690869757939,0.9769731408235477,1.1248639206498234,1.1069881206595973,0.9827498083054871
2021-04-12,2.051153945766162,0.979289382491783,1.0263639943411444,1.065725516630817,0.9734928202281982,1.1316367911541179,1.1099793538120262,0.9795833783351958
2021-04-13,2.0588337094546856,0.9769786467296572,1.0239421811068912,1.0678185140101726,0.971195762061234,1.134773956633779,1.1145336942805937,0.9786651890179934
2021-04-14,2.051482077458196,0.9711198274567968,1.0178017273671445,1.0608805656789242,0.9653716220275377,1.1298966346755281,1.1048766423820633,0.9736729111400766
2021-04-15,2.054427871346003,0.9769546710936216,1.023917052957839,1.0667804426790803,0.9711719283406215,1.1337387478321141,1.1104529832629024,0.9761283490963487
2021-04-16,2.0588544303949226,0.9753105314566163,1.022193879240998,1.063713233838208,0.9695375206152925,1.1353992664005252,1.1134812072698166,0.9759632416955412
2021-04-19,2.061618228115589,0.9812284157465222,1.0283962372634872,1.0706474893335174,0.9754203760512473,1.126859178062461,1.1138583653602379,0.97899934964591
2021-04-20,2.03158798752681,0.9701065630114466,1.0167397551227326,1.060107923473289,0.9643643552479969,1.109890436027851,1.0994688446794347,0.9680335696265123
2021-04-21,1.9860083325251596,0.9545928502680039,1.000480295495073,1.043320042487197,0.9489424705213432,1.0818269946673398,1.082546190848211,0.9513058373194682
2021-04-22,2.0165491215144375,0.9617240127286533,1.0079542541821203,1.0535309199622018,0.9560314225506799,1.0934585146900422,1.0926068957863624,0.9594117551455906
2021-04-23,2.0064748699283372,0.9562585388189608,1.0022260539859271,1.0456118505570697,0.9505982996093365,1.0914727610038053,1.0887396368127757,0.9532378322185059
2021-04-26,2.0093984605065125,0.9518440387062921,0.997599348080948,1.038627990066108,0.94620992959184,1.0937862955686677,1.0829805027653054,0.9502437730844855
2021-04-27,2.002652925052857,0.9475616093480228,0.9931110615946254,1.0336908048172162,0.9419528485819327,1.0908414351069207,1.0795988579137472,0.944624584681807
2021-04-28,1.996855524175616,0.9509098433315214,0.9966202457711639,1.0356433698437029,0.9452812638610674,1.0859535770660178,1.0788407734145686,0.9497196107616545
2021-04-30,1.9928230486768395,0.9489060391225173,0.9945201183434592,1.0365061787133685,0.9432893204728473,1.0904241593538841,1.0822011071363724,0.9476589498259269
2021-05-06,2.017446895071246,0.9644602555770446,1.017765885165292,1.0550564403595242,0.9587514691629816,1.1163316783428943,1.103071601662701,0.9629786503544978
2021-05-07,2.0340102704885616,0.974131628532204,1.0278051335710225,1.068514096257364,0.9683655957959493,1.1249710683174547,1.1149100656656104,0.9703818420591618
2021-05-10,2.0497468904960656,0.9866500322655399,1.0374045814875708,1.0808739438528372,0.980809901200458,1.13426070853244,1.129275147775368,0.9835905171915919
2021-05-11,2.00703744923567,0.9672254278948479,1.0223122265725788,1.055709102446407,0.9615002740067815,1.1090699880921944,1.110885471471614,0.9596359885285206
2021-05-12,1.9716260449841438,0.9468656637427754,1.002482896436839,1.0344917014198678,0.9412610223841914,1.0864769109183918,1.0878536200112017,0.9402197824497598
2021-05-13,1.939337766187664,0.9367924409846792,0.9908916539548935,1.0201404461231476,0.9312474245581697,1.070912650138548,1.067587573231062,0.9293559312819608
2021-05-14,1.9725672920312995,0.9537486541489991,1.003632512091866,1.0370998178610638,0.9481032713271025,1.0891773687267152,1.078076195158082,0.9449769240754528
2021-05-17,1.9637187914114653,0.9536601304767316,1.0035859191051473,1.0330661577148916,0.9480152716398665,1.092410078582325,1.0775281606142901,0.9423065728585253
2021-05-18,1.9906289580370482,0.9623146796916476,1.0136142023262371,1.0403777374209013,0.9566185932664063,1.1092186319454143,1.091918542828077,0.9520499669927278
2021-05-19,1.9773051698147635,0.9513915442654367,1.008142380622088,1.0279535344300723,0.9457601135341543,1.1021708354560091,1.085667866450399,0.9420203144141881
2021-05-20,1.988498910378457,0.9525727407637906,1.0083227701330766,1.0248262997428206,0.9469343183514274,1.1030930138774762,1.0827023890133753,0.9433670205958248
2021-05-21,1.9958770191904394,0.9545413777928393,1.0089129321612573,1.027968008519202,0.9488913027195596,1.100318970706558,1.086906809662515,0.9457162705705431
2021-05-24,2.00397441187107,0.965116094598606,1.0186244173868118,1.0402142532557201,0.9594034261739838,1.1092548780314748,1.0938430394302667,0.9549388584045171
2021-05-25,2.0012721775250326,0.9656894201606531,1.0167977711827758,1.0446884162441774,0.9599733581351432,1.1063781008031186,1.093668576541515,0.9588443453025052
2021-05-26,1.9986180667773394,0.9597030536739641,1.015237946337679,1.0339557463567954,0.9540224258589063,1.0985927990983941,1.0886840440337098,0.9532154639709167
2021-05-27,1.980898626432414,0.9527419053798968,1.003861609206052,1.024140526800811,0.9471024816565344,1.086652687343377,1.079354221991107,0.9474096653649223
2021-05-28,2.0133611862740155,0.9650872227875724,1.0158986070178075,1.040534737188231,0.9593747252595751,1.107979417407369,1.0955927391390308,0.9574761364825745
2021-05-31,1.9924576327643144,0.9524362093601471,1.0029441593499413,1.0254262447659797,0.946798595097853,1.088982067273765,1.0813831239007645,0.9448974502469869
2021-06-01,2.000207175181294,0.9567438093596318,1.0093907483489244,1.0265961452417416,0.9510806977601357,1.0952977689845536,1.0844836386947656,0.9494068812984411
2021-06-02,2.0101428254165694,0.9639470437386661,1.0153954524056228,1.0346909812801117,0.9582412951032503,1.1086633460839936,1.091101370789892,0.9572347346467613
2021-06-03,2.0264200456502093,0.9695315745344756,1.0199335375686491,1.0394000924967242,0.963792770214959,1.1158005745788064,1.0956886264730974,0.9624193250251487
2021-06-04,2.0316715990136602,0.9715147460973058,1.0257965915088472,1.0431281621117101,0.9657642030847646,1.13008535174218,1.0993646593322703,0.9639060459493757
2021-06-07,2.0359881450256285,0.9716147617269468,1.0269152843611478,1.0445549333980766,0.9658636267067366,1.1303576049000077,1.1024582844870605,0.9651786739686625
2021-06-08,2.0435394161086142,0.9732948428563638,1.0318383173374472,1.0460927454954334,0.967533763181337,1.1398615593470323,1.1083337842089034,0.9680107739247132
2021-06-09,2.0424169883168095,0.9674727339342819,1.0275611472271327,1.0413409247536372,0.9617461162042895,1.1454724615287881,1.109997689277979,0.9625939183614955
2021-06-10,2.0426652219812316,0.9663213545910752,1.0233327589517933,1.0381970024144211,0.9606015520499036,1.137829961396194,1.105561788811948,0.962484073151974
2021-06-11,2.0375376542507038,0.9630248472396017,1.0190508212472902,1.0341792090169821,0.9573245572250201,1.1289638445631465,1.0986285522719925,0.9596958692253948
2021-06-14,2.0439808061495914,0.9637235960320473,1.0171415806288677,1.0308739793213073,0.9580191700174697,1.1275365261918024,1.0963635046362203,0.9596847685630551
2021-06-15,2.0550711733926263,0.967256498674475,1.018275654560406,1.032238041663588,0.9615311608737553,1.1298543259199596,1.0979285861479628,0.9630953174066458
2021-06-16,2.0623096450305622,0.9736616816513358,1.0227364312272287,1.0384996602607324,0.9678984306018881,1.1338081475907105,1.102747050696679,0.9692350336079515
2021-06-17,2.05001638593311,0.9701556008674578,1.01654070515101,1.0340925638710075,0.9644131028415068,1.125568230174475,1.096621929621781,0.9645888901694819
2021-06-18,2.0323932958529802,0.9584520978401128,1.0085533836522114,1.021694902862389,0.9527788746222143,1.1070969670007798,1.0816129426801628,0.9542192793360379
2021-06-21,1.9874766048214596,0.937247505322034,0.992360034126232,0.9991289685039209,0.9316997953007479,1.083929539250418,1.0590039714523418,0.9341592662988457
2021-06-22,2.041599698500079,0.9619913673890119,1.0138676328202516,1.0247982750930973,0.956297194698287,1.1184423743813936,1.0878604140032684,0.9594418513850325
2021-06-23,2.0358003762802133,0.9582755559975937,1.0096994192791455,1.015881472527323,0.9526033777576157,1.1099830173860459,1.0795012051272102,0.9558445418917244
2021-06-24,2.033294201945603,0.9617433743612285,1.0118097001362798,1.0190238838962637,0.9560506695788178,1.1103392649329462,1.0831639536662916,0.9589069612499249
2021-06-25,2.05056480853097,0.9677080708448385,1.0172599785221965,1.025456470372362,0.9619800601200078,1.1206774691045405,1.0915109117341322,0.9655699999162769
2021-06-28,2.060689290395826,0.9706803919496133,1.0209998422663848,1.0288729330718858,0.9649347876057164,1.1261699255194504,1.0952642686794816,0.9685788183640955
2021-06-29,2.043611777129053,0.9579942605286025,1.0077962376280403,1.013009970960557,0.9523237473191349,1.1085389432519255,1.0815231498637068,0.9544721944649357
2021-06-30,2.040851707998875,0.9611655095317991,1.0105292925404965,1.016835911358411,0.9554762252188875,1.106995069497213,1.0835063603181576,0.9577435994982095
2021-07-01,2.0332061350924295,0.9548042037328861,1.0084894732357423,1.0101687803838844,0.9491525729530367,1.1068584852149217,1.0803675508092672,0.9514689123159579
2021-07-02,2.052047540958502,0.9641169526380545,1.017971631816144,1.021404642968018,0.958410198286114,1.1197309303426388,1.0910190831544277,0.9597358778098516
2021-07-05,2.046865647849745,0.9635164339916539,1.017627252427937,1.0176361575052446,0.9578132342005884,1.1154092149143398,1.0881037218397929,0.9594144752934629
2021-07-06,2.049501438843069,0.9672615672191343,1.0240956139402555,1.0219736020559487,0.9615361994169306,1.1190934004043842,1.0939224993283234,0.9625264317607918
2021-07-07,2.031332372922642,0.9572027176066089,1.0138995331997698,1.0107743290416467,0.9515368896596528,1.104700496778797,1.081964405786911,0.9514358502515667
2021-07-08,2.0089852187925628,0.9448671625825483,1.004129895341218,0.996005719032273,0.939274350655199,1.096167435385526,1.0695232386784437,0.9395023936567064
2021-07-09,2.0064091374834327,0.9424236705410275,1.0032077884326853,0.9946628976841693,0.9368453220133766,1.1012182321667945,1.0686667573241557,0.9372493965223612
2021-07-12,2.049081126047341,0.9624119473016226,1.020845053113986,1.01762606388825,0.9567152851346573,1.1210067820184286,1.0904737309184902,0.9578826011860104
2021-07-13,2.0687803890434138,0.9731130870059497,1.0338756499302963,1.0278689145483717,0.967353083171346,1.1335949122195568,1.1031326316672405,0.9659279302029579
2021-07-14,2.0685565888371773,0.9728638070426368,1.0350697891075202,1.0277125781880772,0.9671052787339137,1.1335868613013804,1.1098885981518631,0.9648182060280331
2021-07-15,2.0452042295881223,0.9602531159902913,1.0267813702317923,1.0146601299514708,0.9545692322730226,1.120704447805459,1.097708786585282,0.9537501750903922
2021-07-16,2.0435993692281156,0.9584828008434454,1.026249283540148,1.0118094265192408,0.9528093958898173,1.121260304799915,1.0953477596542907,0.9531649216165967
2021-07-19,2.0130232052614936,0.944830451081338,1.0146181262073224,0.9984942612073313,0.939237856454928,1.1066941733756501,1.0836620463263233,0.9390960244777075
2021-07-20,1.9948506722312793,0.9313572273821372,1.002082102458873,0.9838530524797551,0.9258443828086328,1.0979068259803086,1.0686309670166863,0.9256861970368727
2021-07-21,2.0134871098521123,0.9435850061433309,1.0093722605634385,0.9929271040706231,0.9379997834942527,1.1038162304139407,1.0762261560808704,0.9363555571108739
2021-07-26,2.0422831411460147,0.9526583539897179,1.021934683530029,1.0044315396398995,0.947019424819696,1.1187359731934434,1.0898721844148136,0.9455429350798733
2021-07-27,2.055943140028077,0.9572403234459287,1.0264874747858066,1.0114060104109928,0.9515742729043106,1.1290989675134362,1.0938686427742292,0.9484951126164254
2021-07-28,2.034763290967186,0.9503214288164216,1.0238625525119374,1.005394488650265,0.944696332260655,1.1210954989047397,1.0870130659951822,0.9413270573330836
2021-07-29,2.0422532885826774,0.9545634583732812,1.0233434612238834,1.0076995749675102,0.9489132526016996,1.1205283761715492,1.0875420237900553,0.9463319003579078
2021-07-30,2.0115463903576125,0.9415385317327682,1.0096578249984476,0.9902272928577374,0.9359654224758637,1.1040310091065275,1.0713666347697135,0.9334039901090725
2021-08-02,2.0522776473911692,0.9619009061946978,1.0329488182254412,1.0115262676269274,0.9562072689574912,1.1259734627145435,1.092211304168634,0.9528497231899706
2021-08-03,2.0421119795533214,0.9592151700365442,1.0302724558021,1.0063865453406504,0.9535374300786736,1.121576370458232,1.0912436096175346,0.9487870628696483
2021-08-04,2.023277001500524,0.9492743305985936,1.0194203462159144,0.9955190303569695,0.9436554319758631,1.1107059433082165,1.079586469241254,0.9388843595818344
2021-08-05,2.0177992205663493,0.9468146098391876,1.0127134307733079,0.992055294406096,0.9412102706763961,1.1064459451074955,1.0738534455860052,0.9358581543102423
2021-08-06,2.018659556733376,0.9484633479481356,1.0141001757328143,0.9868350609774389,0.9428492496546154,1.1059612264855079,1.0695986659012167,0.938164125578388
2021-08-10,2.0315598204547936,0.9430538530802567,1.0095785563848587,0.9751393231795575,0.9374717744066536,1.1077876284641763,1.0648857948590786,0.9308683351300071
2021-08-11,2.0459936530965988,0.9560624100197592,1.0177068157181623,0.9920577656692243,0.9504033317262202,1.123624638006837,1.0741544335352304,0.9442429145935812
2021-08-12,2.049880226869508,0.9630497081993248,1.0194725451733706,1.0027371058466037,0.957349271028955,1.1251921222841434,1.0742993124574043,0.9505378841211364
2021-08-13,2.0511660646287098,0.9633633137510136,1.014983827577814,1.0006961831106436,0.9576610203018573,1.1178060334250772,1.070473715369027,0.9510704452726044
2021-08-16,2.015237968527398,0.9453443038831696,0.998678895088157,0.9837146255979533,0.9397486676841525,1.1042452262922215,1.0497579017519114,0.9333676481966051
2021-08-17,2.0009132879560068,0.9374456784578079,0.9942949096952483,0.9762834944149047,0.9318967954196985,1.0986577870199143,1.0429785881044449,0.9263632060829812
2021-08-18,2.014615960382002,0.9419929154405766,1.0050131277828147,0.9813707097984924,0.9364171166176449,1.1049744812015307,1.0509073372121058,0.9313651557007585
2021-08-19,1.986864866860852,0.9230280399216995,0.986285928948198,0.9609039778468439,0.9175644970710388,1.0809898610733935,1.0308752318712204,0.9123609137139675
2021-08-20,1.9662104627011359,0.9074606834540911,0.9744265902401061,0.9465562560389869,0.9020892861455524,1.0680054452705408,1.0229855754798645,0.8965505726881622
2021-08-23,1.9990498685698879,0.921466436007796,0.9838992325034891,0.9563264445305381,0.9160121365273586,1.08176907707426,1.0335593444925812,0.9100882237257577
2021-08-24,2.025353726875312,0.9339176898584699,0.9925206448410987,0.9674215644495145,0.9283896895195369,1.0906802436465606,1.0444385365799536,0.9218505235135326
2021-08-25,2.0272447483922558,0.9335153951809195,0.9925828117056872,0.9655573680058149,0.9279897760851498,1.089401830539486,1.0428407959160328,0.9208473016414656
2021-08-26,2.032230572854317,0.9340875513503321,0.9962121572641169,0.9660151611765735,0.9285585455754868,1.0917336718015607,1.0449044273341068,0.9206211234155153
2021-08-27,2.026960049877505,0.932177141831721,0.9934519162478009,0.9638715198426423,0.9266594440603336,1.0880225278456217,1.0419527910249349,0.9192250513562032
2021-08-30,2.0610673501364327,0.9459851095867549,1.005767820808685,0.9805858123863213,0.9403856803616659,1.106324376800374,1.0596990455557271,0.932092210081367
2021-08-31,2.0705683510265995,0.9491311005772228,1.0052693151908025,0.9821109444517584,0.9435130497546951,1.1045909761817228,1.0592849459378042,0.9362332346741034
2021-09-01,2.0889238419007126,0.9579648182464724,1.0134139621534917,0.9916446332669835,0.9522944793103347,1.1211106588602786,1.0703045758455143,0.9454427611239812
2021-09-02,2.0901824435395975,0.9587255953171884,1.0163254460500681,0.9937103537792378,0.9530507532262754,1.1193273101786443,1.0741760245238738,0.9475866886176214
2021-09-03,2.118176614923308,0.9709252947167074,1.025717425500176,1.0070314192445504,0.9651782407562178,1.1350733262946666,1.0883798807091023,0.9585487994331024
2021-09-06,2.138548268103873,0.9773825448947434,1.032815862512935,1.0158543253032182,0.9715972694918715,1.1445175454900103,1.0950918069393283,0.9665297626543884
2021-09-07,2.151933355790796,0.9845646444130695,1.0398113983659762,1.020797781402598,0.978736857074721,1.1566914003988926,1.1040295313605553,0.9742654381378383
2021-09-08,2.171393874144879,0.9943657382927219,1.0478705799832484,1.0345526994597705,0.988479936794371,1.164234735022391,1.1136492276427072,0.984176251436506
2021-09-09,2.1608138790611684,0.9889072172561928,1.0445823345297627,1.0270993967682644,0.983053725571081,1.1581944651435283,1.1080723825934742,0.9780655823262188
2021-09-10,2.193073016165026,1.0029902370851613,1.0560402104372892,1.040851467017367,0.9970533858714388,1.173637303556663,1.1220293814887095,0.990975109077355
2021-09-13,2.2093690951510694,1.007253103003161,1.0647320592023255,1.0454943356190523,1.0012910192400442,1.1837069457805462,1.1298418550550575,0.9938479076013941
2021-09-14,2.232916985508085,1.0180356905929988,1.074879743137926,1.0556045063242263,1.0120097830598662,1.1984928877933574,1.1395520311383422,1.0043111227834034
2021-09-15,2.2066843218073706,0.9977743333736316,1.058234876038722,1.034898906631231,0.9918683558844337,1.1825846537659144,1.1227467712617165,0.9843872665695104
2021-09-16,2.197779536678337,0.9954429921302942,1.0617554587383606,1.0313698568474838,0.9895508142032238,1.1871934276593368,1.1266228192501166,0.9813876349681625
2021-09-17,2.210474999184397,0.9979197726600415,1.0624202983954225,1.0321403862268816,0.9920129342936663,1.18860741939583,1.1268564148825342,0.9839160288358778
2021-09-21,2.168784470145141,0.9779266109692671,1.046000465128001,1.0102897217163176,0.9721381151568483,1.1654979525012628,1.1079645139878473,0.9638641478842663
2021-09-22,2.1406314586129693,0.9652779750160866,1.0342828517001779,0.9938036582440323,0.9595643483967407,1.1515447434442625,1.09715496536585,0.9521472520011006
2021-09-24,2.1917586916426486,0.9823332963550697,1.0552749763638425,1.0091689284095222,0.9765187167040312,1.1796343282366772,1.1182593010053556,0.9691818372500484
2021-09-27,2.1813447500214234,0.9788524318302351,1.0530224888213158,1.0085660768008862,0.9730584559438346,1.1847236147882612,1.1177127994438012,0.9655224756634003
2021-09-28,2.175997910087839,0.9795706682439048,1.058338017567002,1.0117953673001443,0.9737724410073251,1.1928064188817158,1.120647885855606,0.9671720898653565
2021-09-29,2.15446958176152,0.9684997832532589,1.0502842152859495,0.9992296561198816,0.962767086262701,1.1871555891933763,1.1116182448497378,0.9561165150245898
2021-09-30,2.145599379388246,0.967077700618992,1.0559881343157385,1.0027300263295336,0.961353421151059,1.18796841001428,1.117029922868262,0.9551066507568882
2021-10-01,2.1029882864588925,0.9447034183483463,1.0348965377556365,0.9792526217154247,0.9391115756479342,1.1598177743318827,1.0914351185208897,0.9340196275131071
2021-10-04,2.0892111635745674,0.9353385039332104,1.033488038525843,0.9704744261838656,0.9298020935804486,1.1652156408506587,1.0935439860369915,0.9258182211062848
2021-10-05,2.0597119604472987,0.9249620045088643,1.0299117920262515,0.9617898834332311,0.9194870142287253,1.1607182304416352,1.0893097093564243,0.9154754686326572
2021-10-06,2.058191273625269,0.9290837968863426,1.041888337367239,0.9700099901667548,0.923584409092475,1.169259939526121,1.0962440529029567,0.9200390933888262
2021-10-07,2.054370549609418,0.9290547176340523,1.0351546801822284,0.9710308700132388,0.9235555019646859,1.1558322054602694,1.087802331600605,0.9201644657562346
2021-10-08,2.0812203938466576,0.9381635812560329,1.0453085267834985,0.9780161045758506,0.9326104488424648,1.1645418965680658,1.098333142157213,0.9297444514111998
2021-10-11,2.1104177027649054,0.9542145233916238,1.0617143542566245,0.9952270127750268,0.9485663830190788,1.1840527822416953,1.1165435683001272,0.9456852065185759
2021-10-12,2.0922977699839103,0.9505982340111586,1.061462344358698,0.9947140642379075,0.9449714990034953,1.1821871145830647,1.1124293444128124,0.9435573571535388
2021-10-13,2.082192773447681,0.946884048007012,1.0606012926080775,0.9935504082013893,0.9412792978291818,1.1815783470520038,1.1099044769752024,0.9401668210127334
2021-10-14,2.0931615378346877,0.9495745744133177,1.0591773383074696,0.9942633387143628,0.9439538986019468,1.1803807030549,1.1073255671576012,0.9427867251822628
2021-10-15,2.1386084249470407,0.9696407980648291,1.07491103345583,1.012221054954129,0.9639013472346838,1.1989867808868349,1.1220428727419682,0.9619867485858636
2021-10-18,2.1420173205094115,0.9716178438070663,1.075960514547586,1.0147508908019252,0.9658666905435569,1.204460486824807,1.1220791552214722,0.9646202531775936
2021-10-19,2.1510911666104464,0.9722513439569211,1.0756275097783219,1.0141634145817673,0.9664964409100195,1.198702776817435,1.1196903011258392,0.9653842780414497
2021-10-20,2.1433329068162537,0.9693769841772261,1.0698709833666757,1.0115364781506726,0.9636390949014618,1.1961358384518712,1.116719924375746,0.9633552520993922
2021-10-21,2.11762930155384,0.9594987832661086,1.0588823640161653,1.0036267633241418,0.9538193645585514,1.187196035961288,1.107138391451474,0.9550125546466666
2021-10-22,2.1159369381444897,0.9575126180291994,1.0575968470211385,1.0014416219411566,0.9518449557346773,1.1807085403581274,1.103600085921758,0.9515993822084652
2021-10-25,2.1096371259824123,0.956964630335491,1.0563925474100795,1.0012567118502915,0.951300211663174,1.177340618975807,1.1026290144390565,0.951099978283632
2021-10-26,2.1334931334400866,0.9661801807652916,1.0644361136277674,1.0096784213815824,0.9604612138533893,1.186042430429505,1.1113700217064513,0.9606142701964766
2021-10-27,2.125978922497935,0.9653113088433559,1.064702841307604,1.0061683399391403,0.9595974849160348,1.1764304257653266,1.1094592800334224,0.959379841518216
2021-10-28,2.123386615330989,0.963833314873585,1.0608532144258578,0.9990260848372828,0.9581282394165569,1.1657053033375382,1.0995384394986352,0.9562488379851372
2021-10-29,2.119610630512784,0.9638494553840016,1.061888354519123,0.9973943938711797,0.9581442843888462,1.1706967057747926,1.0999349760226858,0.9566827582718547
2021-11-01,2.1626588404667353,0.9859236998423988,1.087384112278888,1.0241656066372433,0.9785706276155617,1.186449058884255,1.1254026870048215,0.977074840249395
2021-11-02,2.143482815167738,0.9716736470472402,1.0716676009392503,1.0071355743447863,0.9654397571079603,1.1741774141230537,1.1142895602737652,0.9656354539895197
2021-11-04,2.167346376092345,0.9795391666851372,1.0803425532610516,1.016555063833868,0.9736109660823481,1.1759155893136584,1.1235898717754378,0.9758241745117209
2021-11-05,2.152775933203935,0.9679722021967343,1.0675852441366296,1.005025073210246,0.9615933923805958,1.167059297227069,1.116135920997138,0.9637399038803769
2021-11-08,2.1412870915597964,0.9604477202132365,1.0592864253098866,0.997294408398899,0.9540021343372326,1.1664118847847973,1.1081404944777775,0.9578437001741774
2021-11-09,2.1184844253915283,0.9513672477725333,1.0492714906191136,0.9884898676398133,0.9447240558833716,1.1560981721879757,1.1016627101577472,0.9462590018029775
2021-11-10,2.1092112979742277,0.9446969214085034,1.0419147277041734,0.9856465977644198,0.9381850630963166,1.1583251762300173,1.0969044270979151,0.9454433209610031
2021-11-11,2.1067626892792624,0.9414629790711176,1.0383479836262477,0.9849517507347963,0.9343683073182545,1.1615677101710338,1.1052205720194976,0.9420829290294792
2021-11-12,2.131705037391937,0.955144097041459,1.0534370116327156,1.005607915423547,0.9480438378103139,1.1712968561307473,1.114417230534541,0.9552270480560122
2021-11-15,2.139385652269334,0.9535680658024233,1.0516987926102328,1.0043033898905227,0.9465555551577765,1.1755695892419975,1.1135308294687554,0.9535390633282824
2021-11-16,2.1381734322519135,0.9520862644580734,1.0500645005857516,1.0014700788554918,0.9454294573798675,1.1693855752329103,1.1101458402536601,0.9517303808589389
2021-11-17,2.1213521942287783,0.9476801046076524,1.0452049072741445,0.9967674306449544,0.9406736677764869,1.1635379367072236,1.1022608774582783,0.9468558764237528
2021-11-18,2.1161017264676336,0.9483120639963385,1.0459019009654136,1.0009827318630167,0.941350280327985,1.1646058517124378,1.1017798558385095,0.9471306668450372
2021-11-19,2.12196275670896,0.9568945433051552,1.0553675945539351,1.012999030160756,0.9494992799262906,1.1726303377553535,1.1040849212346076,0.9576330685559602
2021-11-22,2.122182026583069,0.9542955009556189,1.0525010873805325,1.011696564932905,0.947559261192832,1.1679137560041883,1.0988365194727354,0.956209573574597
2021-11-24,2.096971097469413,0.9476039251974812,1.0451208883177932,1.0046763326267287,0.9407641229884658,1.1692141995852516,1.0942852260733988,0.9497624888196278
2021-11-25,2.0961035592882205,0.9447917265851586,1.0420192891858306,1.0100586731723578,0.9386566445511406,1.1732345273442095,1.0952596815707545,0.950660297914433
2021-11-26,2.058888714282314,0.9289623430844685,1.0245609198124486,0.9953375301838857,0.9221295202894402,1.1578406186611454,1.0811782301881345,0.9369812363854763
2021-11-29,2.0102965328728573,0.9063316867429722,0.9996013654776456,0.9723281093438576,0.8996638848939912,1.1372412986316431,1.0621660030600535,0.9145925012248995
2021-11-30,1.993425015420644,0.9003820375495707,0.9930394438932756,0.9685454123706853,0.8938137396333208,1.131140413224836,1.0556811010791562,0.9105470523337473
2021-12-01,1.9995738051594192,0.9062463386591227,0.9995072343086654,0.9712245638686426,0.900707055617691,1.1340902366094439,1.0615144905354603,0.915727114358148
2021-12-02,1.9822115495333958,0.9008933026016651,0.9936033227156427,0.9662533309086689,0.8954815966512679,1.127490996611311,1.0598002658232681,0.9106053814697384
2021-12-03,2.0242181262064793,0.916479617036655,1.0107936090312069,0.9803751938837384,0.9107604847164295,1.1485885709206989,1.0758428002634066,0.9273577265488284
2021-12-06,2.016176267666343,0.9170605102969984,1.0114342814304282,0.9808558284147637,0.9116241210718599,1.1489232565391663,1.0770905861181839,0.9287746509980706
2021-12-07,2.070615429446177,0.9403465518328477,1.0371166659881748,1.0041870385274407,0.9346254901338552,1.1719247834413895,1.1030380530388746,0.951165249833465
2021-12-08,2.080864919993037,0.9383226158191524,1.034884448762934,1.0047832491111504,0.9331444718285938,1.171960332414162,1.1033759310752533,0.951710139456243
2021-12-09,2.0685241924558855,0.9357297997557715,1.0320248086165082,1.001120059681948,0.9300856550908083,1.1628437163844594,1.09880338978772,0.9469727653276733
2021-12-10,2.0510956195945096,0.9315940441792546,1.0274634466095982,0.9986475258363071,0.9259692904770618,1.1591563048079954,1.0944131668130117,0.9442957367736149
2021-12-13,2.0509614533658147,0.9302124860809988,1.0259397137624482,0.9985532492834078,0.9249571496896669,1.1599258267382169,1.0958638886032976,0.9431286355578463
2021-12-14,2.0375936970773414,0.9297693384556786,1.0254509622624646,0.9963496509446372,0.9238804940175714,1.1576399796457086,1.0934442789933367,0.9427032874626637
2021-12-15,2.0436551029993435,0.935419750579696,1.031682852592788,1.0044108645080916,0.92960788846254,1.1632916214003255,1.0987149116507857,0.9479869515778082
2021-12-16,2.065149883647603,0.9433713230918275,1.0404527134032213,1.012489525156758,0.9387321233245084,1.17163390812961,1.1070861958659834,0.9570064003734366
2021-12-17,2.036502146713125,0.9356183110684155,1.0319018467409098,1.0014351210484318,0.9315936499231039,1.169723702678916,1.1009901109151945,0.949744515230281
2021-12-20,1.9865072855170947,0.9168086775688368,1.011156532850494,0.9834576477317198,0.9121271966899633,1.1457953468842048,1.0813995249019215,0.9275159566151313
2021-12-21,2.010842888994173,0.9243799623476092,1.0195069709009152,0.9906886276133925,0.9200897305412036,1.1569413274816314,1.0900570346252587,0.933443397898747
2021-12-22,2.0187649240699694,0.9222019583183299,1.0171048306761734,0.9848568599543237,0.9179716386562198,1.1563333344312892,1.083695588648137,0.9334193895119155
2021-12-23,2.0343629307348956,0.9289243471003189,1.0245190136999358,0.9909017557790946,0.9251771924592354,1.1645903929864625,1.0892686663836422,0.9406840838171178
2021-12-24,2.035816180789769,0.927881834106975,1.0233692167471011,0.9878720014261121,0.9241263000545358,1.160354721517673,1.0867940483323733,0.9379095765616267
2021-12-27,2.022481241445808,0.9252075169389332,1.0204196882996277,0.9851760827308879,0.9216063798167229,1.1551591850822853,1.0816121148927218,0.9363048554093208
2021-12-28,2.0518783022852265,0.9386492371358842,1.0352446823495722,1.0001955334205104,0.9347628279658384,1.1656668150345189,1.0947898528641178,0.947769699218394
2021-12-29,2.067516124812128,0.9392861831355549,1.035947175818927,0.9995154245220225,0.9357344647716369,1.1708452354381211,1.0991382947032533,0.9508402262740149
2021-12-30,2.059637649535886,0.9374757180253915,1.0339503975723532,0.9983571378981203,0.9336411388526356,1.1720338809961943,1.0955401010173562,0.9521383452427098
2022-01-04,2.0808684451941377,0.9510330081792145,1.0489028547667372,1.0088345551074425,0.9471257460738222,1.1827892123718813,1.1081363242990223,0.962438571204542
2022-01-05,2.077530666859597,0.9557441502634262,1.0540988157258653,1.0121823429537258,0.9518465078552016,1.1978770217996362,1.1115290609696462,0.9678899377592523
2022-01-06,2.0331525632332403,0.9446177224749838,1.0418273784883745,0.9995610721073167,0.94039514291902,1.1886512774713331,1.1000430790824578,0.9588239123589491
2022-01-07,2.029261280287746,0.9448581322715337,1.042092528614339,0.9987063002615667,0.9405342291157462,1.196861681599619,1.1023448784540362,0.9632502084501571
2022-01-11,2.020828164102728,0.9427406583043992,1.0397571475393186,0.9960657353334127,0.9382381593736911,1.2014116631893128,1.102515264871583,0.95850106677926
2022-01-12,2.0578730015372844,0.9561628150864008,1.0545605649230347,1.009105129559041,0.9513396259160801,1.2132973487990037,1.1145945348468078,0.9713166381121122
2022-01-13,2.0403660632226934,0.9538546132557436,1.0520148283726396,1.009156175490067,0.9492603566443492,1.2199840764110583,1.1141569827207127,0.9721581339878598
2022-01-14,2.0158481315005927,0.945601042845213,1.0429118913650184,1.0017394711618446,0.9400107320732671,1.214873875438576,1.1093570795013867,0.9653571156361844
2022-01-17,2.0131494400498036,0.9470319781749658,1.0444900828047012,1.001884295560509,0.9418864195797997,1.2164151110611683,1.1101098179290936,0.9669560216774982
2022-01-18,1.9993345777819922,0.9396106739962018,1.0363050597063959,0.9955382041806703,0.9341035244758024,1.2060289340703652,1.1034982665904423,0.9578670682455758
2022-01-19,1.942189491611582,0.9192558005392004,1.0138554867748102,0.9766531494647442,0.9144299570572295,1.1884473893898766,1.0842972205116086,0.9395413588857348
2022-01-20,1.9622978743412038,0.9248554427132906,1.0200313824709233,0.9822178713660823,0.9205442106983291,1.1941082191595636,1.09042488346779,0.9437359542557432
2022-01-21,1.9556643903664668,0.9222835744452464,1.017194845836301,0.979094669065939,0.9175779810401321,1.1951379038761085,1.0913703045590775,0.9425038176994326
2022-01-24,1.9650685590509465,0.9313555178408109,1.0272003737665119,0.9868220606083058,0.9268116249097881,1.2017340855864778,1.0959892290383761,0.9510418952380317
2022-01-25,1.9263506810241455,0.9195579928005808,1.0141887773366773,0.9742823285766623,0.9149909193702408,1.1858050141578067,1.086236037577539,0.9401340535061439
2022-01-26,1.9251180954415386,0.9143767067810149,1.0084742904045252,0.9690992534221865,0.9087685933440885,1.1850678389365794,1.0828443019818308,0.9318354992979274
2022-01-27,1.8662988716993507,0.8975046380810326,0.9898659341508197,0.9520303382864634,0.8919886212569915,1.1695096180216558,1.067446773641374,0.914733687680075
2022-01-28,1.899699489236451,0.9144585805537484,1.0085645897245403,0.969694244150697,0.9076676784035892,1.1882134567564466,1.0843292138570073,0.9306474186882289
2022-01-31,1.9284153432520164,0.9225375343314197,1.01747494047793,0.9792787974499001,0.9139748075017204,1.1881177950970576,1.0924275577146403,0.9389757405907163
2022-02-01,1.9243242396442943,0.9098690473177757,1.0035027522574318,0.9604570355060613,0.901938405159095,1.1833684795697699,1.0779191994334567,0.9286122390750464
2022-02-02,1.9741897610437067,0.9260443351855125,1.0213426226670042,0.9780527718624157,0.9177621127618633,1.1980788863634666,1.0934450875254291,0.9421350691932084
2022-02-03,1.9579315963889028,0.9221258213285444,1.0170208585056466,0.9699173893464197,0.9145790398133535,1.200473247545786,1.0897123191469542,0.9401226346503445
2022-02-04,1.9691895141144518,0.9268219262917811,1.0222002348888637,0.9772463490007928,0.9187411950762445,1.210047317621564,1.1033365639604085,0.9455294820776972
2022-02-07,1.9577984191878819,0.9302460284433075,1.0259767079353934,0.9860473941788758,0.9225764419535618,1.2147625390253276,1.116091212343209,0.9481101156125056
2022-02-08,1.9598174707628195,0.9367046286979275,1.0330999562207899,0.9969905621054808,0.9291851765558652,1.2184463520688975,1.1215076401111113,0.9522024531762148
2022-02-09,1.9847895518554917,0.9499972254299627,1.0477604806606182,1.0138284198319887,0.9416367128225491,1.2293876593872084,1.1292362337674622,0.9634504567864417
2022-02-10,1.998395933970636,0.9477743940697833,1.0453088999696165,1.013878676637841,0.939566479052603,1.2328164472358618,1.1302041658814759,0.9684326380243805
2022-02-14,1.9683050804475184,0.9449463279260729,1.0421898003946333,1.0148952149895423,0.9357385688286387,1.237175460057463,1.1347758741322622,0.971346011452809
2022-02-15,1.9663234805864527,0.9420974587332197,1.0390477569497252,1.0110640248988931,0.9334509104729135,1.2193522646627575,1.1346831747658015,0.9692623574333991
2022-02-16,1.9937962922538617,0.9513033536048822,1.0492010211671852,1.0200940802498049,0.9428670130307171,1.228568592068204,1.1427407451666423,0.9766367235611793
2022-02-17,1.9743540729365667,0.9453746328959234,1.0426621817964596,1.016306998706294,0.9366559084487045,1.2256896283723708,1.1377091969511604,0.9737431752136296
2022-02-18,1.9702724133473655,0.943116282979817,1.040171427370805,1.0125330021889445,0.9347149949054879,1.2241227859023431,1.135529752301618,0.9725941779892089
2022-02-21,1.9532598211268808,0.9409079498172522,1.0377358368722953,1.0106722855819192,0.9326949012368426,1.221958780116247,1.1320885743938633,0.9701632964501333
2022-02-22,1.925707203215943,0.9327108389162767,1.028695169565349,0.9999002132065188,0.9233722547436496,1.208306825418603,1.1203401157370418,0.9596478357671883
2022-02-24,1.9065143151988524,0.921875591105794,1.0167448773433374,0.9867608316201719,0.912797866327781,1.198126742818139,1.1102487898926947,0.9495925797081567
2022-02-25,1.933879274858288,0.9301779444159847,1.0259016174495652,0.9984814203864765,0.9207516765272697,1.198561282985393,1.1126102212368894,0.9580747574029982
2022-02-28,1.9616178391466625,0.9334128792211092,1.0294694561290822,0.9941116907247417,0.9241702763496668,1.2170682254894534,1.1223079110531209,0.9637654230024002
2022-03-01,1.9799079093837588,0.9325108663914403,1.0284746180698994,0.992697132627672,0.9230541264413514,1.220590113270437,1.1255981774489352,0.9659773422443964
2022-03-02,1.9447152843449507,0.9170473732972854,1.0114197925153396,0.9780179850005227,0.9069855792669642,1.2081946740000753,1.113460480810812,0.9512201145623516
2022-03-03,1.9575468184098495,0.9286731064218872,1.0242419180969713,0.9922699159625735,0.9190593260116884,1.2272712593431965,1.1267855522178256,0.9650076680609883
2022-03-04,1.9177008531264004,0.915107654702154,1.0092804594381706,0.9784343624019686,0.9048594140997955,1.2142230475345706,1.1149260166092907,0.9517301502386443
2022-03-07,1.864357058689622,0.8977949961593541,0.9901861726857987,0.9617792286632224,0.887513182451394,1.2019515427510485,1.0974286802391138,0.9387748229310621
2022-03-08,1.823126196099872,0.8704541132187581,0.960031667088628,0.9314387667943336,0.861851514214322,1.1672967099098308,1.0734511281811567,0.9073725338506691
2022-03-09,1.8184392983524205,0.8740457978070789,0.96399296831131,0.9348270854514734,0.865665530855056,1.1670786887874143,1.0703091008619774,0.9105963328762187
2022-03-10,1.8939517776938302,0.9048439159666072,0.9979604897129278,0.9657066860820767,0.8957020669679289,1.2012654408630437,1.0977302546278715,0.9400707991573443
2022-03-11,1.8644078132245667,0.8979321796005728,0.9903374735364353,0.9585385168924447,0.8889141852477651,1.2002638886512342,1.0892805849814826,0.933941388782137
2022-03-14,1.8780375741166682,0.9031240506015392,0.9960636347397362,0.9624055928458158,0.8946205363420566,1.2050589354689656,1.091903254535415,0.938657370060294
2022-03-15,1.895470395977481,0.9123440862923277,1.0062324949937398,0.9684727319050925,0.9033789338157923,1.205379778664003,1.0968356946863536,0.9465984533046881
2022-03-16,1.9091682386930395,0.9148997677075761,1.0090511790028898,0.9745097496086067,0.906111998121988,1.213232107193336,1.104199958021904,0.9504334229115641
2022-03-17,1.9551298792300418,0.9265512447788679,1.021901697814771,0.9896010000716414,0.9174302837366907,1.2283878004938074,1.11544783784775,0.9624191173241392
2022-03-18,1.9679886412148322,0.9313873498643678,1.0272354815914715,0.9968059260298078,0.9229961340746166,1.2394095803772385,1.1228832268388471,0.9680723323024772
2022-03-22,1.9723287990356488,0.9414264237611262,1.038307666446216,1.010673872348075,0.9328095126328223,1.2499774028655937,1.1349920606382333,0.9787632930866836
2022-03-23,2.0102466619150827,0.9538297139814368,1.0519873667391553,1.0217595371940325,0.9454450634759956,1.2666481344954632,1.1478972372889877,0.9904930626254528
2022-03-24,2.0134620899900613,0.953255008702701,1.0513535191204806,1.0207729679449566,0.9452767042751689,1.264591112734452,1.144991186475275,0.9871548196713401
2022-03-25,2.0186619263599193,0.9557831854147896,1.0541418679452406,1.0235720237912058,0.9479834786591805,1.270359786308427,1.147299004838756,0.9905072494372928
2022-03-28,2.0042662216153824,0.9522369081966993,1.0502306469194103,1.0186103260235644,0.9445031217966067,1.267226538696237,1.1468102090614243,0.9887891560332004
2022-03-29,2.0227356186483223,0.9548403469461796,1.0531020029218359,1.018042177487428,0.9471185641128216,1.2639939615741518,1.150744146192034,0.9870891899266884
2022-03-30,2.0321108250866424,0.9555153499088002,1.0538464697577707,1.0197193844736172,0.9475279201616571,1.2538125363021386,1.1457369826387234,0.9807623898221226
2022-03-31,2.0121171999468612,0.9439964460700803,1.0411421671559624,1.0066232239519506,0.9362595437024984,1.2335947625494612,1.133557740743093,0.965177516880496
2022-04-01,2.011444009761859,0.9473734881639172,1.0448667372417837,1.0075766652770568,0.9395981000493939,1.2453566009092603,1.1385125781725722,0.9704316277943729
2022-04-04,2.029935929755148,0.95395411071064,1.052124565010154,1.0151033902619349,0.9454638622986001,1.2575167079494693,1.1486888613424957,0.9746881132511857
2022-04-05,2.0351832273578574,0.9501709483023791,1.0479520811784222,1.0110665809018327,0.941552679622554,1.2524469411266483,1.1453252041369157,0.9718765489028277
2022-04-06,2.0017456312237933,0.9352937394488239,1.0315438737836748,0.9957316855878626,0.926926767778758,1.2415227110649418,1.1313048231081109,0.9574730741221067
2022-04-07,1.96400379492765,0.9236449368482923,1.0186963046696391,0.9834293324246265,0.9150362340201086,1.2239328101977704,1.1189607395315506,0.9420595641536897
2022-04-08,1.9688750716392378,0.9207136901617102,1.0154634063463013,0.9823798095855885,0.9123082267931353,1.2295122408495924,1.120087351273296,0.943643672326378
2022-04-11,1.9532920704214014,0.9197909648894378,1.0144457243479603,0.9812839080249416,0.9116475862979395,1.2299572446421219,1.1180973823580242,0.9430793733671902
2022-04-12,1.9288110657752127,0.912939397720534,1.0068890693199206,0.9734309716650318,0.9047481860930218,1.2244373440804828,1.1118965330195718,0.935877488595176
2022-04-13,1.9583587298846716,0.9237320007967282,1.0187923282810978,0.9880539060368964,0.9154514497996538,1.2318019188349338,1.1234639640390427,0.9445760888241724
2022-04-14,1.9739274277756602,0.9320838973579828,1.0280037100843311,0.9989547578176942,0.9243013553686541,1.2451391982995215,1.1333363608269191,0.952817960164342
2022-04-15,1.9563605446239203,0.9279062929933207,1.0233961926727437,0.9940936989599574,0.9198655975009018,1.2406300097056473,1.1304563904727651,0.9484500568978386
2022-04-18,1.9376478586095065,0.9331348408268516,1.0291628050844148,0.9902077041143045,0.9241992254741814,1.236754688226313,1.1235123201805288,0.9470732882645001
2022-04-19,1.9545062689173784,0.9420936216460367,1.0390435249917747,0.9997051139286128,0.933426324337725,1.250174804086915,1.1347172859466423,0.9579707911278789
2022-04-20,1.9659008970420884,0.949945325442676,1.0477032396980446,1.0060144353809115,0.9417612402366072,1.2550180799838218,1.1390097572545483,0.9648960349552249
2022-04-21,1.9793872338209224,0.9531305886359548,1.051216295110296,1.0107788573439198,0.9451747078324476,1.255099352070944,1.1416756546987727,0.9695240355567019
2022-04-22,1.9548339365600749,0.944777303793296,1.0420033821590207,0.999952070674384,0.9361574767355013,1.2407827308476922,1.1311518164231757,0.9615790466966443
2022-04-25,1.927252065932207,0.931047738687294,1.0268609213710795,0.9871841116581703,0.9228314085920981,1.2265083766068168,1.1200591427864761,0.9488125354540294
2022-04-26,1.9378787327723177,0.9314563850149733,1.027311621079719,0.9855888553824415,0.9233511165159127,1.2237027506098948,1.117861561857311,0.9494643374067776
2022-04-27,1.919404085231971,0.924115147256603,1.0192149039562846,0.9776462231075151,0.9161312269369186,1.2188406432569021,1.111282604580616,0.9428595146825284
2022-04-28,1.9632231316598934,0.9461536619748477,1.0435213799712892,1.0002322198357045,0.937897264815274,1.2404341316266176,1.135895567613071,0.9670644452849437
2022-05-02,1.9629850322733489,0.9586535425808196,1.049965916200163,1.0166666942624458,0.951246837575243,1.2386605917330293,1.1452628065589865,0.9709353398922701
2022-05-06,1.9731186805520289,0.9768924422759246,1.067100215210831,1.041626485622866,0.969713072491693,1.2527524358891597,1.1637430196323966,0.9867938985544608
2022-05-09,1.9384482993907417,0.9662179471924609,1.0585286723365523,1.0276026017942534,0.9594546975083217,1.2394671725792314,1.1545953337380983,0.974397253518129
2022-05-10,1.9305794595926422,0.9559272310074456,1.0483645434644244,1.0116557055629092,0.9498213713143857,1.225866284575101,1.1468451594160067,0.9607371031721429
2022-05-11,1.9240315812939084,0.9450059153179646,1.0367524640502803,1.0057732931397274,0.9394192983011904,1.2125456787078586,1.1387361398385814,0.9527324167508934
2022-05-12,1.8924280716132442,0.9304526936061982,1.026743155346258,0.9894015918937752,0.9249923985779644,1.1973470514767328,1.1251970373725364,0.9419311116584531
2022-05-13,1.9347968020207778,0.9329121114091331,1.0454027251647435,0.9935029631898685,0.9270849730109557,1.2186357706828148,1.1352903958480043,0.9535156496723093
2022-05-16,1.9274870595981068,0.9230629183748822,1.02796880753541,0.9842315504087624,0.9173756738383902,1.2128979595453795,1.123714583664278,0.9344203045383856
2022-05-17,1.9344848596173971,0.9252465261983259,1.034644933107516,0.9873768733443063,0.9198132811914831,1.2120698294014656,1.124515823935526,0.9361159748843398
2022-05-18,1.9474040796765575,0.9281545490215248,1.0437444910617293,0.9904397135665131,0.9232015287990183,1.2203289167283045,1.1285012824127088,0.9417055881885292
2022-05-19,1.9308801555374548,0.9235884765442054,1.0425285285447172,0.9863290802598653,0.9188002342800445,1.2157841574376533,1.1277297199484784,0.9372906080507973
2022-05-20,1.9483307968757313,0.9308006455390633,1.050570720372239,0.9932798247532497,0.9288478411283001,1.2205739555250947,1.1317486195825681,0.943126278630681
2022-05-23,1.9679967465383896,0.9360942945780926,1.0554993647899031,0.9964399481905019,0.9343687963909718,1.2277036517296496,1.1382868370132513,0.9465845765136761
2022-05-24,1.9424300201174505,0.928429833272735,1.0527172263598816,0.9908170205180974,0.9268030702839011,1.2229861342037947,1.1302865402871913,0.9397083597246534
2022-05-25,1.931177823787794,0.9284841778586401,1.0565667824004092,0.9909035433102599,0.9267074603933614,1.2200882033229477,1.1307930485364601,0.9389870749593522
2022-05-26,1.9365991321574647,0.9334981275055748,1.0522007677371201,0.9971511157227392,0.931629072427657,1.2204699983665297,1.1332106600338505,0.9457028224045669
2022-05-27,1.9486149298423547,0.9370655986041048,1.0574427969768936,1.0003832996061808,0.9347807615417856,1.2239935755008091,1.1365139131447057,0.9481333355392254
2022-05-30,1.990050141368483,0.9523774071952085,1.0660181534840223,1.0179980235459571,0.9500618541610382,1.2346597189731887,1.1486088156260101,0.961296611212265
2022-05-31,1.9831920844634021,0.9475857197310839,1.06115425369962,1.0135047395167178,0.9455186863730648,1.2291790505963165,1.140030621016177,0.9569579412051777
2022-06-01,2.0139142925743765,0.9611878418201997,1.075792476934173,1.025421301589232,0.9591656030175736,1.2448651570348443,1.1546921053004815,0.9712499551467324
2022-06-02,2.0035468729208525,0.9608148594007152,1.0726556978881656,1.0257375938087971,0.9594361995294785,1.242805611564562,1.154363868149598,0.971958644430235
2022-06-03,2.016201018465882,0.9629110772660665,1.0735347175601366,1.0312405108534908,0.9618087209002437,1.2450071816278714,1.1565550001812488,0.9741453176509791
2022-06-06,2.0259558900267987,0.966140452135883,1.0929373733263297,1.035155274957399,0.9652643519230748,1.2521649154695065,1.1633423668946434,0.9800749392206071
2022-06-07,2.032731839504501,0.9714392947413987,1.104686206634359,1.040882125285595,0.9709378256487674,1.2608654129772874,1.1697479121323708,0.9879864308493003
2022-06-08,2.0574158382092644,0.9816946553741939,1.1158972163220062,1.0566386892743937,0.9804820249604842,1.269036130533594,1.1809092010003839,0.9972950054297572
2022-06-09,2.057767006518811,0.9817677304338237,1.1158437974787916,1.0570204705388198,0.9801829868722175,1.268341467294052,1.179323368234729,0.9955097466444504
2022-06-10,2.030775845308548,0.9726956495920913,1.1001708418467524,1.0451430717107382,0.9708844805982195,1.2575120002325808,1.1694830598551063,0.9845589492967216
2022-06-13,1.9933941970773412,0.9612171082477312,1.0877538865093896,1.034303077879476,0.958843135447048,1.247780066364386,1.1626412046436403,0.9726379548278277
2022-06-14,1.9775876760444278,0.952338056759346,1.0819273627960992,1.0251608059952702,0.9502640173887082,1.2392496653595306,1.1565945006433358,0.9641156002856054
2022-06-15,1.9521688396064076,0.9424183620706622,1.0650239698073751,1.010418992268965,0.9407824389132441,1.225547293665038,1.1407914783102284,0.9519021135287503
2022-06-16,1.9598674351300525,0.9488125766320626,1.0693644241069613,1.0156295074836819,0.9469864660981909,1.2317178377283065,1.1487671794035739,0.954808836934777
2022-06-17,1.9291170665126478,0.9368858637808546,1.0613325901170674,1.0025027219664175,0.9349778506335679,1.2201365957617771,1.141025586906335,0.944454442812577
2022-06-20,1.9031477172316351,0.9208452881313655,1.0417200735167031,0.9810455092218143,0.9192768421702434,1.2053902260308702,1.1246786574250973,0.926877109477907
2022-06-21,1.9432275813849693,0.9386633148032931,1.0608273948719045,1.0016277109723668,0.9367505753591867,1.2263944778941211,1.1440002618232648,0.9462282111810101
2022-06-22,1.9348885124926605,0.9304692244237485,1.0540345199911614,0.9898384620078162,0.9280883948259938,1.22222104182038,1.137843722604839,0.9387097563463674
2022-06-23,1.9397741139511155,0.9290333430514807,1.0492511994194937,0.9861063216403206,0.9260888253435307,1.2211951268086902,1.1366754316815502,0.9377420813205244
2022-06-24,1.9680757242160973,0.933764774849586,1.0525312446045878,0.990865078504206,0.9295415187952594,1.2200458392350244,1.1374671351083838,0.9406710027667038
2022-06-27,1.988327272922021,0.9416988405248604,1.0620401260578585,1.0020902783348495,0.9372173875675668,1.2285377833668993,1.1502389045421468,0.9490882166397525
2022-06-28,2.0098886830580236,0.9554232442284802,1.0806796920576236,1.0153262008513457,0.950483189414703,1.2434322884454263,1.1656562104469836,0.9634131696163569
2022-06-29,2.005668652963852,0.9504878044101498,1.078026599965806,1.0097378551155431,0.9444746297877902,1.243215961028554,1.16290450379891,0.961438590832938
2022-06-30,1.9861390282966245,0.9389895415932784,1.065787209744966,0.9984452608095902,0.932930874158611,1.2393505040461015,1.1569510812259767,0.9537820985262645
2022-07-01,1.9606229326494964,0.9278765254336521,1.054525271312773,0.9833832042881014,0.9230280059076015,1.2259304963644853,1.1452622925007332,0.9419799225964776
2022-07-04,1.981385048148715,0.9373929666396764,1.0603632297732215,0.9958736483891649,0.9314232582982982,1.2370833414036948,1.1591909361785522,0.9498681569371145
2022-07-05,1.9899457349766967,0.9423339956440302,1.064621676182197,1.0024230783805965,0.9360722831939192,1.2449390375285012,1.1656361724543125,0.9550715867341787
2022-07-06,1.9755377900443523,0.9301875355202945,1.0424142733617303,0.9890789624340096,0.9241856230043587,1.2258320071713258,1.1514447628071454,0.9428726753108609
2022-07-07,1.9930782608324225,0.9400279390578248,1.0462805211637456,0.9984655038747644,0.9339418537336857,1.2330445118481228,1.1577187461049492,0.9506206963379606
2022-07-08,2.000891145737317,0.9414776029647645,1.049345504837116,1.0025879920099885,0.9355119341958043,1.2395700931775673,1.1591937010567879,0.9541042587703317
2022-07-11,2.0269219219929893,0.9560176079570507,1.067736834515056,1.0152279179687518,0.9502766423413836,1.2566349609382688,1.1763919790562438,0.9681726602216171
2022-07-12,1.989151565614099,0.9396685677998649,1.052185068923934,0.9974044868351203,0.9341147945446063,1.2423257312301437,1.161770518068279,0.952586178386832
2022-07-13,1.997426448867558,0.9423430863245089,1.0522444712582317,0.9977763305273342,0.9366711894812795,1.2425892456305465,1.1624270073511047,0.954936985329021
2022-07-14,2.0064527250740194,0.9469499463313547,1.0543666126983928,1.0026696729441056,0.9415725772116047,1.2424016040644608,1.1637293391737316,0.9596903760990398
2022-07-15,2.00278739005759,0.9461819369441351,1.0512571076886912,1.0028772053650694,0.9399162737253203,1.2408903497035582,1.1651945772424337,0.9607171061764137
2022-07-19,2.015394219161148,0.9534069415793464,1.0592176979505967,1.0112358937597368,0.9477075022999865,1.253965647401578,1.1720845666997621,0.9678344576808009
2022-07-20,2.0570976837728954,0.9712934011716281,1.078588860121449,1.030800608888778,0.9657630859504108,1.2704878623267761,1.1906319867094206,0.9856227632031375
2022-07-21,2.0714449766446283,0.9757442074586348,1.0836477396445034,1.0354160106643024,0.9704046465684667,1.2728898210879822,1.1944688811618827,0.9891644227332993
2022-07-22,2.078245506080647,0.9785722360653595,1.0838860802799937,1.0354517683319875,0.9734397687384461,1.2707310195008075,1.1946954442814344,0.9903463822630431
2022-07-25,2.0677226189105524,0.9769682714295338,1.0844150891463367,1.0325695807494126,0.9714824267393796,1.2732563223888531,1.1933014219954141,0.9882702165657352
2022-07-26,2.073349684636289,0.9796289797819494,1.0883222414662737,1.034163370532879,0.9738780671708854,1.2754392259052652,1.193348492097199,0.9909308350446564
2022-07-27,2.070580244065099,0.9774004263823873,1.0875513299951616,1.0341974842886161,0.971784829299002,1.274400668541916,1.191479323616081,0.9881213769167614
2022-07-28,2.07756785260506,0.9784425973240597,1.0930374342565314,1.0370224831132424,0.9724120857131577,1.2776119952762797,1.194652219988689,0.9901472808213546
2022-07-29,2.0673158631386914,0.9711506208276273,1.0859926470279984,1.0290105833728471,0.9649072845848301,1.267865400244295,1.1881139292356853,0.9849326525602531
2022-08-01,2.094884904528579,0.9918935157225282,1.1027825381191827,1.054012239787324,0.984955373973125,1.273736220312727,1.2053310404406965,1.0009885254708868
2022-08-02,2.0644411886111533,0.9790507544658728,1.0834049553298446,1.0411665200636309,0.9727167185344365,1.2556253576408505,1.1897171301859895,0.9897939542704194
2022-08-03,2.064360353770661,0.9804504660605257,1.0797216827335407,1.0461221195206023,0.9744050514548817,1.2563017040401885,1.1881384218807445,0.9908722561340249
2022-08-04,2.0708485010688946,0.9790136940188959,1.0756720987581259,1.0468631205110133,0.9736219534271235,1.2513314511145335,1.1877860077232711,0.988301323329348
2022-08-05,2.0872751459328347,0.9838451157994188,1.080777614005707,1.047100688699881,0.9792544248384514,1.2596346395170792,1.1917328387683406,0.9914613831936578
2022-08-08,2.0905731457999557,0.984028411935372,1.08588650732625,1.0493971018913777,0.980444061117658,1.2616239195612002,1.1927364077916824,0.993479887252729
2022-08-09,2.084028851159361,0.9814892643929984,1.075490695990863,1.0476137813700104,0.9777219497735157,1.2547728778867235,1.1850787324663208,0.9924048826433353
2022-08-10,2.0758647843419142,0.9824462968541371,1.0751378327481125,1.049411803031507,0.9785076036591958,1.2578223179014763,1.1872430022364022,0.9969534449204888
2022-08-12,2.1156562882306638,0.997763660675578,1.0929466702518347,1.0625252681450077,0.9942551132709119,1.271559232581039,1.2006088628731915,1.0111360396491114
2022-08-15,2.120361587580652,0.9974762336407406,1.0901201026021214,1.063445390969483,0.9937959379783334,1.271928297523431,1.201012440512031,1.0113014998536365
2022-08-16,2.1225479497674624,0.9964225757878481,1.0870369087487861,1.0635822112989306,0.9925121520247903,1.269150384578394,1.1996262047612734,1.0080957544476088
2022-08-17,2.144832068925089,1.0059487405065284,1.0988112375990449,1.0712001530314115,1.0025397955252264,1.2806912600982219,1.211448559608864,1.0170117482998458
2022-08-18,2.134423531010052,1.0014223321759128,1.0945372704412595,1.0686149828285045,0.9974386419485916,1.2794875680212252,1.2106543461882315,1.0132456099328393
2022-08-19,2.140332756732522,1.0048758250964351,1.0992389375374039,1.0737681048577452,1.0014220453959737,1.2822191210013216,1.2153252684969797,1.0192857103794797
2022-08-22,2.133112425583129,1.0087321243766256,1.1061457635659742,1.0815622539284695,1.0048313619349498,1.2894592338898139,1.2219818813432148,1.0244662556637987
2022-08-23,2.11876760531156,1.0021513952923353,1.0979071524827522,1.0752681771158632,0.9979141736288445,1.2814943050025174,1.2149621309771899,1.018434284122596
2022-08-24,2.1236677086479614,1.008000923430951,1.1046258289152466,1.0831365999158309,1.0035053497518347,1.2839445765199613,1.21835432084641,1.025087149812036
2022-08-25,2.135770969116486,1.0131405495825565,1.1070032842353072,1.0864701025990164,1.0087130861863665,1.288972337888908,1.220982300624908,1.0299444913304512
2022-08-26,2.138665689126873,1.0155151389765682,1.1039386405303877,1.087992426793839,1.0117205701381762,1.286014936433905,1.2219609095206572,1.0308953839073658
2022-08-29,2.10457996658177,1.0053289651336172,1.0967813404241376,1.0771155245569375,1.0012833990902938,1.2750431074645208,1.2133038371789062,1.0219850090076235
2022-08-30,2.1304480839806423,1.0166788932999455,1.1113026741639012,1.0906359672970851,1.0125378171844803,1.2875658352012158,1.2242773628443915,1.033766272065115
2022-08-31,2.12573392618625,1.0121543977436638,1.102713984760227,1.0849120138571076,1.0079549318720427,1.2772684806102002,1.2152749524042263,1.0293107079603767
2022-09-01,2.0966890048975935,1.004977597588833,1.0885284316021733,1.076206927100518,1.0001544459102756,1.2650134510095905,1.2062774417905644,1.0205184444448905
2022-09-02,2.0865298310020512,1.0012471906137388,1.083599577026934,1.0710538977148625,0.9962752443704551,1.2609874222885122,1.2040448728781772,1.016148044026786
2022-09-05,2.0868918345205287,1.001779458190098,1.0856913677455637,1.0738032082279967,0.997097556496212,1.2628110767716176,1.205428531703845,1.0182046628705148
2022-09-06,2.0906792300710597,1.0073158835383342,1.0899485935068751,1.0805203757520168,1.0022787927127832,1.265515149749855,1.2092653985788324,1.0222580604098692
2022-09-07,2.0749434076527935,1.0018198572806245,1.0835964684176618,1.0736133209397838,0.9958081828140196,1.2570877587743605,1.2041575368846513,1.0173579867014304
2022-09-08,2.115917620258934,1.017826811056902,1.099243283714117,1.0876290250607314,1.0120857157511254,1.2748949578236457,1.220553066881494,1.032774436306644
2022-09-09,2.130842020351374,1.0233557401183695,1.1078220953787308,1.09321053853857,1.0178868924420719,1.2835600895465735,1.2288520058756727,1.0364821401931672
2022-09-12,2.1463634804252796,1.0273399382530404,1.1167371294106856,1.0982870567674188,1.021879566132427,1.285399682167937,1.2307843870663642,1.040651595570914
2022-09-13,2.1513310817339506,1.0296418085029824,1.1220602678926936,1.1028104161337169,1.0239506612974496,1.287578291786139,1.2367213937114188,1.041862765720192
2022-09-14,2.116064697896878,1.0174073542739668,1.109613786865031,1.0921874555541127,1.0115741191145105,1.2750221016285872,1.2236555072295927,1.0301141533030527
2022-09-15,2.1177948473623185,1.0179292714320685,1.1099305960679637,1.0918140276060337,1.0125709808081285,1.2744114795973776,1.2236131006406477,1.0303504022880685
2022-09-16,2.099949026923298,1.0125512201092872,1.107679408147308,1.0840860945244275,1.007135349560099,1.276052187114622,1.2181151183108283,1.025508645228026
2022-09-20,2.1131275655084942,1.0205260543511152,1.1164460826528315,1.0931632229154433,1.0149977405793633,1.284181193137333,1.2296509798656174,1.033344479309209
2022-09-21,2.0885959723776897,1.009791303733521,1.1071042708279584,1.0805740678059383,1.0039808885094015,1.2741211210581331,1.2188474209792008,1.023747092092517
2022-09-22,2.083762684406313,1.0110805194674382,1.1090349007596507,1.0828496450076368,1.0053238300620932,1.2713085591383113,1.2197308488795466,1.0248037940344803
2022-09-26,2.034582375309416,0.9862963306418521,1.079086397789944,1.0543365193973795,0.97988206011849,1.2421700157841278,1.1912863243916398,0.9952124053440649
2022-09-27,2.045472445695986,0.9888689928527586,1.0825743566967432,1.0581643416087412,0.9824148744965281,1.2429340866122458,1.1917438888587075,0.9973140194724059
2022-09-28,2.032908978229252,0.9833192679043986,1.0755163162273198,1.0538155138766865,0.9765015989728525,1.2341278229049413,1.1837530547119062,0.9916081274136092
2022-09-29,2.070517533912171,1.0052394519429364,1.098990155784005,1.0777692867738544,0.9983943081001908,1.259585290100634,1.2077891889406271,1.011101260094251
2022-09-30,2.0421201772037043,0.997917864409154,1.0841668252038235,1.065281376643223,0.9907405569648736,1.2446070841284818,1.1957802346990096,1.0013126755137849
2022-10-03,2.0486059695083254,1.0021514500635873,1.0905514071541884,1.073761731452648,0.9953490445481611,1.2438423105193375,1.2006638233410079,1.006866436940985
2022-10-04,2.108471730107365,1.0369681167757983,1.1281347281900853,1.1156269247450037,1.0300514267247107,1.2843836471847705,1.242323142551471,1.043156869542342
2022-10-05,2.1119665802342418,1.037893831757186,1.1272535751711088,1.1142712587336183,1.0312171981721907,1.2809356064966082,1.2387225982041927,1.042567316004715
2022-10-06,2.1253706557217797,1.0466308679343017,1.1384937986955106,1.1238446880793638,1.0403737184861612,1.2862225069745628,1.2442097283858689,1.0500847617369289
2022-10-07,2.110338460679355,1.0427376911848594,1.1358340796998392,1.118542684170262,1.0362966292453304,1.2767275189036746,1.2390304913509367,1.0447282072701747
2022-10-11,2.071866075489487,1.0250063937603004,1.1155879232266876,1.099177195744343,1.0175317001873851,1.2618861039008544,1.220699922003408,1.0243882058080058
2022-10-12,2.0638597127036964,1.0222703443022867,1.109702712328789,1.0953502802342587,1.0149352213691376,1.2578166386529734,1.2199067515528643,1.0200879053439065
2022-10-13,2.0459236636385576,1.014055613008546,1.1010249873339069,1.0851902057368696,1.0070083865310473,1.2489304438238904,1.2106414647088644,1.0095198989426817
2022-10-14,2.089308954173405,1.0346968892313027,1.122089141352506,1.1103987270544189,1.0276370279421125,1.2715527158821833,1.2333831715485182,1.0292219999834786
2022-10-17,2.071461001039052,1.025042995685023,1.1168157519954247,1.0989145506539932,1.0183533227816453,1.263081375802009,1.2246255030949118,1.0214113667482996
2022-10-18,2.098862867722705,1.0380202329648924,1.1243213491576147,1.1156496463189045,1.031487852371193,1.2761395897205372,1.234671536305478,1.0329665267805486
2022-10-19,2.103177692132306,1.0393300028139796,1.1241595390152408,1.1219073123129917,1.03238391482765,1.28316193278281,1.2387272542768868,1.036770371630347
2022-10-20,2.0888019341137682,1.0332374493929513,1.1218387941300771,1.1143215374689157,1.025642703501833,1.2783732314614589,1.2327311062125523,1.0300619614880275
2022-10-21,2.0752140014183187,1.026908256721396,1.1090087904284973,1.1092045702176092,1.0196679656861352,1.2714644602320682,1.2248553945188376,1.0251603412859316
2022-10-24,2.0788694841643713,1.0259835896056146,1.1101625227472853,1.1085598329898732,1.01932729198129,1.2714584132257152,1.221256624886386,1.022820380982334
2022-10-25,2.0956064087945836,1.038105828650546,1.1196134126579216,1.122678967120415,1.0318318800258115,1.283762925050019,1.2339265487661817,1.034799087166487
2022-10-26,2.106568685957803,1.043074193254915,1.1235227274626398,1.125319202799336,1.036112573894653,1.2795305315701937,1.2404085656343666,1.0381580344085541
2022-10-27,2.0956812484425504,1.0336188340642487,1.1199251867154554,1.115954109723513,1.025201877124004,1.2696689539637902,1.2303013241861183,1.0306824686826952
2022-10-28,2.086353858994798,1.029766286809977,1.1153726854442523,1.1102394331031518,1.0212947291307193,1.2609678474764092,1.2254004687744031,1.025381497539485
2022-10-31,2.1156106058339392,1.0503047601992608,1.1384186170168689,1.135052571464844,1.0418625670453576,1.27499567308299,1.2454995407675566,1.0434875712928822
2022-11-01,2.1202988997253485,1.0475670696822401,1.1353147355007873,1.1302127369863668,1.038401359812083,1.2874925877364358,1.2371276084279368,1.0512413907531002
2022-11-02,2.1187343358256308,1.0492104471132986,1.1370957676346403,1.13165268953775,1.0394044569343015,1.2950041247857407,1.2457019700059688,1.0531197485634745
2022-11-04,2.0981212075222038,1.04287850971074,1.1302334463137018,1.127202240639617,1.0328493436529884,1.3012010795006337,1.2415815131728078,1.0503617867900776
2022-11-07,2.115179086513444,1.0477589563457141,1.135522695222788,1.1299228577806237,1.036472001532429,1.3104246558716173,1.2468354032458187,1.0499028192716902
2022-11-08,2.13543756009901,1.055614346866274,1.1440360791093298,1.136182666468039,1.044692707808238,1.318773324718108,1.2530813117744357,1.0572244306205159
2022-11-09,2.134293138294663,1.0543150696257428,1.1426279701305673,1.1387874054662883,1.0436132330876873,1.3287704011632204,1.2578538522512643,1.0586868075799472
2022-11-10,2.1234936536312734,1.0542313339301521,1.142537220457498,1.139926448289197,1.049726009501759,1.3206537161038179,1.254353407421245,1.0565691269573216
2022-11-11,2.156478594123937,1.0621189438605376,1.1510855225576828,1.1522037348307341,1.0548119803505822,1.3247471685304806,1.2627657589085584,1.061312743083185
2022-11-14,2.137672144578132,1.0453799881360837,1.1329444568055564,1.136302755887666,1.0374755055302938,1.3107886814777037,1.2525437974451508,1.0487083742412768
2022-11-15,2.1472967499044335,1.0505968111954669,1.1385982581355416,1.1424214883341368,1.0405549735360806,1.3218968823172084,1.2564874544449043,1.0545696877965036
2022-11-16,2.1524377005921043,1.0519164883838363,1.14002847582892,1.1460036611491267,1.0409864715854669,1.3229381013175707,1.2567052236658158,1.0575288185767389
2022-11-17,2.160871168159257,1.0557209271992818,1.144151586961839,1.1501837957280836,1.045750251438798,1.3221394781618636,1.2644552293438955,1.0603330379793139
2022-11-18,2.165908196120538,1.0595453546847655,1.1482963610815917,1.1542369361804465,1.0507597452357966,1.323607321546641,1.2704969780505129,1.0655361028334467
2022-11-21,2.175239067917386,1.0645467361460246,1.1537166747160688,1.1608472180641367,1.05484748576048,1.3343398527559875,1.2788625737634942,1.0709616565988187
2022-11-22,2.193247520122297,1.0772629890978596,1.1674980828706347,1.1763423771090815,1.067587318262147,1.3513840488637812,1.295276953249124,1.084895571052546
2022-11-24,2.222508866714371,1.0873618390050686,1.1784428456863874,1.188792584379028,1.0808178448825703,1.3646877300856533,1.3049612839246174,1.0963173146806715
2022-11-25,2.226215614852961,1.086923876636172,1.1779681981479209,1.1885509092468938,1.0819423416930563,1.3654701667598221,1.3081433227057164,1.096320985931663
2022-11-28,2.212460682571717,1.0775755076661413,1.1678367790228492,1.1767980937937543,1.072168431648935,1.3535563461932454,1.299864384523413,1.0872290032048453
2022-11-29,2.2019206613763505,1.0706278147675934,1.160307124498821,1.1677522916567253,1.0651770613563833,1.3471106987183326,1.290902346604465,1.0819490742523137
2022-11-30,2.1909179143396034,1.0692764127850019,1.1588425246380347,1.1670471155764133,1.064682388142248,1.3418233202634315,1.2886104254452038,1.0812521020620203
2022-12-01,2.19189136810465,1.0628659831769265,1.1518951363460885,1.1616029397687704,1.0595328456520847,1.3411398074580083,1.2830108795221113,1.0731910576110408
2022-12-02,2.1605616109168757,1.048456265834913,1.1362784136499928,1.1461595937096172,1.046991995346011,1.3259898372415027,1.267500168553756,1.0576490915139813
2022-12-05,2.1534110931231547,1.0463631577496169,1.1340099799420171,1.1462950049874598,1.046406985889751,1.3308883839570809,1.2649671685156547,1.0540393457772192
2022-12-06,2.150281173252907,1.0507728970464068,1.138789093516942,1.148521039165037,1.0500124043016135,1.335308167138258,1.2663522622644439,1.059171501171877
2022-12-07,2.151796481499284,1.053589591424043,1.141841723486785,1.1527184515223354,1.05175604915879,1.3369410671960593,1.2715799494552038,1.0638501803775162
2022-12-08,2.146302692998233,1.0537340010751366,1.1419982293655777,1.1548201866178707,1.051605296891755,1.3363662794944167,1.2715947557848606,1.065080333958847
2022-12-09,2.166380936686275,1.0562843425018826,1.1447621957846648,1.1609877422407198,1.0527566544297495,1.3446962143012955,1.275657540508361,1.070489159676571
2022-12-12,2.1633732527893343,1.0532507958621438,1.141474549293477,1.1584283996020197,1.0492412037349212,1.3386745000124505,1.272949501650782,1.0665754791123152
2022-12-13,2.16874751605205,1.058278898928426,1.146923822822568,1.1655695802258552,1.0551457254290626,1.345471379051822,1.2798681144278068,1.0706477096367846
2022-12-14,2.1806864032531803,1.0630513228641274,1.1520960006955343,1.169268401643046,1.0594080361136682,1.352817575163666,1.2833912961800313,1.0741332296004165
2022-12-15,2.181159742208308,1.0647161735991904,1.1539003048080143,1.172260261169952,1.0621633321116764,1.3590081957791866,1.2855690017031052,1.0778388444661346
2022-12-16,2.157322294126686,1.053472377950707,1.1417146918271146,1.1570284348643176,1.0499129982744582,1.3463708682363196,1.2765609534670521,1.0699852506459935
2022-12-19,2.146696753046833,1.049141521323489,1.1370210683938071,1.152685469134763,1.0458239265245008,1.3402569440538534,1.2738915055251643,1.0673713164685037
2022-12-20,2.1045426822947197,1.0383895383020656,1.125368463884409,1.1398677043369108,1.0334725511935636,1.326544893177502,1.2621994340896519,1.0591301069935415
2022-12-21,2.0854373829770476,1.0258440005191634,1.1117720705632337,1.1241252954544003,1.0186814210025739,1.314712127837187,1.2496480873242162,1.0455786464736094
2022-12-22,2.1018310358768577,1.0371267324910023,1.123999881302092,1.1352072621059792,1.030398724785633,1.3243603365859613,1.2626120600109279,1.0563227353166547
2022-12-23,2.086835310060253,1.0346349505333199,1.1212993794859456,1.132565314147662,1.0262841304384307,1.3188947494180743,1.2606005390117114,1.05308846258846
2022-12-26,2.0942622018666333,1.0403906043855657,1.1275371458495627,1.1410959689516667,1.0329978906709316,1.329122494501034,1.266311620252418,1.058363199219757
2022-12-27,2.109674575479178,1.045365314275757,1.1329285538143898,1.1462182972861015,1.0394895678506348,1.3348476940188134,1.2750307268618357,1.062265632180034
2022-12-28,2.105373327052232,1.0427061093056937,1.1300466050832738,1.142881513283766,1.037752606020265,1.3345250352946492,1.2741098460325653,1.0608458293636207
2022-12-29,2.1079651315563144,1.0406297277772216,1.127796299003577,1.1390256777920886,1.0358061844875144,1.3333241485733567,1.271896520848275,1.0576515602000807
2022-12-30,2.11070170515131,1.0397121560316598,1.126801868428424,1.1381374267805908,1.0356496727238873,1.3326761312378874,1.270953752982526,1.058669569792395
2023-01-04,2.074989896992554,1.0266105631513054,1.1126028430045813,1.1224820805620692,1.020298075063083,1.3166918984686702,1.2550206430069608,1.04454906968637
2023-01-05,2.0728720003889887,1.0255689651958646,1.111473997375978,1.1234789919084094,1.0177154060822804,1.312703211116725,1.2541851178645924,1.0418612839907075
2023-01-06,2.079331684880588,1.0256629705606988,1.1115758769395891,1.124783612135235,1.0185448556048156,1.3145812946104256,1.2521720840719115,1.041447959989703
2023-01-10,2.0884025296248154,1.0248682441686454,1.1107145816490993,1.1252699027192294,1.0187244239040991,1.3247964585027974,1.2506831653301012,1.040262639467052
2023-01-11,2.110231219138618,1.033921072554821,1.1205257047382418,1.136129164384442,1.0273807055702961,1.3358312184986743,1.2585701796577033,1.0491310297303291
2023-01-12,2.1073869855485867,1.0302328928770057,1.116528590990987,1.132870580839486,1.0250533431155493,1.3370357207400907,1.2580969741226056,1.0481487948277233
2023-01-13,2.0976814114266857,1.0295857945881404,1.1158272896195256,1.1336351715109156,1.024772123688076,1.3392544317584067,1.2561080911982385,1.0490117677044406
2023-01-16,2.0795970333188816,1.0183524637145807,1.103653017977542,1.1202538751299878,1.0137332513748303,1.3301310324398459,1.2449115384246878,1.0353600760886947
2023-01-17,2.095445204040488,1.026198748628146,1.1121565335414767,1.1279670371993114,1.0212819830048872,1.3437342786696687,1.2530765108268953,1.0429617130066335
2023-01-18,2.1257483011168974,1.0358551324896523,1.1226217678991637,1.1384663736261023,1.0323367503950438,1.3549103404095273,1.2621760101451247,1.0513765612003254
2023-01-19,2.1162857718582124,1.031819855048753,1.1182484823377183,1.1332574524675154,1.0273016398100523,1.350499965874645,1.2595867335719235,1.045257213420794
2023-01-20,2.129356741929187,1.0363232839795895,1.1231291332988163,1.1381291953231096,1.0337453833511758,1.3665069284858269,1.2634510814999549,1.0527446268585443
2023-01-23,2.1543635705303363,1.0451649019987046,1.1327113543453555,1.1491609261798408,1.041959902712054,1.381470917614149,1.2764831828857883,1.06342816940358
2023-01-24,2.1751066692657903,1.0560786458256002,1.144539269277727,1.1617316129293498,1.0523986416868671,1.3954750717571742,1.2878975766656657,1.0725273417371317
2023-01-25,2.186280764846233,1.057885261601097,1.1464972131370466,1.163514646185919,1.0548034967886448,1.40075672268556,1.292426822862321,1.0758052505108773
2023-01-26,2.1850185033509932,1.0565300922312568,1.1450285303202552,1.1602288233856948,1.0542486219790443,1.403775530058268,1.2909488985185007,1.073866046623267
2023-01-27,2.1858519119213153,1.0558116850494452,1.1442499469882612,1.1589851447317994,1.0522768217050975,1.4153910916538261,1.2895902018121075,1.0754879210224044
2023-01-30,2.1877397925212847,1.0583271353789945,1.1469760997170062,1.1624154344483197,1.055318986477209,1.4045890681354654,1.29302485156345,1.0780611940860758
2023-01-31,2.1936893806658966,1.0650139068725135,1.1542229772002985,1.1703845581329462,1.061992987184061,1.4086828691556605,1.3042525358770345,1.0834870926777371
2023-02-01,2.191896847622375,1.0621956658743437,1.1511686710598954,1.1660399526813923,1.059472087920973,1.406504622916647,1.300191442208002,1.080563636123363
2023-02-02,2.183319375525079,1.0527036643017578,1.1408815881927121,1.1529898929290296,1.050529430581313,1.3933186501817312,1.28803519351572,1.0703453822136544
2023-02-03,2.176152952382921,1.047627146066404,1.1353798440806298,1.1474196337987563,1.0462972917866595,1.3865899493229217,1.277886592960986,1.0659558382563132
2023-02-06,2.1872259596852355,1.0595734666147312,1.1483268277593415,1.1580600793292246,1.057430301058078,1.3978397470786514,1.2878277159845388,1.0790657662588046
2023-02-07,2.1888827872971084,1.0615106345048853,1.1504262592081536,1.1593721794256737,1.0602593684642216,1.3924282344176933,1.2893953742838462,1.0820569723659883
2023-02-08,2.192081535065758,1.0629975869497152,1.1520377636840593,1.1643553029971163,1.0608489703458426,1.3921978082340531,1.294505604598614,1.086502819983048
2023-02-09,2.1977071712724503,1.0668172470149113,1.1561773710487089,1.1684809934153741,1.0620661329094203,1.4004144661935802,1.295302953838842,1.0892963092835448
2023-02-10,2.1953460010534043,1.0685241094945903,1.1580272059478154,1.1675328196263814,1.0655921191096167,1.407679698620391,1.3049321706979107,1.0904269359819017
2023-02-13,2.1827575117438878,1.0629712793685893,1.152009252493347,1.1613305459393932,1.0578862263876894,1.4059291654721673,1.3018415211977432,1.08442366067238
2023-02-14,2.2049947070805045,1.0750234563034125,1.1650709594379134,1.1743216441765203,1.0698567411361521,1.4230482001953895,1.3116852741287304,1.0961477470309828
2023-02-15,2.198478780170799,1.0710017830396708,1.1607124175842825,1.1707049846711268,1.0670505027416644,1.4293025797411167,1.3116309414679077,1.0964081551686709
2023-02-16,2.2179082867533966,1.0823095453823586,1.172967355320239,1.183937321100465,1.077966378532418,1.4384763655245745,1.3142788414546855,1.105346103690419
2023-02-17,2.211015615506818,1.0833156419538668,1.1740577258521387,1.1868716165060382,1.0775441485413308,1.4428032708670324,1.3191171145144855,1.1050467831966009
2023-02-20,2.2244102135377246,1.0954509232535328,1.1872094982566848,1.1989028064227618,1.0889027110808962,1.4607177550033532,1.3343418322685219,1.1144928734354485
2023-02-21,2.230979808974716,1.1056614663248263,1.1982753100235832,1.211648910115232,1.0981639757172652,1.4690162454585882,1.3451782854849639,1.1253333437149813
2023-02-22,2.2086925629122254,1.097544015190402,1.189477914463588,1.2023666254598513,1.0891164923779697,1.4592030221623904,1.3346420373344183,1.1176589803275419
2023-02-24,2.2271128915087774,1.1010506707917416,1.193278299080236,1.2068049170174238,1.0951242773182854,1.4628512300505239,1.3459728502475794,1.1238753235118137
2023-02-27,2.2372705293326423,1.108482365766203,1.2013324972871466,1.2133891279495652,1.1022885896705672,1.4765545429673075,1.3569356638774097,1.133615498999748
2023-02-28,2.240862090135804,1.1047741244811111,1.197313641506357,1.2094719364616473,1.0972691992834693,1.4643953686154831,1.3503226347198032,1.1288057205729696
2023-03-01,2.2509737143016513,1.1105765542329296,1.2036021018728573,1.2172207274645825,1.1038537363177523,1.473831704530699,1.3530660470446008,1.1353005234665143
2023-03-02,2.2494499915104686,1.1119311207858946,1.205070131378848,1.220873603921595,1.104353316709467,1.4722021422329388,1.3529662397054534,1.1365507140342384
2023-03-03,2.2725443903579645,1.1215063019514917,1.2154473612355383,1.2323908311113847,1.1134896008742696,1.4869452354534247,1.364121087177326,1.1472776309378037
2023-03-06,2.285376736204001,1.1270130929454654,1.2214154191687432,1.2392227470377146,1.1198869825235227,1.497409710179468,1.3696566552124918,1.1526702933322919
2023-03-07,2.2968433492631104,1.133202987975426,1.2281238001804229,1.2474084175408542,1.1261053807245762,1.505772500403867,1.3756464024344752,1.1576230869863886
2023-03-08,2.3076681403753465,1.137515478976781,1.2327975196225949,1.2500145119117647,1.1312769764582802,1.5126057911547157,1.3844062206292294,1.1639222595031053
2023-03-09,2.327417222111658,1.1518038430876736,1.2482827241414975,1.265372773857699,1.1438836891628308,1.5234314491974685,1.3972022985185533,1.1791271620908552
2023-03-10,2.2937161349465276,1.1428791826633682,1.2386105047845755,1.255792555909677,1.1336639792794538,1.5045953700505685,1.3839327780161244,1.164752911802335
2023-03-13,2.2572312310943787,1.120636817027132,1.2145050453920085,1.2299473148010163,1.110360620437855,1.4764179794104662,1.3617689872083578,1.1430921399188896
2023-03-14,2.19645472412391,1.0909299526764868,1.1823098363033526,1.1957585818058605,1.0795320502185324,1.4317948244898495,1.3292152725443496,1.1118004256996015
2023-03-15,2.220106811255761,1.109643248907851,1.2025906198217802,1.217834317679463,1.0985592145761875,1.4565761591514494,1.3495442849363772,1.1319004944295252
2023-03-16,2.189042528891459,1.092124372584052,1.1836043047538027,1.1929567867157937,1.0800418454865917,1.4217594245744392,1.3285001560997032,1.109199532059164
2023-03-17,2.212226743088789,1.0965845085208308,1.188438036357162,1.196845680480041,1.0847508002038173,1.4246667296186275,1.330829429806402,1.1122385649270332
2023-03-20,2.1725905481678045,1.0790814712559311,1.1694688870797918,1.1762167659701583,1.0668527939068597,1.4027927346175766,1.311944482544807,1.0941512394712438
2023-03-22,2.207359508348535,1.0941485590406723,1.1857980437306297,1.1934655517196555,1.0821638366835618,1.4259484507750182,1.328527218108406,1.1074247523092813
2023-03-23,2.2151111292166443,1.095281231555918,1.1870255926239384,1.1963472258848005,1.0830329226385484,1.4326494302372426,1.3311556792200696,1.1093644564775602
2023-03-24,2.215494313271733,1.0977559979053575,1.1897076535484883,1.2006015823888554,1.0853356966349963,1.4341837273758147,1.3341369617168648,1.1082808906050357
2023-03-27,2.2240167274623066,1.1011097310129758,1.1933423063799973,1.203992811267056,1.0886416072484737,1.4408019538457313,1.3362419226293707,1.1110828993187214
2023-03-28,2.2191664880414415,1.1020159639651315,1.1943244483870867,1.206932534526365,1.089296844182957,1.443356533824853,1.3380528845949822,1.110973587122586
2023-03-29,2.2572659681328555,1.1248628689179625,1.2190850852992445,1.2309723772076375,1.1107292409158918,1.4591128396355793,1.3570069714779616,1.1281717782725937
2023-03-30,2.270621541234176,1.128209964048911,1.2227125441353088,1.2362481715097926,1.1149942353584454,1.4741659751115925,1.3619754452411184,1.1358014909378016
2023-03-31,2.2896262787736448,1.1380005105578128,1.2333231790453327,1.2505916618957422,1.12424105351888,1.4886138628799483,1.369290921730491,1.1468447940218813
2023-04-03,2.3121256992165016,1.1482258106656535,1.2444049839467324,1.264068123942772,1.1351269593080093,1.4992118403438721,1.3846706535290028,1.1561070305174856
2023-04-04,2.310719566473717,1.1526025261196096,1.2491483074930498,1.2676977777381677,1.1395456667822215,1.4989376956060385,1.3911782597508546,1.1592648146616924
2023-04-05,2.2611918533632824,1.1245957403638889,1.2187955811782296,1.2360970425894446,1.1119357139077333,1.4613145924808053,1.3623368382962446,1.1339480711697991
2023-04-06,2.234394051245555,1.1147742291025342,1.2081513878061667,1.225050515715616,1.102290762685203,1.4428583635962857,1.3495779572857738,1.1236815615623021
2023-04-07,2.2415590397632745,1.118378613678114,1.2120576874976117,1.2304471044322005,1.1066016098461908,1.4507716365046763,1.3505428666268862,1.1284595076959176
2023-04-10,2.2557334728558427,1.126243204138956,1.2205810419417151,1.239746904629605,1.1132472659742858,1.45793297918917,1.3556769978955874,1.1323472788472926
2023-04-11,2.275090320859472,1.134782317488959,1.229835419532365,1.2515320114249653,1.1204832677909333,1.4710073733255815,1.364666837245999,1.140559349340096
2023-04-12,2.290269593463067,1.1492247067233738,1.245487550826109,1.2643712209540938,1.1334269335382188,1.4886705182829627,1.3748195438068898,1.1509791563835965
2023-04-13,2.296147705877286,1.1494853437040822,1.2457700196182069,1.2642008213273546,1.1340030958647427,1.48580123669891,1.3751458758659316,1.1520733187686627
2023-04-14,2.3087919201971467,1.1562048655505563,1.2530523907318154,1.271761991328016,1.140606473358057,1.49156490491245,1.3809884598856885,1.1584684868740434
2023-04-17,2.311117834919803,1.159588658202022,1.2567196209935052,1.2764478420908625,1.1440964860526632,1.4940650420366408,1.3821298921640355,1.1634000918702867
2023-04-18,2.326053449246572,1.1673885507554929,1.2651728582205632,1.2793824572156383,1.151584951606585,1.501331720141771,1.3865605930554286,1.1688366810745847
2023-04-19,2.319221817946583,1.166479445309717,1.264187603110333,1.2759577128377766,1.152254237529257,1.5012037577124209,1.3834072991162052,1.1677622073344887
2023-04-20,2.323653962326247,1.1757061100337325,1.2741871236411548,1.2813153303007876,1.1621808157157762,1.4988397234385265,1.3881546762756691,1.1733328322269656
2023-04-21,2.3223085471259726,1.177030884977446,1.275622866094644,1.2832686748544941,1.1623820021239333,1.4973601437816997,1.3915064586869714,1.1745596323592697
2023-04-24,2.3283363704987066,1.1818808196374293,1.280879047245284,1.287283044976828,1.167663551319162,1.4943278283719055,1.398283143364414,1.1776985613051434
2023-04-25,2.3299657181846127,1.186905384965455,1.2863244867035175,1.2950234211987606,1.172539931283454,1.4916795353592265,1.4056167099383015,1.1837698177741596
2023-04-26,2.3056420743764394,1.1800802664465333,1.2789276737926063,1.290192767235481,1.164547102986791,1.4814315467116672,1.402893235251476,1.1777318388981062
2023-04-27,2.312201984524452,1.1810072591035927,1.2799323144058128,1.2909518043658754,1.1643112544553202,1.483375927042241,1.4065832521577712,1.181019172270693
2023-04-28,2.349103646618805,1.1963644116539116,1.2965758326017403,1.3127664941471207,1.179843794989893,1.4948950440956643,1.4307844353509838,1.1978447472994584
2023-05-01,2.3664965266524502,1.206026023396851,1.305275858700519,1.3247286765720918,1.1884778528604176,1.5065533430412474,1.4381617601029375,1.2082699927934137
2023-05-02,2.361921715929817,1.1976132842463403,1.3032562064400217,1.315273069872732,1.1815474273503068,1.5008245666445914,1.432169473255363,1.2016318194907456
2023-05-08,2.3706530303540387,1.2040569617275672,1.3144759445152294,1.3226687104755188,1.1873506065036836,1.5100354710884654,1.4441358695509658,1.2093692699243546
2023-05-09,2.393085961395094,1.2145996681826323,1.3327510174041999,1.3415577495721736,1.1964630985767313,1.5383184549127948,1.4495254249513667,1.2312437957937845
2023-05-10,2.381171791558213,1.212997873216503,1.3375402222140407,1.3424851740733839,1.1947519493562933,1.5304420958003033,1.4499430501534156,1.2317639766889177
2023-05-11,2.3756088196765726,1.207784743204871,1.338618319061711,1.3390561374687757,1.195087170436713,1.515629887500742,1.451318117454825,1.2227331201685727
2023-05-12,2.383396370804775,1.2115246970858224,1.3454073042977939,1.339423579382099,1.1986112220229963,1.5139557250041895,1.4625198704001767,1.2269014146597916
2023-05-15,2.399796046437791,1.2107066435822087,1.3567018334285206,1.3411935354061468,1.2006786109083667,1.5310733255668452,1.4702040357470068,1.2324141969044735
2023-05-16,2.4111925205772127,1.2132218740975897,1.357290638280478,1.348006067899777,1.2019579705991852,1.5374356018823787,1.4799637504345784,1.2367202551665197
2023-05-17,2.408434979917376,1.2098478127581018,1.3512137772285495,1.3454679747081888,1.198497613557007,1.5299740035195266,1.473911276653993,1.2316857593419597
2023-05-18,2.4208343023361563,1.2158460687494355,1.3562156522057356,1.350719349117345,1.20475273367001,1.5409141218108084,1.4708692443728968,1.240376022228977
2023-05-19,2.4299857324349188,1.2099216269702684,1.3597166494577866,1.3452976988013798,1.2001273209474432,1.5390210329051963,1.4666551908565333,1.2365863176830985
2023-05-22,2.4431969231973567,1.2195013386410292,1.370512277332183,1.3574129470411462,1.2096000742878943,1.553767139137598,1.4763556565524416,1.2491239895821256
2023-05-23,2.42710575648385,1.2106131893201524,1.3564978653687516,1.3524170610121398,1.200841317623036,1.537097312588563,1.466214236426907,1.2401371213651218
2023-05-24,2.415101070907601,1.2093264940574087,1.355857496743452,1.353079104692816,1.1984960930133572,1.5452802437468383,1.466184789660355,1.2375993802076528
2023-05-25,2.4144060383315935,1.2068999916768284,1.3617039156643411,1.3532810853444537,1.1970259270252417,1.5517372489465495,1.4670783564499528,1.240233256293034
2023-05-26,2.4018850505729827,1.197071835601326,1.353216902387662,1.3411049586929813,1.1870622764808276,1.5426822243677607,1.4514349853047162,1.2347351361447478
2023-05-29,2.4153706045292047,1.2036705203312603,1.3635846948381272,1.3519692120062747,1.1929851479519202,1.5625743920502033,1.4582492877472837,1.2450253059644105
2023-05-30,2.412741266053539,1.1980126314119401,1.362215532768897,1.3475861800029931,1.1890911422159207,1.5632045771597989,1.4503107476797736,1.2419072977574404
2023-05-31,2.3783529442237388,1.1737330265668793,1.3358490117166388,1.3169526615333924,1.1646195262743135,1.5257092720408014,1.4275585943943427,1.2164638920780961
2023-06-01,2.3835041770031022,1.1748275237452774,1.3369908155945625,1.320683137973744,1.1639714640392111,1.5308685042756207,1.4305342908542953,1.2185651825516293
2023-06-02,2.420606999395989,1.193269458059226,1.3543745005327092,1.343082676597431,1.1823359360391736,1.5522539205611912,1.452190556656939,1.234615351824435
2023-06-05,2.458244381462547,1.2084407048701644,1.3738557398676636,1.3602904791927155,1.1987769992176438,1.5735567234514094,1.4669505365723203,1.2494026905710758
2023-06-06,2.4672703203163615,1.215309617006955,1.3786437763820383,1.3736880940171872,1.2036744104975392,1.5878603447229722,1.4703443787599897,1.255822971908864
2023-06-07,2.4548225852473258,1.205999107091587,1.3693357758603373,1.3603228459406411,1.196620367358991,1.5783412199717293,1.4634998770996388,1.248100352956928
2023-06-08,2.4348381296047754,1.1998696033884901,1.3642565844428551,1.3555559190976596,1.1918697547461476,1.5750190778707447,1.4603823815560666,1.2436311249015264
2023-06-09,2.4618063387533637,1.2134066971668214,1.3817585189829105,1.375014185317696,1.2039357869294351,1.5955127611697324,1.4762999740469274,1.2611100902184171
2023-06-12,2.489806203934357,1.2195100589099088,1.3930327347556015,1.3851374339057194,1.2128051953708718,1.6096652634778892,1.4831394833558509,1.2703474025095007
2023-06-13,2.5052682021374926,1.2231272181538158,1.4050680982792931,1.3901366199206815,1.2186191867464558,1.6198315968719728,1.481722083452147,1.2820523037787035
2023-06-14,2.5236462394286896,1.234236204985461,1.415136283797709,1.4010968119726162,1.2271629782277353,1.641400475290513,1.487812915158759,1.2958362491920625
2023-06-15,2.5207982581381887,1.2402202140788985,1.4243958895772397,1.4071424242390684,1.2333058029815382,1.6476405523064475,1.491059101802728,1.3052068880603689
2023-06-16,2.539710247171844,1.2429980717006333,1.4246090880143283,1.4138801120479167,1.2359918144925797,1.6555914445301612,1.4912623397292957,1.303966169829396
2023-06-19,2.544202920810981,1.2459435710273474,1.4242404552802947,1.4161645878802953,1.2378511328907535,1.6467969634681245,1.4934438989681218,1.3018208543686862
2023-06-20,2.544878990602293,1.2465438369962398,1.4290347362645142,1.4192745692497597,1.239676447539204,1.6424433895896464,1.4886922248832652,1.3033022432680024
2023-06-21,2.5555307796382847,1.2551805352285648,1.435808342336761,1.4299716640511935,1.2480016011419586,1.6537899404350416,1.4974584562892919,1.3126972463762843
2023-06-22,2.5504748762242984,1.260056248659559,1.4388421776335631,1.435532188358175,1.2523593845553906,1.6630791214583072,1.5012080156213872,1.314594135455547
2023-06-23,2.5217593505838027,1.244326977448722,1.4323040165585235,1.4128697893167435,1.237633393858149,1.6444997387633453,1.4906835834406955,1.3004715975311023
2023-06-26,2.51262383298441,1.2415916982601671,1.4273304625383494,1.4061060184991345,1.2358173147369056,1.6414564667757696,1.4873149448222207,1.2965097765199813
2023-06-27,2.5014015196030366,1.2416278019103146,1.4287021610429411,1.403554573987583,1.2358202586274145,1.6364825633029,1.485798235413045,1.297226685828457
2023-06-28,2.546961463277581,1.2609306659296562,1.4578312511774052,1.4258135743245783,1.2573016953293827,1.6655220021290098,1.5071525583869534,1.3193414272278439
2023-06-29,2.550630642831169,1.2569489380602605,1.4586912573089243,1.421073318907667,1.2553681472480505,1.6636182197220326,1.5023053639495867,1.3151423139385434
2023-06-30,2.5467510232247883,1.2488174397486098,1.4613796123334148,1.4111813819477081,1.2486841123059407,1.6682949478596374,1.5013425539498688,1.3125137493552437
2023-07-03,2.57826180541828,1.2595651143828739,1.4834274572385955,1.4221709902626176,1.2598445953088935,1.6862606798635318,1.5141662588978775,1.3270623138395712
2023-07-04,2.569183859668707,1.251807780901833,1.4761619332899287,1.4115969284914114,1.2545415292279634,1.6852815971318782,1.5043630300104012,1.3192009659768869
2023-07-05,2.561976895745533,1.2486749600953078,1.4696844681731516,1.4106316363147355,1.2527575597455913,1.6963328246570044,1.5020908028010829,1.3179242432086502
2023-07-06,2.5345777302134214,1.23606518996447,1.4557912862840263,1.3965686397774064,1.2431396836400277,1.6787815130459023,1.4913154938841926,1.3053692188717365
2023-07-07,2.5210815568754006,1.224653215859683,1.4483799039952017,1.381824743912377,1.2307220363463183,1.660357914912512,1.4786246680134554,1.2920851297533544
2023-07-10,2.52091390472933,1.2258086676119142,1.4502675136673946,1.384018150417016,1.2315621532701095,1.6587727303201298,1.4866212945776685,1.2940018119814138
2023-07-11,2.518359672055683,1.2236641887290467,1.4486562407484476,1.382009573842784,1.229086203086973,1.649158779938762,1.4803777927226207,1.2939429435163552
2023-07-12,2.499511118744096,1.2160681837449567,1.4329465945338988,1.372868829537642,1.2200866199745688,1.6295534340384092,1.476868428291709,1.281290663446495
2023-07-13,2.514612572407667,1.2166945995856682,1.4340301524420072,1.376291545273399,1.2218671691991456,1.6358122114504243,1.4735386376701192,1.2826978976838572
2023-07-14,2.509598787900879,1.2139050607925685,1.434377105386451,1.3752930139085509,1.2190940855679862,1.6319372339879354,1.4713418836268084,1.2822137154407587
2023-07-18,2.5264937333057387,1.2217898406343837,1.4474989169004486,1.3837096181513193,1.2274917251088429,1.6463089850289137,1.4832000993652397,1.293619720300564
2023-07-19,2.553834198193576,1.2344064445049079,1.464280520535707,1.3982589479514171,1.240413695357295,1.6670604844386916,1.4966802119651292,1.3077637471780406
2023-07-20,2.536846570257317,1.2299059401365695,1.453696278890487,1.396149549971951,1.2334101608185022,1.6650718141385499,1.491977331945105,1.3006482277878484
2023-07-21,2.5336123873220093,1.2317489496234035,1.4554690907979082,1.400361525071694,1.2346039223781455,1.6668389989215615,1.496792184935146,1.2997971487752786
2023-07-24,2.558243338393835,1.2421417305595917,1.4721390748564844,1.4132760332196537,1.245702898516855,1.6874475542668461,1.507500223750921,1.313740426159856
2023-07-25,2.56524447577529,1.2494389286995604,1.4794523259628134,1.4240374623928331,1.2522298689665465,1.6961793899329631,1.5158874129084048,1.3198416119742002
2023-07-26,2.5638171941645496,1.2457057765655202,1.4780625521520567,1.4205390656836503,1.247852220303336,1.6885625659046388,1.5143021416788873,1.316325804098028
2023-07-27,2.5699212514002974,1.2456407916023384,1.482709654680112,1.41968777726142,1.2478962409364842,1.6934067122926788,1.5179020761666162,1.3172095809894921
2023-07-28,2.5621632065931372,1.2412984126681683,1.4779527518357483,1.4130630307658674,1.2457930667725472,1.6883818137120177,1.5144790147523048,1.313297372161037
2023-07-31,2.5940073622718534,1.2578167498149568,1.5001110017397539,1.429722064851966,1.2604454899265713,1.715784647432394,1.527677719098831,1.3333131931284286
2023-08-01,2.605778858324239,1.2689085055435008,1.5020123213376342,1.445807288191804,1.271008081043078,1.7152702147976455,1.534434917813302,1.3447181667022394
2023-08-02,2.582521739979144,1.2573506803990018,1.5039115660111428,1.4327904035585315,1.2611644893472955,1.6958734109847917,1.5361038305667136,1.3380918022188446
2023-08-03,2.5382199323941603,1.2364181517586355,1.4763790864798898,1.4082895413035843,1.2350096784954196,1.6730759026954154,1.5104668109598332,1.3172170941323462
2023-08-04,2.547082770146728,1.2371102868857127,1.4812622720795272,1.4110318598597111,1.2380461514540348,1.680906420849205,1.5156022468310566,1.3221163274659595
2023-08-07,2.5636506803303853,1.2471616278124549,1.4882938804465173,1.4217815251297894,1.2465904224000466,1.6733991415170963,1.5285490899780885,1.327836892767584
2023-08-08,2.566932240298069,1.2605381926396346,1.5076444374128795,1.441366502501537,1.2566550039115665,1.6753173915036277,1.549252749528706,1.3403358344797416
2023-08-09,2.567297987106118,1.2624781718056333,1.4991163191929107,1.4497679643545407,1.2621348533948356,1.6662726640371568,1.546559960509139,1.3442213273232737
2023-08-10,2.5873969164234167,1.2748039199529677,1.5232010245460739,1.4740492288808038,1.2748058762420078,1.684629039692323,1.5648907367646165,1.3580907572443033
2023-08-14,2.573323162607323,1.2627666420091415,1.5086481780897179,1.4557838438016302,1.2611443793437662,1.6690093184845571,1.5517432696369131,1.345870546953494
2023-08-15,2.5813526183339928,1.2619876198529176,1.5207434676138705,1.4580939037969216,1.2618028522208378,1.6736669770944217,1.5538444035960355,1.3463672681752616
2023-08-16,2.5543663547852393,1.2551434290241144,1.51113106143984,1.452526357227143,1.253499837458228,1.6509058912839907,1.549103045855833,1.3392574706244613
2023-08-17,2.5406739767222253,1.2512490699492993,1.5042467123825618,1.4471821501639408,1.2500468228099535,1.6420136915159473,1.545407791641582,1.3328989399516347
2023-08-18,2.517702747339999,1.2386417413138977,1.4924839562366552,1.432263423877222,1.2373949377048326,1.6323541137649722,1.5347194356850984,1.3204618513329507
2023-08-21,2.5330232558342276,1.242364576544073,1.4917774687131349,1.4346298683867467,1.2422795338427406,1.637792628634546,1.5438581780337943,1.3200171886513163
2023-08-22,2.5528109239223813,1.2505501199259845,1.5044846470703674,1.4446434741959546,1.251659107800686,1.653021446464334,1.552933956981149,1.3285545835823949
2023-08-23,2.57470635188886,1.256454606860144,1.5148405611596067,1.4490603725306526,1.257265850110246,1.6631895790785143,1.5611246573842106,1.334689525258814
2023-08-24,2.583249659518592,1.260365591583555,1.522338283310372,1.4527625206083576,1.2601722340803576,1.6669532009410488,1.5699162277008085,1.3402541091245517
2023-08-25,2.5722794356741074,1.2579893055477436,1.5148920331699727,1.4505509308102553,1.258037576419445,1.6628967486231525,1.565338722492567,1.3369504110929662
2023-08-28,2.603961396013017,1.2745723657647996,1.5360687001403988,1.469839118022139,1.2761529809679535,1.6867870758561385,1.5861432847762258,1.3547983287886196
2023-08-29,2.6181293597686652,1.277287200358848,1.538003482636593,1.471886091474103,1.280937096757859,1.6932279514546216,1.5880676509243021,1.358404148240594
2023-08-30,2.6258024193268175,1.281291586362062,1.5436034227028688,1.4776055974174884,1.2860566192212608,1.699800482054029,1.5908908905556662,1.3664885352895835
2023-08-31,2.6426950577162414,1.2865765597096457,1.5606239144679355,1.482755874300341,1.2906842847961937,1.711243975544071,1.599828690767962,1.3765241316147527
2023-09-01,2.6642286001509325,1.297102467154024,1.569715644179764,1.4964194336828611,1.3017763050575868,1.7289964391456079,1.6079120986381434,1.383733249624989
2023-09-04,2.689053624900165,1.3136294929231764,1.5931633929359121,1.5201309064511546,1.3191400450947086,1.7587989575857623,1.6250906120061517,1.403621054542704
2023-09-05,2.696716266424255,1.314945777231996,1.5957960262394688,1.5220883198966424,1.3204646525033368,1.7585801391668225,1.6252717280521902,1.408125240125441
2023-09-06,2.7037772024975157,1.31436970697677,1.5990478754659805,1.5203284951969613,1.3197293296811827,1.7621622804308317,1.6235554228192333,1.4057797428791061
2023-09-07,2.691869719747683,1.3198337204854909,1.5985135276092861,1.529194590394855,1.323479000194629,1.7560886950090948,1.6316378161983984,1.4063988640522957
2023-09-08,2.6652553076833025,1.3074377793751213,1.5852806851145254,1.5130947406605118,1.3108738332827394,1.7414240827749594,1.6150979241956176,1.3946031130116139
2023-09-11,2.657295789907254,1.3082513608948716,1.5890546167337014,1.512684000864685,1.3113763630939714,1.7420997252501407,1.6149288509343076,1.3942460289900067
2023-09-12,2.677479055086343,1.3185252234400695,1.6010178948093756,1.5238225792000613,1.322463083358391,1.7461471400756166,1.633509900508629,1.4030102123176287
2023-09-13,2.668283727313187,1.3118402281490653,1.5858531889339043,1.5182824119654499,1.3165777289241802,1.7492602363909007,1.623267615940369,1.394389241561676
2023-09-14,2.685154626036521,1.327437296465803,1.6012769892883065,1.5387314723658094,1.3309791993547029,1.7710581834867698,1.6358112615732259,1.4089781134437227
2023-09-15,2.7012448929775985,1.3418000238059002,1.6128170939239108,1.5579860162525379,1.3439755945344198,1.7881298594496515,1.646080764472699,1.4198411469344443
2023-09-19,2.7061275616703964,1.3527507564350414,1.622213816731864,1.5763641267314565,1.356558136464952,1.8083507062414403,1.6580939919074276,1.4346417042623154
2023-09-20,2.673187987366713,1.331812149333594,1.6062164807492127,1.5541364540367846,1.336924660149686,1.7915533115405946,1.6375110713014969,1.4214996250770595
2023-09-21,2.6525255862391375,1.3275765139660693,1.6046856586499472,1.546566729171846,1.3295363758255119,1.7869703736590303,1.6331787477760997,1.420906131042618
2023-09-22,2.6532034041434924,1.3203852362051869,1.603738792746611,1.5374736038153851,1.3239034815266049,1.780869213292617,1.629502062095959,1.41763035998354
2023-09-25,2.678148786417799,1.3305072154619664,1.6118991976583765,1.5472053966889583,1.3335566788527256,1.788675143334661,1.6377836179475878,1.4247150319171196
2023-09-26,2.6584336287134875,1.327601686873357,1.6138871608788332,1.5405300506209447,1.3312144408228992,1.7783141463405043,1.6344831389206573,1.4236493068096288
2023-09-27,2.6732632931348626,1.3336075917635233,1.6232911533827004,1.549070282908098,1.3389132433685538,1.7829831385725776,1.6440688006312758,1.4300925638499407
2023-09-28,2.6616314714897076,1.328772249299958,1.620694635045376,1.5459484701530206,1.332343087490538,1.7775356540289127,1.6386695063453902,1.4240991746705993
2023-09-29,2.642304039729233,1.3085136862035103,1.590161446177762,1.5175983924768626,1.3136521591319823,1.738358592221489,1.6147892943810296,1.4027204060313403
2023-10-02,2.6263593065047353,1.3021103331772292,1.5873478915097385,1.5112796293440345,1.3056448633059914,1.7353242305053342,1.610916221165202,1.4035969161608832
2023-10-03,2.5734898596734253,1.274654917120478,1.5548169071112317,1.4716674685648197,1.2786168542961749,1.6882614116916461,1.5784120279959724,1.3729436473193986
2023-10-04,2.512730929575585,1.2410041723263114,1.507550424932135,1.4243945791940105,1.242744806484168,1.6271258458519373,1.53952104437375,1.3312731778705007
2023-10-05,2.561394326603753,1.2667684377752173,1.545641831873928,1.4533890619700307,1.269556056593524,1.6581218361064072,1.569438997471277,1.361634430742439
2023-10-06,2.5732335450747863,1.2779365522778126,1.562023538525647,1.4661222479078853,1.278708348421583,1.6671247274383276,1.5836045894571216,1.3769147904321923
2023-10-10,2.6201892465618615,1.304204827439754,1.5977783495429771,1.4997435436368254,1.3046935721180442,1.7119041062301237,1.6136974150681918,1.408882136786844
2023-10-11,2.603161762720803,1.2970898244457718,1.594263291516049,1.4896723140878314,1.2983578207739062,1.7078430245028131,1.6109004737833756,1.4009113561556448
2023-10-12,2.6316076714041365,1.309605608605264,1.6083843922096142,1.5044294325609588,1.3095761329941957,1.7230333454374307,1.6180179387529028,1.4174433133759374
2023-10-13,2.585144971570763,1.2914436590158649,1.5851574152718095,1.4839416311041949,1.2908622007262731,1.6965340852577564,1.5975546009639807,1.4002906782008586
2023-10-16,2.5438678479587966,1.2844394676698565,1.568143104309191,1.4789566736934976,1.2806306176673619,1.6834552602798456,1.5869101242569799,1.3904340039134624
2023-10-17,2.5615806766911975,1.286444495514199,1.5716272434897196,1.480964875543683,1.2835245358792233,1.686286391675307,1.5904902298536214,1.398293451990687
2023-10-18,2.5716537793139853,1.2919575197645756,1.5822928049183875,1.48871812034459,1.2926014256026028,1.6980151117551314,1.5984279117431766,1.4068865607481587
2023-10-19,2.5432838736543926,1.2819557618866202,1.5608442918574945,1.473436259103677,1.2835268077390105,1.6788341483323246,1.5905198650465284,1.3882701488064764
2023-10-20,2.5369417255931155,1.283051386785069,1.5660985786182549,1.4764722825347278,1.2835757527914504,1.6784670448677335,1.5939657725251537,1.3876678491236343
2023-10-23,2.5082108169497865,1.2711687356056909,1.5498114013558968,1.4644692041810552,1.2723717142157103,1.654023270257032,1.5846599107084591,1.3747632345003926
2023-10-24,2.5252704195933915,1.275228447901151,1.557846722250078,1.4662366592512184,1.2770356332119115,1.6644429979879172,1.5883325933499175,1.3780984994857348
2023-10-25,2.5319676804299998,1.282398819386368,1.5600808006225075,1.476448741151856,1.2836814333992173,1.6711871264680924,1.592866330786057,1.3816482194852342
2023-10-26,2.501956790306366,1.2691068387448727,1.5387753790743561,1.4620399560349016,1.2703367751906711,1.6636038844440437,1.5809473054781016,1.3667709220869515
2023-10-27,2.5467804797995264,1.290391514090116,1.5662345381631109,1.4867856511528836,1.2942451271143718,1.6913671395171477,1.5981297732778117,1.39130456389255
2023-10-30,2.5107129323087154,1.274469548546572,1.540191875561138,1.4704384504093129,1.2778904428299258,1.6530578825366748,1.5645276371467518,1.3732938476926424
2023-10-31,2.547160709164076,1.2958045137568852,1.5520947494175652,1.492279184661013,1.299659527761952,1.6703108351448257,1.594803394423276,1.3808906160858123
2023-11-01,2.578305361215811,1.3095905473908094,1.5693621010012684,1.5128027562962554,1.3148236370641209,1.6915161342311749,1.6256943892374751,1.3989679278027023
2023-11-02,2.5904366782669808,1.299823135300122,1.5576572163023625,1.5016554167573042,1.3064205497220645,1.684454682611451,1.624362071783416,1.3868956047767094
2023-11-06,2.6399300044075393,1.3289508105645267,1.5925626833136388,1.5438079698560672,1.332221904537873,1.7025602737857075,1.660462787816924,1.4144562545638943
2023-11-07,2.6169052327405877,1.318478628589422,1.5800132299449794,1.5336686060619646,1.321184204238462,1.6905474248048005,1.6515444335494043,1.4090881528166788
2023-11-08,2.587993433335302,1.2935947962216396,1.55019341830731,1.5009564172874756,1.297364173582842,1.654917746162291,1.630184910176987,1.3748740581581576
2023-11-09,2.6135685356447342,1.3012324804747482,1.5593461204477794,1.5171894106768762,1.3049932960815174,1.6723401511726805,1.644570433866068,1.3825467533265756
2023-11-10,2.6222378975353724,1.3090854360354112,1.5687567953051278,1.5302183864066312,1.3148905266053892,1.6964905444188882,1.6489998159582828,1.398598331378001
2023-11-13,2.6163761056193344,1.31074730987155,1.570748319923474,1.541731791782572,1.3173506881433512,1.6956541847861062,1.6494127613270513,1.407801510274841
2023-11-14,2.617137291944059,1.3130275291500049,1.5734808455397509,1.5461098236025628,1.320135352879024,1.7048527815077539,1.6560935941278667,1.4115930719649497
2023-11-15,2.6482643846067364,1.3171656282870663,1.578439781726965,1.5538159170092114,1.3233369679720717,1.7136463885981121,1.6657570852932002,1.411957215463876
2023-11-16,2.629946871879165,1.3114638231551166,1.571606961423547,1.5509413153731149,1.3152214851486186,1.7029828947282102,1.6529213855888127,1.4086703132795753
2023-11-17,2.659152923487702,1.33083506032963,1.5948206945493377,1.570340931920601,1.3367105557717132,1.731652609052032,1.6747095073558669,1.4316048721816084
2023-11-20,2.6462387761361765,1.3137973595879253,1.5744033802326567,1.5473482693621143,1.3208269654131097,1.7152974094014986,1.65232173594522,1.4134187615616653
2023-11-21,2.6541689060436564,1.3208119541240153,1.5828093960219147,1.5560512450757535,1.3267961132978219,1.7087473687209203,1.6622368529789358,1.4170618677586186
2023-11-22,2.6651816997622917,1.335679003741088,1.6006254869132432,1.576177243081098,1.3415769726895488,1.719355163266936,1.6796095633010906,1.4301841656046446
2023-11-24,2.680692520351591,1.3441700588930692,1.6108008353682088,1.5887032134654222,1.3495123653832442,1.7338474382856934,1.690584663692532,1.4418183424224984
2023-11-27,2.675344574886486,1.3428725383401046,1.609245937476536,1.584969280709511,1.3472615273566826,1.7370874957142024,1.6889253926894652,1.4398203795447453
2023-11-28,2.6816311800030377,1.349741919122608,1.617477934782019,1.5944655842343538,1.3530912452047967,1.7467147514684802,1.691298042515656,1.4479022666279149
2023-11-29,2.6778819474962225,1.34001973729339,1.6058272522597474,1.5816467185323115,1.3451577613523975,1.750362411584024,1.6822363053818756,1.4366927683994002
2023-11-30,2.684926863064637,1.347359504082965,1.6146229417618567,1.5951971930553852,1.351913400412773,1.7629073986289863,1.6967486791310753,1.4470878784435124
2023-12-01,2.6822315919593414,1.3505723822202629,1.6184731292833356,1.5961541224201108,1.3571043323771508,1.761029020597904,1.6991313103121888,1.4475451242927249
2023-12-04,2.680936231010037,1.3494744073718938,1.6171573591608983,1.594213622160381,1.3562947930186977,1.7535141832960535,1.6939439484831833,1.4462541368832584
2023-12-05,2.6499505286078846,1.333878044160328,1.598467287377433,1.5693802110409836,1.3444789774902288,1.732521968775297,1.671395370158186,1.4276077684995196
2023-12-06,2.695190976158866,1.3577201114813406,1.6270386885208412,1.5963697241968127,1.366241454033995,1.7601198466800227,1.6985728289490891,1.450465580908703
2023-12-07,2.658171229092291,1.3466729045234591,1.613800147698934,1.5830308441093177,1.3546875428326837,1.7405327662222556,1.6833669780688711,1.4362006452139666
2023-12-08,2.6194754124020125,1.3268123755765717,1.5900000664466813,1.5525960088490074,1.334808805679582,1.7037821532733195,1.6526349460060883,1.4055939927576153
2023-12-11,2.654813935288954,1.3448099621274998,1.6115676703812016,1.5742904228328496,1.3531201913666666,1.7264834001869926,1.6714237895132735,1.422867417743834
2023-12-12,2.6460109512060255,1.3405380472510124,1.6064483746446676,1.5733353077431724,1.3467708368937326,1.7229338105170555,1.6667661023800744,1.4168067386344128
2023-12-13,2.647748703264975,1.338439683851325,1.6039337780021075,1.5690961359426987,1.3439874902238267,1.729910876766771,1.6632331497816093,1.4179217628601644
2023-12-14,2.622965350799772,1.321224021689925,1.5833032016791704,1.5494333047175086,1.3284413560586004,1.7088281415093467,1.6437304512266675,1.398406684250087
2023-12-15,2.6381268331435295,1.3206842187861445,1.5826563229880473,1.5565306196098767,1.327916395123554,1.7192456813156365,1.6482680031238832,1.403567558050883
2023-12-18,2.623976440589536,1.3150817296989794,1.5759425191489864,1.5473159326379582,1.3220066875721896,1.7132986934966015,1.6374472589007987,1.3995212055063224
2023-12-19,2.6485960850740002,1.321705416423851,1.5838800863035674,1.5575465517421934,1.3295973912354226,1.7204027360802512,1.6471718663357477,1.4080371026027638
2023-12-20,2.662008344835272,1.3261936251990314,1.5892585801902122,1.5647560122646855,1.3362986639479597,1.720104957820635,1.6581645455473957,1.4102473434256686
2023-12-21,2.638085358801408,1.317532209560351,1.5788790783898616,1.5540301787437867,1.325246833110467,1.7093291184969546,1.646297968553205,1.4025766986632
2023-12-22,2.6535056154092085,1.3287563812756982,1.5923296868569827,1.5658301723843904,1.3352729737353113,1.7212887821386407,1.655402812281762,1.4125822408928705
2023-12-25,2.648339118762406,1.323091706479237,1.5855413620956476,1.563235612492929,1.3299272026168263,1.7162554637774616,1.6488364691977915,1.4088108175597576
2023-12-26,2.6544474358511527,1.324718192665011,1.5874904795376157,1.564136983654061,1.3318207282112955,1.7256422648539869,1.6498744867639075,1.4093303269094384
2023-12-27,2.6898536370827304,1.340469545043814,1.6063662842783113,1.5808952878053055,1.3467235542515608,1.7434389955982401,1.668366613639741,1.423417632052884
2023-12-28,2.704613825619735,1.3413969453978902,1.6074776445970325,1.585002721367399,1.3483977028576803,1.7558631218493614,1.674722153291527,1.4308927411370629
2023-12-29,2.7109947156853136,1.3485433645775005,1.6160416338841372,1.5969395268754019,1.354306709356115,1.7643981625866658,1.6838297681736045,1.4399719971457652
2024-01-04,2.73775469731134,1.3702973404380459,1.6421107478752666,1.6274108945927035,1.3733810606874945,1.7910941442676316,1.7108462218206648,1.4654219867596043
2024-01-05,2.728699869692476,1.372533903634925,1.6447909577505362,1.6328863703943453,1.3755336114387884,1.7971278324941808,1.7139443420347154,1.476666636691897
2024-01-09,2.7652355316361277,1.383338982655636,1.65773934192085,1.6419313331772976,1.3842675249097658,1.819316757252708,1.7289200952840695,1.486690095030722
2024-01-10,2.780309205478143,1.3885460365564706,1.66397927169594,1.6497555734243634,1.3897646029243944,1.8253936719184902,1.7410454751893516,1.4902370561766638
2024-01-11,2.7939688667361207,1.399577221931851,1.6771986128798952,1.6640447642259493,1.401527451306671,1.8364796252694748,1.7529977371225571,1.5013304344897487
2024-01-12,2.7884241576149136,1.3861359007403204,1.6610910591812211,1.65500455055216,1.3910123240299204,1.8306477745808167,1.7457395799961766,1.4946213862214501
2024-01-15,2.7944683802900228,1.3945865570237082,1.6712179952118456,1.668165612553032,1.3986823315835495,1.8523341267007705,1.7557755221494442,1.5056494381076102
2024-01-16,2.784716291617678,1.3913204940056703,1.6673040730090603,1.6664870903940712,1.393703415895426,1.8657710747213425,1.7523720615359752,1.5060131962435728
2024-01-17,2.768665111028243,1.3835468423613968,1.6579884328639667,1.6591370287395226,1.3868637100443368,1.8502729657653727,1.7430700746194057,1.4998703307896397
2024-01-18,2.769057742750727,1.3880335632080285,1.6633651436752237,1.6656681172611325,1.3882704066627396,1.8622121338307354,1.7482954858164217,1.5070344593804057
2024-01-19,2.7868410941220088,1.3969688369716213,1.6740728263433613,1.6778791593734477,1.3981026666257677,1.8738360132078342,1.76152074028302,1.5129398930449565
2024-01-22,2.824236282624689,1.408225738892878,1.687562657409343,1.6902213276749185,1.4103165262582626,1.8930080055044265,1.778589654939221,1.5268087534530577
2024-01-23,2.8181081386008,1.400737098001611,1.6785885630054256,1.6792225159499217,1.4036331126001522,1.8825637601709748,1.767268424457397,1.5219429821573822
2024-01-24,2.8038298492242046,1.394140699806889,1.6706836973582697,1.669243577681929,1.3961129513529338,1.8712542370134622,1.757786714616505,1.518240265189297
2024-01-25,2.82301217541532,1.4034488911790803,1.6818382699057646,1.6846304991806627,1.4057015991782218,1.88839287665036,1.7742809838030082,1.5338426724818646
2024-01-26,2.7997152726249466,1.38990825790179,1.665611704487074,1.6637888303156623,1.3915485844977948,1.8724187167374216,1.7542917082527347,1.518815962751304
2024-01-29,2.823995234685625,1.4118663754243364,1.6919254538630704,1.6944146547936851,1.4122551122608908,1.8975007391191623,1.778138761187004,1.5412282498332177
2024-01-30,2.8186498788847114,1.4075471594542166,1.686749474345617,1.6884759027359457,1.4073407851795714,1.8895951358335223,1.7745951471121608,1.5390029250558956
2024-01-31,2.8376165985216204,1.419555306452316,1.701139568134562,1.7057355886066194,1.4194582913175597,1.9086305512573887,1.7877526524840657,1.5524368188272393
2024-02-01,2.8218564689595826,1.4138836810051667,1.6943429139852446,1.69914490823958,1.4154643359135792,1.8897289873940049,1.7833148836129518,1.5465950540563782
2024-02-02,2.833707845772599,1.4189491250725004,1.7004131440734607,1.711996072334736,1.4187837114125836,1.8901703860051706,1.7945680023468842,1.5530382195199754
2024-02-05,2.851895777237759,1.4278455123577427,1.7110742267065828,1.7236391671051878,1.426375257923386,1.8924724091948588,1.8073450153518158,1.5605277716471655
2024-02-06,2.8322644079302832,1.4132683496853955,1.6936055249939053,1.7048664354342091,1.4140215112841228,1.8751454545692146,1.7877477028834285,1.5480868373743955
2024-02-07,2.838075097871388,1.4192263444368332,1.7007453529191296,1.7115130062164075,1.4164585160140803,1.8844741885186567,1.7940617567580635,1.5525640086983528
2024-02-08,2.8367724663968703,1.4199484409590966,1.7016106851541268,1.706425608314146,1.4167585711209225,1.8772569531760315,1.7848309466869363,1.5532538734103793
2024-02-09,2.8312317862365535,1.411134151509078,1.6910479853563354,1.6898939158054798,1.4111944749611145,1.8700335897217175,1.772767908697924,1.5463843573995228
2024-02-13,2.8666771902702837,1.4220426037338112,1.7041202479319835,1.7007904994148093,1.4246478368937556,1.8776264362127248,1.7852928119717288,1.5726548529359146
2024-02-14,2.8314630055501877,1.4134655356377541,1.6938418249283373,1.691276418798256,1.4162233944291656,1.8514150716631885,1.769970878666494,1.5613534295524758
2024-02-15,2.821538641585217,1.400619005561575,1.6784470456432423,1.6788981090208352,1.407737067705839,1.8391781139157715,1.7541390282867444,1.5471703902027436
2024-02-16,2.8630616530454978,1.4144572165509701,1.6950302165554674,1.6967996346702299,1.4229738445718545,1.8653138683737556,1.7701356798059016,1.5582889166185028
2024-02-19,2.8952093118569358,1.4364225670050061,1.7213526335937204,1.7218534248175317,1.4411469020817098,1.880545768696003,1.7870607768559243,1.5838747141290377
2024-02-20,2.894259554438107,1.4361828310868787,1.7210653434442094,1.7260617892384895,1.4395741900843273,1.8767021256068441,1.7929822083903697,1.5825752521286958
2024-02-21,2.8837290146418644,1.4363372099577811,1.7212503450461778,1.73151279103861,1.437896947894594,1.8760749998722737,1.7903236194163965,1.5844826630964606
2024-02-22,2.9061916122144758,1.4446688964051495,1.7312347122775822,1.7436731887133887,1.447968418262165,1.8947427757610509,1.802300679679704,1.593112485105128
2024-02-26,2.9233785540721575,1.4392233058227957,1.7247089294712366,1.734723190900431,1.4428339217157762,1.8875677393556418,1.7975794684030817,1.5869675507977108
2024-02-27,2.933495050667388,1.4450613703663935,1.7317050377252066,1.741988196641996,1.448864230242286,1.8936310007310178,1.8024797026861656,1.5931110011631797
2024-02-28,2.943016704591777,1.4458417679490527,1.7326402356711434,1.7433062789644542,1.4495900989392565,1.8942942218089154,1.8030112581055748,1.5979279385458172
2024-02-29,2.937976829111973,1.4463573421155014,1.7332580795909027,1.741284137728774,1.4502925144809033,1.8983169539296854,1.8040970228450273,1.601538569054259
2024-03-01,2.9472807706271764,1.4487018713355455,1.736067671726367,1.7461314201052656,1.4548190269477523,1.9066672898575991,1.8076182930794145,1.6041884045654506
2024-03-04,2.9349113338898007,1.4368860606527711,1.7219080662564763,1.7344007407609376,1.445295794371851,1.8893830746714706,1.7957463655067312,1.5923738018955198
2024-03-05,2.9437315606646095,1.4419411857401874,1.7279659304826789,1.738410072642549,1.4501852646113378,1.8930208593850906,1.796005233631938,1.5988973851253803
2024-03-06,2.9726177361471686,1.453979181667943,1.7423917940616938,1.755275909711094,1.4621551638400603,1.9080502084844015,1.8107754896356172,1.6132827944954606
2024-03-07,2.957506537306851,1.4485481322662,1.7358834368375653,1.7502108903196312,1.456266959473531,1.8950283984240146,1.8060011328523509,1.607459228299167
2024-03-08,2.97538187387855,1.4607840345511285,1.7505464636559709,1.7596152163073184,1.468086963308465,1.9108750063481905,1.8225208657427863,1.622940434986757
2024-03-11,2.923992080188575,1.427326078449375,1.7104517574230411,1.7169190960126275,1.4362711213356865,1.8692215639326217,1.7798871879280873,1.582618934324426
2024-03-12,2.9435936370981874,1.4401103863448674,1.7257719720799738,1.7397291986583086,1.4483725050974412,1.8799162989102587,1.7962256240330206,1.5961036193679488
2024-03-13,2.9259243070615466,1.43331149346277,1.7176244447179372,1.7300095617571118,1.4414747415743085,1.872614049380365,1.7873365613300338,1.5878497728524192
2024-03-14,2.94592968757685,1.4506827497248824,1.7384414789267255,1.756382578829845,1.4607081197157157,1.8834941621002328,1.8051559177875833,1.6042025137790108
2024-03-15,2.951280614412605,1.4527463914792507,1.7409144665073106,1.7579062141081019,1.4647195808634357,1.8919649052454985,1.8064939040245351,1.602501280694675
2024-03-18,2.992932135875108,1.4654931858800704,1.756189726459177,1.7771705251799714,1.4787022571206563,1.9076623688240986,1.8251022211485184,1.6189142001894596
2024-03-19,3.015712018487885,1.4857654939723264,1.7804832677367883,1.804629226012638,1.4963204015925728,1.927584942341583,1.8482844394498223,1.6372827020798866
2024-03-21,3.0494221953281153,1.4999384936530347,1.7974676363249107,1.8258259073023968,1.5104629624482586,1.9485885391984206,1.8681792112371072,1.6575855072205437
2024-03-22,3.0620229172134352,1.5095995604636983,1.8090450809988237,1.8376247772893894,1.5179347832684311,1.963418026838175,1.8800265315110736,1.6646738369554968
2024-03-25,3.03159254804843,1.4927371168675831,1.7888377879920598,1.8174971153355859,1.5031167088323727,1.9522905647455049,1.8611852708182188,1.6496970244517233
2024-03-26,3.0343351149896214,1.4954073500496485,1.7920376910190925,1.8171517578779115,1.5045099186360276,1.9650487717179188,1.8612893081253092,1.6519698239978011
2024-03-27,3.0527299751801467,1.50770356081564,1.8067729891628659,1.8303842040070648,1.5176866147597472,1.971312038075778,1.8731636478155937,1.6615630347344643
2024-03-28,3.0322035630620827,1.4958722157598139,1.7925947679077752,1.8204401641758774,1.503641110575919,1.9422707270600894,1.859274244256403,1.6445435392940067
2024-03-29,3.063276120790061,1.5123508116194129,1.8123420727973036,1.8417877755474394,1.5196921242675392,1.9595950401421602,1.882507433481401,1.659749726866148
2024-04-01,3.024253565233182,1.4891472253269542,1.7845358023509805,1.8135180753104916,1.4941181361107159,1.9288462769831005,1.8593458147854018,1.6252933596123924
2024-04-02,2.990693818498125,1.4813938122162083,1.7752444152730469,1.8113269873982363,1.4855381738498892,1.9095863106830164,1.8474430372939221,1.613868640929901
2024-04-03,2.982765697318055,1.4854485610939958,1.7801034677689247,1.81645238329248,1.4895773714143192,1.9134733691310484,1.8521866753705152,1.618799632365377
2024-04-04,2.999692053717297,1.4925242079314336,1.7885826462486931,1.8278986623818003,1.499228024867878,1.9169653240397406,1.8600756604602553,1.623518462321312
2024-04-05,2.9860141048368516,1.4853051605394434,1.7799316221519679,1.815250013195889,1.4932747400635282,1.9065373739971356,1.850583413362523,1.6185420548441702
2024-04-08,3.0095977859026792,1.495924275728275,1.7926571545381955,1.827934869049003,1.5044818656863563,1.923789196985357,1.8634235808438697,1.6276350677367748
2024-04-09,3.0330573368704234,1.5071319222677566,1.8060879598807693,1.8453742910959638,1.515579232646296,1.9552995662975488,1.8811271049542597,1.6395396659711325
2024-04-10,3.0384469506866583,1.5145098144749503,1.814929337392474,1.856351444271424,1.5232192514772662,1.948259074193759,1.8881383786661563,1.6439840203004321
2024-04-11,3.0389320368115285,1.521799501046469,1.8236650127196308,1.868892548842141,1.5297539368814466,1.9685284794059699,1.8935300803044277,1.6499127770007391
2024-04-12,3.0478877651421943,1.5226927275267907,1.8247354204043993,1.872825500030216,1.532947561154178,1.9648321263860407,1.896504971184572,1.6490198111565462
2024-04-15,3.0435116303239518,1.5266543093390468,1.8294828251322033,1.878414007761786,1.5357425981260129,1.9696423382367023,1.897434188716898,1.6516645498617883
2024-04-16,2.9863250336503464,1.495094311479494,1.7916625578378618,1.836347861662685,1.5038359709982172,1.9340558897730478,1.8616182288764926,1.6168337119620537
2024-04-17,2.950063132568144,1.47546185637681,1.76813579136177,1.8157290275089881,1.4862182127754038,1.9176171458934583,1.8395655759357308,1.6040097372511435
2024-04-18,2.9772714004116354,1.487284924784647,1.7823040942055652,1.8270091361528265,1.4973331704375061,1.9342075134881938,1.8545192719791348,1.6189246483246356
2024-04-19,2.9174258927356718,1.4637441555428767,1.7540937568981858,1.7965196739081792,1.474370891394521,1.900694433326098,1.8221293659926963,1.5945548281476163
2024-04-22,2.9606067853009015,1.4842573489603792,1.778675965729852,1.8211494782546995,1.4946836766589784,1.9216689024976494,1.848548493079026,1.618280949948405
2024-04-23,2.965713221594111,1.4795985038116644,1.7730929878858277,1.810710654429856,1.4904882520452123,1.9271881203297567,1.8417081516375975,1.6134041824845136
2024-04-24,2.9979721254235105,1.4894187988404672,1.7848612454298056,1.824720251928926,1.5005624686420898,1.9490037083494194,1.8575234564217484,1.6255668241839545
2024-04-25,2.9593375580830608,1.471306843190604,1.7631565860394773,1.7948624587068271,1.4829706035567298,1.9350643893433759,1.8303845250893678,1.6058312149158709
2024-04-26,2.982145273108308,1.477025204891511,1.770009247087696,1.8021618172332046,1.4918274525685178,1.943016345117424,1.8393243114746751,1.6080657821645197
2024-04-30,3.0248569430934262,1.4992952877188717,1.7966968434857093,1.8316653092721997,1.516354155414834,1.9695657478857613,1.8675676260857987,1.6404918596644986
2024-05-01,3.0037449409094137,1.4883504362020368,1.7798703031727439,1.8132134717689132,1.5061932867036831,1.9521307001713744,1.8547484237497065,1.6228416887184844
2024-05-02,2.999615504803199,1.4860117849232521,1.7758360879473365,1.810341532128549,1.505212497817809,1.9482076891618623,1.8499669732487911,1.6214021879690403
2024-05-07,3.0291107955538608,1.4875820882114432,1.7810101471129758,1.813335905654189,1.5071899076556716,1.9522426049159227,1.8553290541514613,1.6252348665199852
2024-05-08,3.0099434904688795,1.4906490858018255,1.7761350903350257,1.8195712065579543,1.5151446079410185,1.9451893517605516,1.8591102514390088,1.6251861511288739
2024-05-09,3.02794473253258,1.500257991174567,1.7892171332168179,1.8316376517800907,1.525985782659241,1.9601218932682205,1.868889193919094,1.6380463995258254
2024-05-10,3.037590041524422,1.5005605392291577,1.7898260720912251,1.832506044687154,1.5261696984152475,1.9548145042830865,1.8827641294359345,1.6331780662187283
2024-05-13,3.03765552439729,1.4894681435069541,1.7694422963897898,1.8135871402649395,1.5131675748322675,1.9529053785911794,1.8633986614019515,1.6217616207786114
2024-05-14,3.0389668250216744,1.4863399916553788,1.7576011883740004,1.804350229384756,1.5067088197908907,1.9479153041596986,1.8569658387167567,1.6183453343000405
2024-05-15,3.0173989605655827,1.4704494910738324,1.7398021280380238,1.78514213277839,1.4876787758094523,1.9726258048329597,1.8269794005278939,1.622521804831845
2024-05-16,3.0069439059139467,1.4553566871392147,1.7363511612195515,1.7684087325595663,1.4766111564180504,1.9681144557107828,1.8203558400985858,1.6101067896582133
2024-05-17,3.01496330909157,1.4665994531275848,1.7500902838475445,1.7802037326723033,1.4842034132999018,1.9861113044157264,1.8310726299843254,1.6206125501696174
2024-05-20,3.0416555887360337,1.4796039341798979,1.763653990315511,1.8026291509282832,1.496580336971742,1.9969192490413377,1.8474781537836324,1.6352597444487722
2024-05-21,3.032146588349714,1.4802407689144719,1.7593805947726864,1.811644947836052,1.4970562843180664,1.9958511540751842,1.852573247256439,1.639941979457067
2024-05-22,3.0079696173505406,1.4664927878836904,1.743259825568153,1.7969646864049476,1.4822938036514808,1.9844309466399304,1.8369148816035121,1.6245553448038295
2024-05-23,3.013929606302422,1.4697657235038886,1.7463137047630215,1.7977969773497655,1.4877561619246011,1.9898831482968655,1.842188767007002,1.6292172505770248
2024-05-24,3.0000656208642678,1.4699373261030848,1.7450001570203502,1.800725452232741,1.487049782605446,1.991839776602504,1.8417187236949526,1.633443228665323
2024-05-27,3.0183473440908855,1.4831825836216523,1.7523668626698397,1.8206647970497707,1.4979367101217038,2.0079792660859836,1.8578815372024589,1.644540625655668
2024-05-28,3.0138710198751366,1.4838686744517067,1.7470575525730347,1.8268940202378219,1.4986804760072248,1.9998083324018123,1.8601041491709205,1.6433574728224116
2024-05-29,2.9754455392321413,1.4716804206731067,1.7399445793662642,1.809721807047517,1.485433469154388,1.9773555956723006,1.8454260986138222,1.6227565621950637
2024-05-30,2.9833539344916375,1.4713803107795185,1.7430320426826966,1.8066894262733362,1.4856909192786178,1.977473435745973,1.8438308578459712,1.6217061287732202
2024-05-31,3.036098092501063,1.49643913843981,1.7660603385870688,1.8336965863010066,1.5111437480379064,1.9997714948807828,1.8675191455310434,1.6467329287085675
2024-06-03,3.053814146425629,1.4999888895010993,1.7733882099675504,1.834495260737495,1.5174625483191286,2.0042328080049905,1.875641000290325,1.651259420411182
2024-06-04,3.056604948870513,1.4908283049540703,1.7659425064447491,1.8172892709319126,1.5102023247524858,1.9980306986015495,1.8670699043917318,1.647546031741888
2024-06-05,3.0219771150929087,1.4659996682418595,1.7460541302075674,1.7869323273521942,1.4832146116336589,1.9729934128890358,1.8401199674610471,1.6205679560140611
2024-06-06,3.010973327028993,1.464691743291607,1.7443777406849938,1.7910351250832834,1.4805446195857102,1.9734598767555611,1.8375886839496272,1.6179519905528599
2024-06-07,3.0230179468902847,1.467412390189347,1.7443511375590095,1.7915121086287649,1.4835783524054005,1.9751120570367278,1.8386053244759553,1.6222485910050621
2024-06-10,3.0558513735500132,1.4854517508607628,1.764551735312041,1.8201284606944623,1.5000262487877283,1.9942540659783017,1.8615081671228904,1.6427676286081012
2024-06-11,3.054659624997267,1.481351519301607,1.7581976927600724,1.8163180413191407,1.4935708073280407,1.9903703718752723,1.8559818714763427,1.6377783291524604
2024-06-12,3.05021985415667,1.4822695540582298,1.7539140844310976,1.8128148788511522,1.493692706606743,1.9938004514081353,1.8554604847816139,1.6376645889182908
2024-06-13,3.021512525259174,1.462407614856826,1.733851695169067,1.7857381508078694,1.4713727521385573,1.973964215834038,1.8339458028643438,1.6106440929383838
2024-06-14,3.0698286361539244,1.4851113275347558,1.7583949709185063,1.819229980126705,1.4928944975510186,2.014082729120109,1.859820394288199,1.6406901981126232
2024-06-17,3.0362420063396924,1.473719448973829,1.7470266187982002,1.8001967179450666,1.483317151424387,1.9961103032012217,1.8427775519716003,1.6291225506565707
2024-06-18,3.054289280821535,1.482457967830136,1.7529254895805357,1.8100111830539474,1.4923192194032415,2.0113237613418042,1.8484061493975281,1.6462398256344906
2024-06-19,3.0604919330881777,1.4943191525106612,1.7602392939928193,1.8254207678739738,1.5014626212889497,2.0172373942178417,1.860476404661847,1.6570617065945892
2024-06-20,3.0614322050528595,1.4948916797742444,1.7641159863216151,1.8268909238332753,1.500597978622922,2.0100939439129304,1.8654855812773499,1.6542515601019163
2024-06-21,3.055506521725652,1.4882081138384682,1.7607439655700459,1.8199594368034342,1.496587977864613,1.99908725513733,1.857845681971258,1.6460863569047888
2024-06-24,3.0715745160447043,1.4890223448127815,1.7631176910814146,1.8178134151644567,1.4990323491806778,2.000711469217064,1.8604235343655684,1.6477653727207908
2024-06-25,3.107309263276061,1.50941790340771,1.790268334010471,1.84863417962055,1.5193007340852465,2.0158434098020606,1.887440823312706,1.6705279586013926
2024-06-26,3.1223580880524135,1.5130230092541135,1.7896901166102601,1.853950772405253,1.521731408585582,2.019859659694774,1.8933663284777145,1.6750540780804783
2024-06-27,3.13348403746375,1.5201115274392534,1.7972964778150788,1.8611756022366384,1.5291615146391728,2.0284143692495777,1.898926563044096,1.683077144907394
2024-06-28,3.125794129476781,1.5180531907099986,1.7963641466490594,1.8604058848698495,1.5291394227535444,2.0250907687890423,1.9003942341225089,1.6822659343206767
2024-07-01,3.12483027863001,1.5172584450110564,1.8031987708681807,1.8584670720720426,1.5303935224468692,2.033808537404563,1.9039331198223661,1.6869740654986796
2024-07-02,3.132096809052693,1.5244585146955836,1.803691976422416,1.8677356816234323,1.5376913259311902,2.0351910890528093,1.9110898994368493,1.6972525127250968
2024-07-03,3.150398875341418,1.5274751259280113,1.8147017294174377,1.8688652186995798,1.5418831683888659,2.0578560041048037,1.9178170874611191,1.699330712065176
2024-07-04,3.1631168219116863,1.5353717341553454,1.8193112025954157,1.8831077196343637,1.5481907780671313,2.066705699452883,1.9291233744439287,1.7126746671294608
2024-07-05,3.1405164060976123,1.5144359246439798,1.7981011651177188,1.8579251384769864,1.5273995503466298,2.055105428791769,1.9089568158319892,1.6889721551621182
2024-07-08,3.130283934842046,1.5085207222571375,1.791370185496941,1.8532434532672188,1.521764237680546,2.0353774465243157,1.9026972336501942,1.6827811598767106
2024-07-09,3.153170603203206,1.5131452263883791,1.7965905216285591,1.8583938087067071,1.5295230966361644,2.0454197124298803,1.9115572363513502,1.6853983454336217
2024-07-10,3.1505494817355926,1.515026789728247,1.7928574303613718,1.8559507380920386,1.5300953353798894,2.0410743606822286,1.9064860062982911,1.6879131611269205
2024-07-11,3.1798904342814054,1.5249630286004079,1.804178948628082,1.8630093504749123,1.5400142839541993,2.0613699943705477,1.9190035438491062,1.6925575849664873
2024-07-12,3.192800444192402,1.5266134387497836,1.808035405605876,1.8603901887218088,1.539722483293924,2.0597618940067486,1.9236547977584069,1.6880303015477391
2024-07-16,3.2005289184689105,1.5296099348582226,1.8139956799446784,1.8637430225879164,1.544101235886483,2.072195490135865,1.9248711515794268,1.692063710219795
2024-07-17,3.2215241530849363,1.5383678621561623,1.8222248131885883,1.876708693807785,1.5534254697748064,2.0761208237401414,1.9339642904019965,1.7008737647687369
2024-07-18,3.187777726535726,1.5295814516430133,1.8240517364319444,1.8628178243260034,1.5435976249707175,2.0420670530689145,1.921825724617889,1.6893866388937677
2024-07-19,3.1750755559719828,1.5189989579733836,1.8161479785866281,1.8511932526548045,1.5334712524288998,2.032095537621995,1.9101932074660668,1.6828365293968457
2024-07-22,3.1334368433429103,1.5010710269161225,1.7939997974987862,1.8283231436585392,1.515533715152408,2.0037270170724932,1.8873994590387635,1.6637499127504285
2024-07-23,3.148732341425164,1.512287599555318,1.805964533669995,1.8401547310134228,1.5257375295403894,2.016460318645285,1.900691123514131,1.6712093097655436
2024-07-24,3.105316728703457,1.4999268540569664,1.778020774686979,1.8131618968873917,1.5097630263656765,1.9906413988402434,1.8756352692815823,1.6532984071350827
2024-07-25,3.049387580898437,1.478592932709492,1.7634028747279644,1.7819553009229556,1.4882624963392703,1.9639403422979569,1.848624686867748,1.6255491561422246
2024-07-26,3.0494852024864145,1.4819184436090889,1.76589846391693,1.7901965226908962,1.4913892768240282,1.9663744073505907,1.8534502131438015,1.621255586713951
2024-07-29,3.111811250661286,1.5086835441970605,1.7984448091105574,1.8259133014581437,1.5186698755460923,1.997972061064317,1.8898654902658818,1.6509874972274883
2024-07-30,3.0967925679223285,1.49509001497244,1.7836339386877362,1.8105789337919425,1.506820029425523,1.9875275451521874,1.8756375286698355,1.637912845926309
2024-07-31,3.1423158449265727,1.5234787583321334,1.8141337362970293,1.8364276979545306,1.535446349124962,2.0191169891210494,1.8992862528853394,1.6675961346067234
2024-08-01,3.0404563396302637,1.4869665136043189,1.745045848075192,1.7784317220725807,1.4931237638538497,1.9505519363059336,1.8390597591145377,1.621942233309924
2024-08-02,2.8702742503299192,1.4114431920324508,1.659921452907801,1.6834313861409824,1.4138382904954436,1.8613523601740458,1.7459165418463367,1.5393895130253195
2024-08-05,2.536293918217512,1.2656678392579666,1.5074165927145209,1.508100572253695,1.2648533892691012,1.6301982246593723,1.5739620815041628,1.350724287248726
2024-08-06,2.7642876822486033,1.3571427873362463,1.626137489055981,1.63352563166374,1.3551430272324763,1.7938604593807528,1.6881964102415103,1.473272577799986
2024-08-07,2.799675497286721,1.3704273769515407,1.633624069981512,1.646207378614126,1.364714247438914,1.8000154223794609,1.7028230881559034,1.4903008071204402
2024-08-08,2.7906344177384175,1.366426794159992,1.638555554162849,1.6449325667668953,1.360251605180783,1.7796464577964164,1.6982893585311127,1.4712995163104208
2024-08-09,2.8241821364525577,1.3874322970538397,1.6642499359284955,1.6741380013652565,1.3750102388896166,1.8015164516915578,1.7229994895420326,1.5000215576472409
2024-08-13,2.888299980507618,1.4163197337619469,1.68286122386302,1.722295520784046,1.4070337185803947,1.8406823081060852,1.7614674903835938,1.5341711087607321
2024-08-14,2.917734213629163,1.437558353544414,1.6952657996864222,1.7520248682150352,1.4288817714132545,1.8480593380168184,1.7905706154639627,1.5573563778015764
2024-08-15,2.9352876585784573,1.4428724788387095,1.7079997642736635,1.759007222335135,1.4344717022820026,1.8579636330390024,1.8044665983630468,1.5672613516693898
2024-08-16,3.0091505604960993,1.473707958468183,1.731499722667919,1.7973977853905712,1.4660029445126594,1.899645013770977,1.8428621358540618,1.5959252963223067
2024-08-19,2.9718147215830597,1.4611265930549382,1.7224161280269188,1.7847634060185256,1.4539083494041651,1.881222543473624,1.8279585947805397,1.5801874019067526
2024-08-20,3.0263069476138433,1.4845108091996098,1.752743243058824,1.8089864814158039,1.473740522674194,1.8973405620126407,1.8603376524861417,1.5969313136100896
2024-08-21,3.012196957584218,1.4712339729488153,1.7397237876658929,1.7905443153729057,1.4637047099795182,1.8890016288480842,1.846799486784086,1.587435617782343
2024-08-22,3.0298175405951175,1.4727557821775634,1.746993959626382,1.7915188254689962,1.464675058099626,1.8879488416061503,1.853581615939747,1.5847943813706933
2024-08-23,3.038767940917151,1.480131552752256,1.7569660823328768,1.7989561996783234,1.4728369058359503,1.893528870946176,1.8596249602277375,1.5922482359875882
2024-08-26,3.0429219212758216,1.474639745945765,1.7507620385897282,1.788129360636152,1.468703316420516,1.8739947594227233,1.8494434537975655,1.5769601573678085
2024-08-27,3.0767764838592435,1.4940802800419208,1.7687995762583155,1.8116848335660962,1.4868544490147417,1.8957220706047258,1.8724935268182694,1.5986181525890728
2024-08-28,3.0677410101471287,1.4962384872495273,1.7678737557943514,1.81535043147491,1.4885902564057611,1.898806105032001,1.8754212518564424,1.5998808194382992
2024-08-29,3.0645294453374707,1.49297804629164,1.763963678504649,1.8136786945193655,1.490262818664418,1.8959770707477928,1.8677817962245122,1.600119756541834
2024-08-30,3.0873898714114807,1.5087447781475414,1.7643438110319725,1.8399311251760497,1.5051754795471302,1.9070791017588222,1.8877153493150503,1.6196236844854581
2024-09-02,3.0825965594561993,1.5042356079293357,1.7624305541868193,1.8370903643592709,1.5006658519886045,1.9059175371756623,1.8819696450765446,1.6192210328896086
2024-09-03,3.108693674743706,1.5141360794144059,1.777470972317992,1.8433457062422098,1.5097269975865015,1.9167550181897475,1.8904658059375954,1.631115675348326
2024-09-04,3.0194915410773278,1.4779038715559392,1.742064227227941,1.7943851452627237,1.473580455833544,1.86116305772417,1.8462809305431689,1.590512677849072
2024-09-05,3.01772067691328,1.4713308866954389,1.7446016444741517,1.7830791565931003,1.4689095156983183,1.8632264002308268,1.8352740019637035,1.5842489983378372
2024-09-06,2.9974819677098408,1.4644087060253612,1.7394063094991712,1.7738767867239027,1.4618029201583478,1.8505494004167784,1.8262703280095722,1.5730966375552822
2024-09-09,2.9853781058353737,1.4662826382692493,1.7347722557028058,1.7790815783777305,1.4599623436876228,1.839946751820115,1.8248688558059556,1.5748604722857218
2024-09-10,2.9903992419847567,1.4711550977302434,1.7426947816590057,1.7888625184554887,1.465723655962057,1.8316285101285978,1.8316412468030394,1.576267220118369
2024-09-11,2.9321918963912115,1.4391081010348523,1.7057042629454728,1.7486402350438786,1.4350000213666572,1.7974549114749385,1.7904602277113373,1.5406143619187649
2024-09-12,2.996439489170593,1.4642759032741395,1.7304801189924373,1.7843681182878668,1.4598736811823803,1.8256853919923257,1.8247424274481496,1.566186364551832
2024-09-13,2.97561507834539,1.4568293207101843,1.7217142303007655,1.77746689856874,1.4504151472345437,1.8201874451012179,1.8118792763207374,1.5592992537869974
2024-09-17,2.9809226858245506,1.4654495770312124,1.7311211082448223,1.78794895434487,1.458686718123176,1.8238441314206915,1.8212173277330095,1.5639756413365142
2024-09-18,3.000316877135089,1.475223390247418,1.7478771330476157,1.801015030152744,1.4673257949874483,1.8337236544512927,1.8336876342597686,1.5762286893486595
2024-09-19,3.042233481608298,1.48621364396671,1.7600018480932134,1.8148144333691365,1.4785331798584145,1.8568468256023785,1.8476360764859845,1.5916338406207533
2024-09-20,3.0659827973014746,1.4955900910633655,1.7609927655970175,1.8271714880015324,1.4874472792496507,1.8731986954575526,1.8588501122671188,1.6025987835141935
2024-09-24,3.0758332300743647,1.5034408768539287,1.769631608171438,1.8415038287771177,1.4946506348373345,1.874797659306388,1.8715836218433357,1.6103589420485105
2024-09-25,3.0788332360247566,1.505411123584302,1.7700151253833556,1.843686366306281,1.496765909079449,1.8713244306747854,1.8732314580402027,1.6114693493566516
2024-09-26,3.148443953547531,1.5408663003759078,1.8020972192350266,1.8930904002632725,1.5310943638813794,1.9092862369867787,1.9190067093269518,1.6509413089057994
2024-09-27,3.185483274226782,1.5520815890785196,1.8131239101038503,1.9112348840954996,1.5445442119034567,1.9329513081308625,1.9339020370160316,1.6645857265562651
2024-09-30,3.1055711753835538,1.5250367560665286,1.7849808734435444,1.8775455624769986,1.515418331529456,1.8835446060070162,1.9006767377333926,1.6337539948821653
2024-10-01,3.1438042912142694,1.5346116768385563,1.7955380724957957,1.8887161518994755,1.5278362281784246,1.9065890774195586,1.9120026909170635,1.6460127181206965
2024-10-02,3.099459254930888,1.5252385727714703,1.787412993223467,1.8794729737029556,1.5151075166126682,1.8887212721949909,1.9045958370034044,1.6330989239314635
2024-10-03,3.1299527849226503,1.533484153915429,1.7994500194523804,1.889509397072694,1.521248000748834,1.9083859202752835,1.9195234589839996,1.643482979291676
2024-10-04,3.146177006748895,1.5427661825455317,1.8111842366224913,1.902338357279164,1.5312806818377684,1.918922409467987,1.92803360510837,1.6529422849019522
2024-10-07,3.1779069204074086,1.5538965435842444,1.8212184560621811,1.9143519877221746,1.5417017473740222,1.9296216021479693,1.9405081802291742,1.6663691168612416
2024-10-08,3.1358023097934784,1.5408060421882372,1.7960121445903408,1.9048722084916314,1.5261662750580691,1.9052046075359022,1.926218846400372,1.648194731267527
2024-10-09,3.1457451650395916,1.5375091059277892,1.7976626340707647,1.9016273083422275,1.5239286634849083,1.9072132203025716,1.9263276086248644,1.6463980585742275
2024-10-10,3.136503349239006,1.5336141810811301,1.793296276589791,1.8958797218928205,1.5205342763902356,1.9108695087014258,1.922401597716751,1.6460976516145154
2024-10-11,3.126582144161602,1.5271883687027277,1.7852259328789273,1.888626257821474,1.5141282524667017,1.9049697387693283,1.9144717232886677,1.6396894339393957
2024-10-15,3.1506169178993795,1.529380052048111,1.78928214810872,1.880693320646398,1.5174463865066983,1.9174041828774528,1.9150682012963431,1.6411135632823242
2024-10-16,3.1214003571096893,1.516485252666723,1.7816873740981776,1.866714395312096,1.5034192039641066,1.9002098565274865,1.8987578224530832,1.6286798343388538
2024-10-17,3.1091785162728542,1.5064367879391816,1.7715472839667399,1.8506240886362324,1.4952278578347278,1.8980776740688112,1.8880240427782524,1.6209430746932512
2024-10-18,3.1095388212911192,1.504009930082055,1.771105375719647,1.8445986524454325,1.4922822803434683,1.9000943153831273,1.885478459478234,1.6207565576978469
2024-10-21,3.108322120967656,1.495447848415191,1.758039775856185,1.8343135735691185,1.4850957110230083,1.886646355730243,1.8799086079030713,1.6085743914022612
2024-10-22,3.0660167517359573,1.4786011645581065,1.738778545852978,1.8172770705669383,1.4692994784050195,1.868103156008419,1.8617807441302772,1.591887870547284
2024-10-23,3.041632797932772,1.4614756430030964,1.7238039178056281,1.796576610320161,1.4551734567697245,1.857438885561405,1.842920496558009,1.5781551470398687
2024-10-24,3.035427253428894,1.4594796835590007,1.7223078189137624,1.7938695574321162,1.452389070097465,1.8495002090357429,1.8394885458760093,1.574510203045268
2024-10-25,3.008298894956384,1.4494835683751168,1.7103648041105617,1.7807383177252059,1.4423697382364646,1.831096212265447,1.8285267369644043,1.5609388069518362
2024-10-28,3.0555502226050946,1.4630252347879757,1.7249034873439513,1.7962850740594956,1.457132088895312,1.8566416977107703,1.8462061974956614,1.5789297808370795
2024-10-29,3.081404426488056,1.4734344868694038,1.7386315247447657,1.8097898289021541,1.4651555627780444,1.873202977664551,1.8591362711490647,1.5923017339488568
2024-10-30,3.095825701693767,1.4838902644735168,1.7473313570571023,1.8320828920047916,1.474444683458792,1.87733952042156,1.875089590299723,1.600996524791479
2024-10-31,3.108228322569334,1.488622522236595,1.7555321640950114,1.8352857714793014,1.480643235786827,1.886436372631398,1.882145933868057,1.6064611628766339
2024-11-01,3.058827550175426,1.464006135687393,1.7269174230148736,1.8110360701686439,1.4582842777257468,1.8552196172031128,1.864217505513436,1.5880681055565908
2024-11-05,3.0788581754994584,1.45907289980574,1.7210982595645314,1.8060453873386122,1.4568406895454578,1.892697207594066,1.8641346263220857,1.6027236111860192
2024-11-06,3.1078314291282423,1.4658885211243933,1.729137853741729,1.8095020976526124,1.4633476761427047,1.898145115918763,1.8743993151353102,1.5992860568847487
2024-11-07,3.1456435249175048,1.4847680245807668,1.7514078037521317,1.835878731609335,1.4808149243092203,1.922069206504049,1.9024130076890962,1.621166422067053
2024-11-08,3.131566696687951,1.462343024827272,1.7249556449521064,1.7930202451004293,1.4594698804853894,1.890877171690481,1.8657415364647583,1.5953724891846424
2024-11-11,3.1244164893930373,1.4604526586506295,1.72272580027677,1.7890270639851866,1.4559335588204472,1.8975770795469562,1.860958762823904,1.6023281515836456
2024-11-12,3.1275676081496067,1.4669095733878137,1.730342270103469,1.7981744575890473,1.4656877231747945,1.9018735574524586,1.8706055875077439,1.6132646810099667
2024-11-13,3.106769727736942,1.4630282756360942,1.7257639554721536,1.793397491550814,1.4585881220786525,1.9006468583484857,1.8611210471655792,1.6111960120935787
2024-11-14,3.088486468758306,1.4528697426728867,1.713781118010754,1.7745361078731172,1.447898024236291,1.900216840644438,1.8546823844170512,1.5997630555880253
2024-11-15,3.087908921520716,1.4606586559439532,1.7229687912767822,1.7857436839801963,1.4542352418636433,1.9013295983141696,1.8573403081506137,1.6045850325403257
2024-11-18,3.07798994316865,1.463555914455693,1.7263863494966136,1.794791384895442,1.4570192618642765,1.9065492535562236,1.8661062333090226,1.6103634013334103
2024-11-19,3.0987872608089497,1.4660553804419607,1.7293346782328807,1.7956305400283512,1.4576110912348974,1.9155136010039229,1.8668473545766437,1.6125465357150601
2024-11-20,3.094225160196022,1.458060641500642,1.719904216410577,1.7841622285136298,1.4513326701244214,1.9064631077384078,1.8608772623219951,1.603239232584538
2024-11-21,3.0920810496077187,1.4524509702987203,1.7132871410446768,1.7793970038686309,1.4450811389368805,1.899436731898652,1.8561952117132352,1.5961404590391353
2024-11-22,3.1145654113289862,1.4661464165940392,1.7294420629721357,1.7930088681544605,1.4577439507091465,1.9090841359482116,1.8654731560327624,1.6069109341693737
2024-11-25,3.1160110390269873,1.4627498626519306,1.7254355441209814,1.7890675425292482,1.4538595093807765,1.9006674018199894,1.8585659418878355,1.5994401627498023
2024-11-26,3.1080090135309297,1.4650016537359583,1.728091719639106,1.7906888330013027,1.4568640581429553,1.8959765198285319,1.8556600830295944,1.6015188036875856
2024-11-27,3.073705932143359,1.4439066889723247,1.70320844811436,1.7656511040166603,1.4355937675744037,1.8624950375714475,1.8295387275831447,1.5787637436247473
2024-11-28,3.0960170854921145,1.4552451980842587,1.7165831659240074,1.7757642160278329,1.4463357577818425,1.8825606371319823,1.837967693359646,1.591236219321452
2024-11-29,3.0931664773073733,1.4554009241759078,1.7167668578460094,1.7745238179047302,1.4462845214677236,1.8779824270405816,1.8362875753414074,1.590679827266898
2024-12-02,3.1103277342308813,1.4596642285071582,1.7217957811201554,1.77734461107216,1.453975251428161,1.8821774086218013,1.8411379876230103,1.5926220410151675
2024-12-03,3.145603031494648,1.4748477786070033,1.7397060456822164,1.7938140139880254,1.4682605480153224,1.8964973411099249,1.8578880430781,1.6100031231237806
2024-12-04,3.1212339483469194,1.4595477914618564,1.7216584339073846,1.7761983151036824,1.4540454335632982,1.8731332986792217,1.838364410312841,1.5935031916378184
2024-12-05,3.1329344099603165,1.4627221501889298,1.7254028549579894,1.78081634299443,1.457508773499156,1.8777272913805998,1.8418735109136994,1.5974652116109909
2024-12-06,3.126198578999623,1.4574706069399084,1.719208221401899,1.7760439862152488,1.451721665095058,1.8725067589395084,1.8414997687513563,1.5882147124919401
2024-12-09,3.144667912918892,1.4627920976336704,1.7254853638068754,1.781639235286056,1.459811585838078,1.891439299892819,1.847112152162831,1.5955655179491255
2024-12-10,3.1450702906687487,1.4579136331436127,1.7197308077841413,1.7757635479809215,1.4539525558486315,1.890380085807793,1.8462662490060868,1.5895197039220526
2024-12-11,3.1507442557085774,1.4633109648667686,1.7260974110129812,1.7786893322750001,1.4591646286322697,1.8870658132386615,1.8470374983429725,1.5940857056673
2024-12-12,3.167353515255444,1.4756956820636065,1.7407062185753137,1.7931899266103581,1.469010178242162,1.892427731987478,1.8615477430563319,1.6054212419058635
2024-12-13,3.154425542396376,1.471049947864546,1.7352261873544836,1.7852836207556781,1.4663016711629344,1.8865212797776403,1.8546945963466202,1.599478399281762
2024-12-16,3.14967601914794,1.4675352128821122,1.7310802641028746,1.7840076642309228,1.466788480159165,1.8755422992819446,1.853609529117932,1.5975447419510094
2024-12-17,3.140400253254816,1.4637679770710965,1.7266364950502304,1.7808465654927528,1.4624082721045732,1.8652746830329487,1.8425523184255714,1.595985516282328
2024-12-18,3.1350827251513027,1.4582759406123407,1.7201581796816918,1.7734999052544356,1.4577456505722488,1.8660867748874763,1.8404436928353956,1.592959414026424
2024-12-19,3.131804570819416,1.4700615877889862,1.734060334156816,1.7776166558163535,1.4693798554204962,1.8646550137706461,1.842126880892026,1.6081762137435696
2024-12-20,3.122773068155303,1.4646535433046135,1.7276810943320333,1.777593904193594,1.465627312461211,1.858630089854926,1.8413110845870537,1.600804440193461
2024-12-23,3.144897839297329,1.4800977719902435,1.745898851042266,1.7930908834041996,1.480588308894885,1.8688928141133703,1.8573716874968373,1.6144072158658187
2024-12-24,3.140636408941914,1.4714694105646962,1.7357209786176733,1.7815683055210938,1.4730218311693484,1.8799856882850772,1.8624631442989166,1.604507780017201
2024-12-25,3.1439487565418687,1.4731907158992905,1.7377514019199936,1.7816804627825746,1.4735520262394155,1.88630012971407,1.8638010468812272,1.6064924317997864
2024-12-26,3.1712018942643283,1.4813255082158372,1.7473470683872354,1.7927961982383915,1.4817289112050749,1.909904152521953,1.8770127470204567,1.6170143135746526
2024-12-27,3.2118117352183404,1.497793810465319,1.7667728053352243,1.8160628186753864,1.4982371476743028,1.9384329527809865,1.8992841912837997,1.6369559401942628
2024-12-30,3.2056841005247674,1.5002661628886715,1.769689151361135,1.8199288429040958,1.4994768342728044,1.9428413020169268,1.9057613234231596,1.6403977459511931
2025-01-06,3.1695596900858978,1.493661012580559,1.7618978253067834,1.8176507076876898,1.4922182959734014,1.9441829158741786,1.9039665780419075,1.6365970081555932
2025-01-07,3.182592751938924,1.4951456554867906,1.7636490855230005,1.8201973769686803,1.4926755915585292,1.9437817648855378,1.9032210349747996,1.6358242050494889
2025-01-08,3.1624181544836585,1.4804678681457295,1.7463354103458917,1.7989116828948986,1.4786779610486152,1.9313676132958875,1.888225462909111,1.6210542165036523
2025-01-09,3.1313357658731915,1.467632747109479,1.7311953138642615,1.7836761868626727,1.4642993870479526,1.9121829444693808,1.8716577616219032,1.6078208177083766
2025-01-10,3.119301493586206,1.4583049278840134,1.7201923725879082,1.7725326002452206,1.4554334069094579,1.9036537022016076,1.8643501954962456,1.5964897561566702
2025-01-14,3.0866180816666744,1.4475364336085765,1.7074900348513544,1.7621408046433518,1.444157105791623,1.8858986515658758,1.8503880334207479,1.581853207437039
2025-01-15,3.0878184560338333,1.4503622004021721,1.7108232626229347,1.7624471600169853,1.447100217659111,1.8901985429482189,1.8515495535212636,1.5859626719877453
2025-01-16,3.085503916279268,1.4461052211107515,1.7058018002611557,1.7587730939140214,1.4422375459861179,1.8798372812765356,1.8435177942051462,1.5828365774484299
2025-01-17,3.085413287803266,1.4462135995321743,1.7059296416544885,1.759392718047338,1.43944747783612,1.883078061069266,1.8453566238249655,1.5804029419452623
2025-01-20,3.118052757719505,1.449929708972995,1.71031310288648,1.7641141077914808,1.4431306153033254,1.8945382945812141,1.8534441703228206,1.585610155209804
2025-01-21,3.1239915240551386,1.4515550347587398,1.7122303103004777,1.76698133121057,1.4453857718276648,1.8990820647750728,1.8568714396884214,1.5889870212050619
2025-01-22,3.146946667985238,1.4538793813351418,1.7149720710773402,1.7711270394990546,1.4514159780877058,1.9089161735050648,1.8602977101296168,1.592128164487027
2025-01-23,3.1441567556142336,1.4501587245041123,1.710583245819072,1.7679173300264304,1.4516644798831977,1.903668488815645,1.856578564492003,1.5897823088968428
2025-01-24,3.158785483881716,1.4520838616816107,1.712854105791906,1.764161959833224,1.4541274102903965,1.9091016894789474,1.8547092313755917,1.5921640339144363
2025-01-27,3.17288949594948,1.4657182134533822,1.7289369616298909,1.7822812578175375,1.4676770974454645,1.927944545125726,1.8730513877979793,1.6050383381114308
2025-01-28,3.1808011373555405,1.4731853854445922,1.737745114203797,1.7889081508218974,1.4755848920676635,1.9288281297988357,1.8751852294379032,1.6124610570069735
2025-01-29,3.19433100609638,1.4742863989684514,1.7390438515457924,1.7891726599532007,1.4765429831422998,1.9363203444434987,1.8756642439382303,1.6150510031652834
2025-01-30,3.208406630439231,1.4827180288267492,1.748989662667595,1.797672228712143,1.4845905929374625,1.9497695266127235,1.8911847815023481,1.622407749891866
2025-01-31,3.2061436123131237,1.4847469113650984,1.7513828989521414,1.7984404385523278,1.4854027997614458,1.9448182450314682,1.8886857624361773,1.6142730533106195
2025-02-03,3.135465090259347,1.4644556856934383,1.7274477047664536,1.7793871311302387,1.4620075132840162,1.9096513384771427,1.8691625983688114,1.5978523488461638
2025-02-04,3.144946743530203,1.4603130400427762,1.7225611084762362,1.775189889375713,1.4575051657309965,1.9144811688334704,1.861259064585011,1.6021943010013646
2025-02-05,3.154850723240927,1.4583380309810399,1.7202314204536358,1.771663631293101,1.4589872144157197,1.9218363092241704,1.8636052652561192,1.6028143421545415
2025-02-06,3.1817018932484267,1.4673781729040996,1.73089502234225,1.7822109784885833,1.4696022943569227,1.9393305813103892,1.8759045093075555,1.6092208123744838
2025-02-07,3.183284789657646,1.4745259919499805,1.7393264714639394,1.8019912416849024,1.4737203438619901,1.9400413114674238,1.8914955483484932,1.6135500831123986
2025-02-10,3.194179627234652,1.4796820165568494,1.7454084328096235,1.8115169620554905,1.478941475255366,1.9526219396708862,1.8963291261832051,1.6203581376009697
2025-02-12,3.201676626555653,1.483725591594268,1.7501781670430854,1.808870589715613,1.4861083765401089,1.966138941819509,1.9050781680060662,1.6160706766985644
2025-02-13,3.2347127694603466,1.5146458604829518,1.7866512048033414,1.832305021842602,1.5119031513115277,2.020431476146385,1.9316522998060923,1.6519125082099793
2025-02-14,3.2128421212688103,1.5053757313488907,1.7757163138046153,1.8214617471049006,1.5073420733278995,2.02756713626179,1.9236024865013102,1.641192838961073
2025-02-17,3.2007192209472586,1.5023828464129894,1.772185956236503,1.8105243415929955,1.5046678643224751,2.017691502754568,1.9162240696527304,1.6344067468426804
2025-02-18,3.211588985023757,1.504680617161411,1.7748963686062438,1.8200221518909863,1.506879310576476,2.0221109296754882,1.9304917652268039,1.6351000656371124
2025-02-19,3.207659973067127,1.4984552148712846,1.7675529870328814,1.8159406109488974,1.5026055461722605,2.0098656537037893,1.9255649322492523,1.6283513707245256
2025-02-20,3.1724347386321594,1.4808839450040887,1.7468262077261065,1.7937212698437344,1.4845870544568078,1.9860987201934799,1.9058309901185002,1.6068203284721079
2025-02-21,3.169714298874694,1.4752773202470348,1.7402127258961846,1.787119966703489,1.4810008991664794,1.9698075374573207,1.9001466645153746,1.6027587860183117
2025-02-25,3.157038377686832,1.4714089888349609,1.735649706144652,1.7838223297315625,1.475804437093345,1.9705433276295687,1.8971498362591932,1.6012115057723064
2025-02-26,3.1495923008161792,1.4673141581126055,1.7308195115530074,1.7837915820063714,1.4700565058744695,1.9675900277327913,1.8969938947488667,1.5999636897806975
2025-02-27,3.172639777208783,1.4831903950871412,1.7495468580954217,1.8018666663580771,1.488788835149669,1.9979321136394947,1.917987335889556,1.6192709617832228
2025-02-28,3.1301868342205528,1.4819158685372278,1.748043447657796,1.8003167250203345,1.4865773743649873,1.978906761737155,1.9093515274596669,1.6138055444821306
2025-03-03,3.1739016191720952,1.498595669137254,1.7677186645619072,1.8222970644174,1.50482751092163,2.0055659915518373,1.931702116237299,1.631582383544968
2025-03-04,3.1549439462911075,1.4938398684378793,1.762108800717805,1.8205737844235268,1.5003636309539745,2.0012302155831514,1.9262507723867224,1.6291074982190161
2025-03-05,3.1738538101207667,1.5051702392466382,1.7754739187196347,1.831762688560698,1.5099026875904324,2.013534013547332,1.934967522040581,1.6407592134571485
2025-03-06,3.210889186745685,1.5167308651572502,1.7891106418311942,1.8401483993081205,1.5230399616952939,2.0356100881762487,1.9535123082018508,1.651274435066143
2025-03-07,3.185062808306494,1.5118812210445007,1.783390081848844,1.8336070516392242,1.515633080219352,2.0286258408715563,1.9508043553707508,1.6466857675182816
2025-03-10,3.1811060406370486,1.4981599008571658,1.7672046395063168,1.8199257684253862,1.497105031607849,2.0202031503479745,1.9420747423084066,1.633832088439685
2025-03-11,3.1564948296211743,1.4896222634174274,1.7571337835948109,1.8047606241125849,1.4844181847624738,2.0110849434630516,1.9304496687513795,1.6235995371551653
2025-03-12,3.1835387099075634,1.501676492208263,1.771352752499697,1.8183507580918457,1.4976869807896647,2.0227075294556975,1.9441385676509257,1.6335656941573096
2025-03-13,3.1853814459527636,1.5038925231319635,1.7739667459241721,1.8225062749623744,1.4991342016511358,2.0192264376423608,1.9464008225615685,1.6347924150404118
2025-03-14,3.2045752220738555,1.5095643359940154,1.7806571225645393,1.8231920495840213,1.5066182551980387,2.0165509391520855,1.9439830782401493,1.6362721079427789
2025-03-17,3.233325289155114,1.5277585408196495,1.802118705644952,1.838281610572271,1.5222792060704866,2.038602422918404,1.9616310385728146,1.6486921060637796
2025-03-18,3.2599155552184538,1.5424513889057185,1.8194501462277675,1.8540914178921393,1.5363678224504125,2.0544803539543723,1.9777644618204615,1.6617384828753314
2025-03-19,3.2732650731211295,1.55558814085678,1.8349460415475374,1.8651203524317517,1.5539868728880195,2.065919474796892,1.989801115345888,1.6807163363103497
2025-03-21,3.2687469940991485,1.5595458582836184,1.8396144995636423,1.8725056978152381,1.5597257154887498,2.066246022478119,1.9928727053351376,1.6844502921107103
2025-03-24,3.2562251403683846,1.5483041440512213,1.8263539593929103,1.8605405050239352,1.549674394037542,2.0573170096460385,1.9903275177891835,1.6704018927337534
2025-03-25,3.268047212218662,1.5497622190351477,1.828073880527409,1.863196115790653,1.5503973780715972,2.0594894876922143,1.9968554465525703,1.672239112292833
2025-03-26,3.2868922923230044,1.5566943161151332,1.8362508675861666,1.8706437577337252,1.5592527826865783,2.0658091303439785,2.003166694032974,1.678886433408698
2025-03-27,3.2883296375813336,1.5632595329836831,1.8439950888157086,1.8738810427724468,1.5632532450958088,2.0648115391420183,2.0076837797358276,1.6836838033604486
2025-03-28,3.2704919112698017,1.563207202901548,1.843933361116361,1.8738443456898546,1.5630657379459116,2.0646321869211803,2.010106213712429,1.6857040780718213
2025-03-31,3.1789193821945623,1.5259305619110322,1.7999624519590935,1.8306600068001053,1.522972200353867,2.0103061605031276,1.9715518544762825,1.6454822052178932
2025-04-01,3.1697317120366812,1.5272737634715539,1.8015468703033493,1.8352957844048774,1.5223989570026624,2.012266793135253,1.9744042633257524,1.6435550583399172
2025-04-02,3.1520112128511584,1.5079803782250372,1.7787887121788928,1.8128439968519943,1.505811306207215,2.0007450298813616,1.9540349905310366,1.6246542282621466
2025-04-03,3.0781446499969896,1.4785006741240243,1.7440149408152512,1.7825348814172066,1.4734634144731378,1.9554380793293444,1.9244958005299773,1.5908645689348915
2025-04-04,2.9623622435578083,1.4342809529246012,1.6918540890820113,1.7337022762340455,1.424401551185796,1.880623716445477,1.8829944888654508,1.5415872691513148
2025-04-07,2.738037545107604,1.3540581467610608,1.5972245938156437,1.6445982538122004,1.3394607193107302,1.7633823537659292,1.790766912640815,1.4559784727249028
2025-04-08,2.9124243379493553,1.4201931444961582,1.6752363432719835,1.7113265988553776,1.4061623817265738,1.8657161795087989,1.8727729025176936,1.5304761355506378
2025-04-09,2.8276768189954975,1.393200682191226,1.643396481192052,1.6779201159917356,1.3746689337166735,1.8190717221399786,1.8402785983501098,1.5019803127250948
2025-04-10,3.019193284240661,1.4587179742168799,1.7206795952103766,1.7549377452397168,1.4449949765646022,1.915574703788064,1.9202356484362872,1.5745207885778778
2025-04-11,2.99387900538681,1.441503665954475,1.700373881908473,1.7264592628446411,1.4258193710784077,1.8939037337931295,1.8991858264695725,1.5592470012522994
2025-04-14,3.026329405562694,1.4598004555297002,1.721956472262753,1.74773022958245,1.44687744631726,1.9107295532647552,1.9151495433100088,1.5751472137299922
2025-04-15,3.036133931958687,1.4611727013366893,1.7235751507197499,1.757729334333899,1.4489865552728014,1.9146091781846228,1.9212135160089217,1.5758124747364808
2025-04-16,3.02010194293143,1.4667802128128746,1.7301896785088928,1.7631039071815722,1.4506890141827151,1.9138244637778168,1.9273677304843893,1.5788561812821975
2025-04-17,3.0493743185145066,1.4734224788560235,1.7380247856703994,1.7678703396177413,1.4575071736439988,1.9310666854167362,1.939217112155353,1.5863446074835885
2025-04-18,3.104176950899962,1.5022136550327518,1.771986380882798,1.80475586610479,1.487323903995522,1.9625672720345377,1.9716602693324914,1.618643780972459
2025-04-21,3.0877205030518455,1.4967299943639165,1.7655179454575143,1.795850893755116,1.480016837016079,1.9468361813926973,1.9646713342933326,1.6105711297675125
2025-04-22,3.098988574325717,1.5040097635841931,1.7741050408224666,1.8073092883275974,1.4890152333881055,1.9596724753728123,1.9741332449316127,1.6175330116787225
2025-04-23,3.137956404114543,1.519183305779708,1.7920035002261103,1.8216244642872623,1.5029861759992251,1.9778929881707257,1.9929268288135862,1.6337286304132514
2025-04-24,3.1289521163594327,1.506791267887497,1.7773860572926,1.8055812508443336,1.4933552128380863,1.9719777144504522,1.971937609104659,1.6211338774890722
2025-04-25,3.1600932088466163,1.514581674049209,1.7865754915477412,1.8172235447980851,1.5028834444400296,1.9877244636265967,1.9785979146130406,1.630959782742915
2025-04-28,3.181590815914703,1.5225927100379488,1.79602517709763,1.8253271542843652,1.5095341437096832,1.998591026595258,1.9874147611819861,1.639890197941591
2025-04-30,3.196084162628088,1.5280398210841268,1.8024504991925576,1.8318399619969155,1.516308287686078,2.010168145422563,1.998886573348018,1.6432084693580482
2025-05-01,3.1920571466147734,1.5171156557122494,1.7825545825518982,1.8227409070796012,1.505016863694417,1.9969721110013903,1.9881283090521245,1.634809443727091
2025-05-02,3.1987094770211666,1.5186937519520451,1.785974673981976,1.824315809521004,1.507504769591222,2.014310725052714,1.9956817868332462,1.6354930428641838
2025-05-07,3.2108882381767985,1.5256084322216827,1.7979041985773396,1.8332434766226902,1.514201681405879,2.0099456115777787,2.0049302719033437,1.6416806950839986
2025-05-08,3.221002555978452,1.5228848965097863,1.7964580087283772,1.8264790057685374,1.5134236505996812,2.0059051716844936,2.001587211612773,1.640453624153018
2025-05-09,3.258598386129789,1.5408900363609346,1.8102555323413039,1.8387357130418769,1.5352942283973279,2.0091262536904986,2.0180037107974025,1.6494988997905797
2025-05-12,3.2824511534463046,1.5436522245594209,1.816149642129777,1.833699650181544,1.5421582253865687,2.0348798108677997,2.027919022047678,1.661168472191608
2025-05-13,3.2940580899369873,1.5337943292578349,1.8084286967505214,1.8203447821303447,1.5355489755838314,2.0331912484543553,2.015169631842332,1.6547394736472754
2025-05-14,3.2827957310698537,1.5422551674480705,1.8252989511583,1.8087048583024685,1.5393234925094155,2.0221426516615293,2.0283958914192493,1.6484510640487058
2025-05-15,3.267873972343231,1.5270813767553961,1.8267709115867121,1.797139789816884,1.52659829037454,2.0078062860720007,2.0304198988737556,1.6384333587286826
2025-05-16,3.275821816875571,1.5348745078312855,1.8263630543247324,1.7959359230193765,1.5373665943087866,2.015264373818025,2.034060353768103,1.6347327578182924
2025-05-19,3.278877607084436,1.5388030987197614,1.8325181157977197,1.7978818032915196,1.5427714961303896,2.0288181545576074,2.035808919540164,1.6407158950330205
2025-05-20,3.2595860951183337,1.5255569335097647,1.8168231201421365,1.7806702069421967,1.5306859780642537,2.016246107979344,2.0195233780721065,1.625259903236327
2025-05-21,3.2585691693985397,1.5409087104059136,1.8245235634092989,1.7971875109817461,1.5401981463144423,2.0219293589458,2.026285748794534,1.6367509659224242
2025-05-22,3.252419771056523,1.53244330146407,1.8239186159941605,1.792740937245686,1.5314014956750526,2.019206393920166,2.0224188650916126,1.6320665950813806
2025-05-23,3.266434907296953,1.544248440718438,1.8335140439440047,1.8012643193894198,1.545142234936761,2.030723523904465,2.029421340158224,1.641040996043876
2025-05-26,3.2897806340433267,1.5509913058463356,1.8396889603554447,1.8132245898042312,1.5517945262811945,2.0435236597772977,2.0386980048781687,1.6493396286376056
2025-05-27,3.311491242707596,1.553832684777119,1.839888930297771,1.820063029178371,1.5549342886488742,2.0468797506792953,2.042907101150596,1.6540059447901165
2025-05-28,3.3171683715258116,1.5590589520479345,1.8418452583873481,1.820560468812952,1.563334711671933,2.0565518111038394,2.0425446686170843,1.6580859454317503
2025-05-29,3.3442470980230596,1.566813762025824,1.8533007019568486,1.8330058076828764,1.5702002957191121,2.067851353099308,2.0536712821240455,1.665155430878487
2025-05-30,3.353724559817255,1.5702289091578425,1.8639212211491754,1.8376986702078253,1.5722424859713136,2.065794166237846,2.0605485853348795,1.6695061097000128
2025-06-02,3.3412816515546924,1.5709015850089596,1.874564458185561,1.836860493330615,1.5737303453661895,2.06333331346474,2.068642429303937,1.668300885422538
2025-06-03,3.3396602918054827,1.559773006990889,1.8736928637581989,1.8257295265476958,1.5636029168655123,2.0574033417072086,2.0682929431329287,1.6569510095237652
2025-06-04,3.36053648490768,1.561888748769109,1.8802265676837908,1.8300292025716705,1.566675348117311,2.069549405264401,2.077560665052714,1.6597460532950623
2025-06-05,3.3477867140589,1.5550192185409764,1.866108258276718,1.8214583729851457,1.5587597805748776,2.0476021485685183,2.0642239581590016,1.6495089318801641
2025-06-06,3.3528071183211337,1.5582725742916532,1.8685532084245675,1.8298264835162177,1.561681490484196,2.058241253626158,2.07478726124107,1.6542365258611287
2025-06-09,3.3636035406787292,1.564849517905537,1.865507396143523,1.8360724291674284,1.565857111732937,2.05227737666663,2.075301931476442,1.6574676644656892
2025-06-10,3.3672650241184927,1.5623195161864751,1.8591747563135939,1.836688008884089,1.5634890618280524,2.049969449184065,2.0760431702076394,1.6590559823447713
2025-06-11,3.3931832804957525,1.568279433601005,1.876630409468054,1.844118108265629,1.5700501266834368,2.0621982345404746,2.086454610617462,1.6699239949936846
2025-06-12,3.3918533335444137,1.56552154159185,1.872851229433581,1.843106889794364,1.5672816968050554,2.0570078065909922,2.0825221368634717,1.6644601758970374
2025-06-13,3.3552471777322297,1.5574394935973557,1.8601854175805517,1.8350073393381767,1.5582646557702697,2.040944392144079,2.072741289109696,1.6545651446028486
2025-06-16,3.377469121429246,1.5677136748339395,1.8633300191602307,1.8400206231370317,1.5690046701285056,2.0516976407513288,2.0776825339730722,1.6638851271711093
2025-06-17,3.3959779869257276,1.5684142285991207,1.8674918780637382,1.8397986858062283,1.5764488492557711,2.055367837789591,2.080877939746625,1.664778088918239
2025-06-18,3.413898190961283,1.578251006444614,1.8751241738467859,1.8492431119696238,1.5869712116220132,2.0650007114535964,2.0864503322013737,1.6768729980541262
2025-06-19,3.4063262350548027,1.5787397057239076,1.8758316314911552,1.8541108126977197,1.5865642650586793,2.0551431617099163,2.0940295142929983,1.6808404942870379
2025-06-20,3.392190231582732,1.5716593672983052,1.86827984984407,1.84260115274419,1.5777784404403525,2.0474734862640926,2.0849283618407934,1.6704572853859154
2025-06-23,3.386741517621758,1.5661394670687043,1.8698384996741824,1.8365641451559718,1.5739360634734003,2.0450923489463606,2.0823679649279834,1.6651566933525872
2025-06-24,3.405047967971362,1.5615644630782763,1.8744164232606106,1.8271326907271948,1.5691688638259669,2.0444346219559653,2.0764741269308233,1.6606637862330662
2025-06-25,3.4103454415966397,1.5574883952729404,1.8683130067117324,1.8227130404913183,1.5679303022207811,2.045909853276021,2.067719866797488,1.656714762210364
2025-06-26,3.4322201637014356,1.5636998129011745,1.8870762181161687,1.8327987854388297,1.5755282123716094,2.0589114754638254,2.0829821950702962,1.6637327855809148
2025-06-27,3.4616655021357134,1.5704359906682068,1.8941935376852843,1.8392762479109888,1.584907445933504,2.074978278934872,2.0955140712541684,1.6716575003138492
2025-06-30,3.4742654046196457,1.5766296616255668,1.8988856428974734,1.846641737709152,1.5929691473814702,2.076988388442546,2.099799221710999,1.6779393097264879
2025-07-01,3.453188038357615,1.5757709329827276,1.8985275012711718,1.8427444594292526,1.5927385004359376,2.062449392896677,2.0995781672064817,1.6755255838679128
2025-07-02,3.446379109823455,1.587619850857777,1.9074112497354525,1.8580871284852565,1.600492032758087,2.074676379051234,2.1194688530956567,1.6850712000156411
2025-07-03,3.4511036861902933,1.5804889083938103,1.910314240531159,1.855900060058849,1.5930450196713675,2.0859249887687836,2.1257105451752407,1.681566628438578
2025-07-04,3.45143884184711,1.5840864656128208,1.926216097572857,1.8569787920174956,1.5968112079195322,2.086800357807538,2.1415412436225876,1.6840584310372744
2025-07-07,3.440993783438368,1.5783841140881676,1.9259919607376923,1.847057527166889,1.5891263525454171,2.0738929745819874,2.138555649609472,1.6762544049974484
2025-07-08,3.46515394306867,1.5772560698492148,1.9282941236044808,1.8546259771870015,1.5906518205422122,2.0859073477767547,2.13761282218291,1.6768702442485452
2025-07-09,3.4979451814889333,1.5901887343710934,1.9484472385778333,1.868520713131125,1.6049698671932373,2.103594802428976,2.1594870077297506,1.6926299133975236
2025-07-10,3.4906675352999637,1.5833286459378402,1.9501884071264282,1.859529223746713,1.5992487849770582,2.1031439059386874,2.157362942238664,1.6872244916171706
2025-07-11,3.5091930752282368,1.5910255974098888,1.9614984547078271,1.8698792190789606,1.6059859506859364,2.121939861606424,2.170390933950329,1.6960459182106544
2025-07-14,3.5150313139169134,1.5949566321772335,1.9700176318311151,1.8779006023230553,1.6078891417718615,2.132918025524934,2.1828002749595563,1.7011575491133146
2025-07-15,3.508804706951449,1.5946048431835855,1.9621253194599828,1.8789284543989808,1.6072224106591984,2.1307281066079296,2.1725333313003383,1.6987254485633363
2025-07-16,3.5027000899022736,1.5897632259480114,1.9536859772760822,1.8721226946979714,1.6017002070534772,2.117044627842097,2.1678802348187305,1.695201467824736
2025-07-17,3.5252721376146248,1.5965570361908097,1.9607684389505569,1.8778754570181784,1.6079101404658322,2.1120978854575454,2.174933723071148,1.7009535036287953
2025-07-18,3.5118953353250824,1.5908111955807898,1.9510296277148214,1.8718706084203574,1.6015198621471476,2.105402280518531,2.1659872937133358,1.6954430111307701
2025-07-22,3.5095100038801834,1.5886854372247976,1.9539954236064219,1.8674921476723816,1.5937319950334121,2.110185165574955,2.168719641928786,1.6945951001529598
2025-07-23,3.5765483679895187,1.60651798788792,1.971315050523622,1.891300095713492,1.6140802689339042,2.149646055019368,2.1946292125791524,1.7152603872129573
2025-07-24,3.612111141258747,1.6221983614536037,1.9971170408483283,1.906744357257787,1.635045206517156,2.166614566609007,2.2152541036085966,1.729230483161602
2025-07-25,3.606914519910637,1.627519251722783,2.0057541981751124,1.9124148353413177,1.6352270341008521,2.1630999043474888,2.22883381312769,1.7323834562806355
2025-07-28,3.6081374700169855,1.626623744058164,1.9975973698132878,1.9255874560746415,1.6319516699211376,2.1607579094074985,2.2414298000746595,1.7364809581526175
2025-07-29,3.594551555838553,1.6264398153658126,1.9954926827597583,1.927442052382211,1.6320860846515572,2.159958595427595,2.2409333303219325,1.7384797954012372
2025-07-30,3.613289178964853,1.644526378887143,2.0113006330933967,1.9504315653042705,1.6489224554302133,2.169192088077662,2.2664626033997286,1.7601031321643121
2025-07-31,3.6443299425631577,1.65386634175337,2.0187096299769145,1.9521177814169488,1.657949133067337,2.1716688267138586,2.269877064868851,1.7680751651177207
2025-08-01,3.6729724470930063,1.6891213679619645,2.053845362050548,1.9790347339846408,1.691585086050553,2.1874836257799526,2.299348632423577,1.7936468213013594
2025-08-04,3.653550897790544,1.6795413232759575,2.0531822074708024,1.9740202787294858,1.6803303227052826,2.1790960542829994,2.302244034509739,1.7911256891451215
2025-08-05,3.678907242934316,1.6889946589930054,2.0618710030769316,1.9791194525439408,1.689624770310215,2.199981811450291,2.302014783900304,1.7993562001519967
2025-08-06,3.7149662037760534,1.7087645414001646,2.0878793788209236,2.001595644027671,1.709906548839515,2.226837718710624,2.325699756078838,1.8215972398701112
2025-08-07,3.7298793728133623,1.7262105158216103,2.1100344418060817,2.0150798826467557,1.7235993435311379,2.226100374258814,2.335020132444767,1.834062570750189
2025-08-08,3.7451846724458075,1.7277163752122617,2.1223084215500525,2.020723919423579,1.7284408264021258,2.23418109781847,2.3427209128120405,1.839861425076219
2025-08-12,3.7639460454695697,1.7432725589936011,2.1261805510866694,2.0224480538253595,1.741092843551685,2.2464753252819114,2.3401364206501056,1.8553453480476332
2025-08-13,3.785475190549657,1.7601001802433038,2.1432203848198577,2.03333997993649,1.7574810314447866,2.259334814885937,2.3445560734445965,1.8755906740188557
2025-08-14,3.7658895117035964,1.7526281198218736,2.132305989367955,2.0173116686684502,1.7495137570369572,2.249548235472131,2.3308583530387286,1.8676672310711384
2025-08-15,3.7727963238304874,1.747758900388031,2.140461811301817,2.024032957728757,1.7471178043713298,2.248199095972289,2.3347514486044325,1.8696563902345005
2025-08-18,3.8070952829673965,1.755958710147205,2.1520013199820847,2.0350282586950046,1.7565923335676075,2.260849489521848,2.3476734870582248,1.880771310529401
2025-08-19,3.8233874111942985,1.7678384861513652,2.1584899083303575,2.0500753625495123,1.7681083862554605,2.2717900691171113,2.3625071754828215,1.8954022479306256
2025-08-20,3.809485080984267,1.776105140998733,2.16193404015589,2.059709540958605,1.7736771801170927,2.2689136494164672,2.366505816722845,1.9027958273928618
2025-08-21,3.808973054890277,1.7736049102597884,2.156717829988393,2.056855596017121,1.772036961870216,2.266074036834355,2.367548972002324,1.8985208100732465
2025-08-22,3.824382270483453,1.7823767904632408,2.1701528379176844,2.0678346585129064,1.782177278298965,2.287241445340702,2.3743243489953403,1.9041678609292896
2025-08-25,3.838353811927958,1.774059077883638,2.167432627690852,2.053247833609471,1.7735260607239287,2.2966830452057816,2.368876795894562,1.9005970163055026
2025-08-26,3.8116065597723727,1.762060267815592,2.160477766298111,2.0376557846585883,1.7663778352197392,2.285940024681035,2.3633146417014737,1.8869307610227328
2025-08-27,3.808774866056613,1.7659700300351455,2.159101381515209,2.0478958107993446,1.7719993034575579,2.2932291178239437,2.371221291065912,1.8910600075417476
2025-08-28,3.820414636651255,1.7749992175888492,2.1745218580234065,2.0593131103120217,1.7813343892915878,2.2999153430617802,2.385157377542036,1.9017540277245661
2025-08-29,3.817783176771951,1.7690020100656632,2.173970946504828,2.05621696036213,1.7752543193361856,2.300800557722336,2.380554738896023,1.8982799242946193
2025-09-01,3.8185677026095926,1.7754886553408302,2.182141531428743,2.069754231610887,1.7803355558209946,2.2925820062233258,2.3928495482338583,1.9003320387833926
2025-09-02,3.828459552695062,1.785388592647142,2.1992422021212046,2.081821265898004,1.7884108691113878,2.3052925034399325,2.4080932446002756,1.9104767243938272
2025-09-03,3.821880811249698,1.783596330200949,2.1992084269440393,2.0842456350455096,1.7838099888881396,2.3094132045518263,2.416691213791329,1.9118558055172978
2025-09-04,3.8440492738698686,1.7937323690028355,2.2223989542623497,2.098794712433999,1.7933701145361696,2.3218231520317136,2.4365215680057957,1.919843339837241
2025-09-05,3.8735113054875434,1.8039946576202492,2.2308666069208227,2.1100241279546696,1.8056514669688313,2.3419041650276333,2.451243805110307,1.9306917936406667
2025-09-08,3.903940356645006,1.8165454870371973,2.2388247594517017,2.1216878497180134,1.8176485562763018,2.3681460538093435,2.455347133188226,1.9426595888548104
2025-09-09,3.892135136773783,1.813246009431272,2.2246165585439783,2.116616753953904,1.8142969126949424,2.359501221582229,2.448257064089378,1.942940540539531
2025-09-10,3.8983291012730774,1.814195384310648,2.2287301000135207,2.1123228155148146,1.8137767216221645,2.356826581281845,2.444839896633112,1.9397264459174302
2025-09-11,3.89933597628136,1.810535497508805,2.2244131782694705,2.1086720960952525,1.8117484739649408,2.352987192128046,2.4423619301662436,1.9363475739411538
2025-09-12,3.9043209028534003,1.8094222489677614,2.22271927337839,2.1057061958618672,1.8098009298015139,2.3441564276010642,2.446322679364252,1.9350751784206397
2025-09-16,3.929402765492058,1.8155806419435792,2.2280765914051233,2.114433317534734,1.8156456242667147,2.357976377072336,2.4565177988732745,1.942369596253402
2025-09-17,3.8970072565354767,1.7985800066777642,2.2007086192833087,2.089021948064694,1.7982814330760366,2.3286962194013237,2.4267392808710206,1.9238428069772393
2025-09-18,3.9153475464581273,1.8014803869266445,2.1995963772629317,2.0859419856207837,1.802143961615281,2.334192772410316,2.429266832637913,1.921621110801628
2025-09-19,3.9090096725356918,1.792582761634007,2.193757184683469,2.0806357870699532,1.7920681344538376,2.335099395464985,2.4270795347018126,1.9147051228858323
2025-09-22,3.9243270247527673,1.7883078391476035,2.192768199665663,2.0764044071137993,1.7898212663735276,2.3370039853767346,2.4252473004731714,1.9045656062797747
2025-09-24,3.9208819395018826,1.7898012981688298,2.1928709914553233,2.0773137372171067,1.790072859891718,2.326707887856872,2.4239868362420656,1.9037526749674
2025-09-25,3.934242248443479,1.7962026914496236,2.2023535092811186,2.0838463227637183,1.8088323878696324,2.3352875832588555,2.4353948574675095,1.9087762892955173
2025-09-26,3.944240904390131,1.8175808612295206,2.223479004438669,2.1042948423802064,1.827501996798673,2.3552553881397915,2.4566520414275184,1.9274318792654597
2025-09-29,3.9142220883866083,1.8058108253813916,2.2161914406143035,2.0902064830878455,1.8150621402191829,2.343048055249569,2.4446430381826,1.9184213097247207
2025-09-30,3.904033146295846,1.8019567152045934,2.2056755488175455,2.0762889198606067,1.8103922353238313,2.327482652744685,2.4234635972395377,1.9107035059150028
2025-10-01,3.8238458105712176,1.767128693094518,2.155845041374235,2.0383183256871362,1.7719074664570607,2.2843713030152495,2.370058793922319,1.8773236018167039
2025-10-02,3.8163867067873882,1.7531863437734292,2.134801829684837,2.0313471014923152,1.7618947364199284,2.2682088114122476,2.353998424020997,1.862423565585527
2025-10-03,3.8479876224069756,1.7602043742129092,2.1508568833769552,2.0359653132052684,1.7711316509695203,2.2814868038320935,2.3642784025798873,1.8696729001019026
2025-10-06,3.9332106231566293,1.7864078444269278,2.1805035897432408,2.070523854537623,1.795462618619851,2.3288672665989303,2.4014721556608696,1.8995825085438411
2025-10-07,3.9403151566193526,1.7937740607213195,2.18851237426047,2.0852473121482635,1.8014258557421117,2.337826677652493,2.4147622823479518,1.907681637907956
2025-10-08,3.9326908107886713,1.7900426490858694,2.1904217178902545,2.0714798742007776,1.7987176351271053,2.3288899178145304,2.4145782561794094,1.8965479981392468
2025-10-09,3.953730348644692,1.791463139754481,2.1898984325920923,2.071436905734402,1.804597000090134,2.3378347529368586,2.411346174567437,1.895816835066333
2025-10-10,3.8780219311766437,1.7572830976050002,2.1288561661070653,2.0332823046148496,1.7675754287323888,2.2925313416144744,2.3640726113999744,1.861622250470104
2025-10-14,3.8149728782368966,1.7396603096288696,2.1190346489579746,2.020298985047478,1.7460551401444746,2.2633188266314406,2.3505906836107897,1.8466066042886633
2025-10-15,3.878102393817093,1.768802524880115,2.1552937218760015,2.0554052774465497,1.7756055610810555,2.310084103696998,2.389133094396624,1.879167366037999
2025-10-16,3.8869027208397675,1.77409440985708,2.166402235006813,2.057757652838928,1.7794644607955008,2.3244850843770393,2.3986541989679404,1.883788001891051
2025-10-17,3.8573085789076593,1.7720626056220106,2.147590768605878,2.057920308758185,1.777792913304594,2.3078990568475426,2.3873120778643404,1.8804753710181727
2025-10-20,3.9260262918328674,1.7915728140995621,2.176722281216155,2.075739855814198,1.7990155100657466,2.339099359815875,2.4137140624702664,1.9020377973978737
2025-10-21,3.927772067348148,1.7871017038432238,2.1652915905214045,2.076448350534344,1.7937901628756046,2.3221646571670296,2.4031566613294637,1.8998081922377168
2025-10-22,3.9719742220765837,1.8047911105586625,2.1997201806684665,2.099163184498781,1.816109479714698,2.352854919330923,2.4262064578506553,1.9208319113116132
2025-10-23,3.9832206183500345,1.820224307823009,2.218101148652955,2.1138030238341003,1.832036207526708,2.3778521012076212,2.445076210151039,1.9360587406800918
2025-10-24,3.9954867818475277,1.834877910494367,2.2088212036292343,2.113330715237425,1.8417590025202701,2.37855024765463,2.435753877896274,1.9534443101253218
2025-10-27,4.055073461930032,1.8688648040745002,2.2464786171335596,2.144477529223093,1.873505016936081,2.417873640512696,2.469371905811669,1.9870789111173688
2025-10-28,3.964432543605322,1.8258666573194506,2.183089221304119,2.0900095528132963,1.8297858862278669,2.348897840578271,2.4095890759039555,1.9415512117464
2025-10-29,3.9152399807595573,1.8022447680054763,2.159109999695701,2.0668878735040095,1.8064180021755905,2.325756249958866,2.383990431848303,1.9177152672348752
2025-10-30,3.9480797257124784,1.8156713461825618,2.184337030402673,2.0805381813850716,1.8197529587442618,2.3444564468560367,2.404986964029691,1.9290957655369838
2025-10-31,3.9618705803241343,1.810255025012034,2.1840700131201216,2.0602405209591033,1.817761979366421,2.350943592927859,2.4019818891973572,1.917809274561788
2025-11-04,3.9712122835133394,1.812319745060101,2.1884022248393133,2.0636190855317382,1.8185295691498677,2.3509940555310376,2.4027454610712375,1.9215440822056724
2025-11-05,3.9348343618580546,1.8028025925255897,2.176910125921653,2.0519642921542482,1.8064441279484384,2.3342192363761534,2.3898281432401745,1.9072984769572128
2025-11-06,3.950251880599721,1.8153635805311559,2.192077700061088,2.068713978824925,1.8176503918892426,2.341086806467394,2.4077130215576723,1.9214854911190906
2025-11-07,3.95105559238734,1.8127357141190665,2.188904513476065,2.056498630123271,1.8151386837050867,2.349320208129297,2.4039992907253533,1.9203278579008753
2025-11-10,3.9901761051324804,1.8220296045610702,2.200127020197703,2.078307106536122,1.8236100311681913,2.374418352898812,2.4160061379409896,1.9329497782041931
2025-11-11,3.984207109121297,1.815484388501518,2.1922235774272867,2.0671157366953365,1.8189341924617337,2.379178077422639,2.4062670640463035,1.9272307359759293
2025-11-12,4.031829965236212,1.8346203035878423,2.215330470823661,2.08764535812443,1.8388988088997833,2.3983596133254053,2.4314494920570766,1.9464384833972914
2025-11-13,4.050944177370354,1.8416931649662676,2.2238710529249794,2.1095989402539246,1.8481176164388349,2.3919532341252814,2.44218019860724,1.9586941334369765
2025-11-14,4.02820441748309,1.8338252193333338,2.214370395121653,2.08801336303228,1.8430676467131313,2.3907565195306173,2.4304821465468307,1.9471871982586242
2025-11-17,4.018723347514587,1.8309318099282519,2.2108765615436043,2.0821218789977882,1.8424569084492162,2.3833432354931885,2.4259996415831355,1.9389259302832502
2025-11-18,3.9412827382215694,1.8104629052643548,2.1861600640113155,2.058455722327917,1.8199556128107806,2.3495363009598793,2.3984007325616723,1.918914624591466
2025-11-19,3.9355984965309925,1.816775034056785,2.1937820505456886,2.066639204744271,1.8249274517023808,2.347941170793701,2.409889629632243,1.9227446885383268
2025-11-20,3.983265931383535,1.8348692258838175,2.215631048085377,2.089574003714983,1.8441374786240223,2.370306759122317,2.4342447190180896,1.9428146331897962
2025-11-21,4.019288610564625,1.8579077845203065,2.2434504398426034,2.12020744424549,1.8657483651793056,2.4001705306162537,2.4650499610329946,1.9720141410455014
2025-11-25,4.015310556661457,1.8616020061271927,2.247911265701614,2.127902681710851,1.8713230541486,2.399891124649846,2.470972567775421,1.976724664730882
2025-11-26,4.07821568580429,1.8895670712614139,2.2816794850924347,2.16690603999791,1.8982900108084866,2.422181343418719,2.50713231479865,2.0062379865093147
2025-11-27,4.107608355856665,1.895714189407513,2.2891022188919976,2.1715357084887255,1.9065081165635476,2.4341350418001833,2.5133786525395987,2.011140583038619
2025-11-28,4.13820657796074,1.916393505759541,2.314072791571728,2.1964133603407143,1.9238827269387422,2.458305081725317,2.5402615495425023,2.0329141082481152
2025-12-01,4.085015220177611,1.8966980969069271,2.290290301384959,2.178556917603614,1.905456880303108,2.4377462376532715,2.5148636305392356,2.016614838654082
2025-12-02,4.05650833399866,1.8805658209554088,2.2708103455547293,2.155613773926811,1.890320706319723,2.4182702516124763,2.4976628646656938,1.9983960931676816
2025-12-03,4.044827634314669,1.8742190617869086,2.2631465423419,2.1505601590957975,1.880681440612009,2.4098271352824923,2.4894380463314545,1.9942753107470221
2025-12-04,4.090893451286866,1.883704649863996,2.2746005267220784,2.1555974556565456,1.8925464650236241,2.435962594833275,2.502293356444074,2.004938037416954
2025-12-05,4.059340133382646,1.8683612703296724,2.2560731746910743,2.13403125301836,1.8777731482774338,2.4208393815763873,2.4817953732449647,1.9875364389661527
2025-12-08,4.104757815934768,1.8973722775623274,2.2911043842476784,2.169085375331151,1.902999662897817,2.4477428947117787,2.5201525421708175,2.017869039699717
2025-12-09,4.0944708185323515,1.892306793101321,2.284987738719443,2.1589458974518956,1.8977486147942755,2.4372842349543244,2.512464677708583,2.0107255750364152
2025-12-10,4.106348261211911,1.8929659871553433,2.2857837250448996,2.1603355723290334,1.8975876673525105,2.456435690726054,2.5147764298172444,2.0135197811782164
2025-12-11,4.056675230749312,1.8750277324348803,2.264123023809923,2.1442757480956005,1.8782331279106603,2.4348815576356864,2.491354836080485,1.996988593731495
2025-12-12,4.117159129390671,1.904412847697903,2.2996059742076334,2.181422442464283,1.9054016920719266,2.4741941813042407,2.531699511399641,2.029017006724154
2025-12-15,4.141428419270245,1.9117043781288139,2.3084106023429185,2.1925153424790365,1.9161924575007898,2.484383472511759,2.5413626691393025,2.0379295117054324
2025-12-16,4.077260360272774,1.8922628302868587,2.2849346529870593,2.1732131078264185,1.8973397763470745,2.453717425438375,2.5161089191451103,2.0173334703653447
2025-12-17,4.074760986462752,1.8877675309932989,2.2795065142702797,2.1662176950738607,1.8942876469775074,2.4542367136370697,2.5112823832458835,2.013999569487603
2025-12-18,4.080636606222725,1.8998186131935921,2.294058369797279,2.176537860712206,1.9063473401626476,2.4668461083641153,2.5266890325439477,2.0257523976043053
2025-12-19,4.115425055307672,1.9183324376661413,2.316414079807307,2.1978297977095194,1.9224258881071041,2.4875070000458632,2.5494396826026766,2.044539098971531
2025-12-22,4.13044605354175,1.9196187402072242,2.317967308673458,2.1988134457986948,1.9224522008000613,2.4732767858079887,2.550992307896144,2.0494169475449033
2025-12-23,4.159064171558756,1.9315233488482018,2.3323422952655135,2.2088867725723795,1.93352064671751,2.494871166537456,2.5678114595544073,2.0608643179878143
2025-12-24,4.153319658240523,1.932256583511112,2.3332276866938284,2.208981531776886,1.9304622464409331,2.502504922938571,2.56814765275411,2.061245680067562
2025-12-25,4.177860777040762,1.9456327664350277,2.349379620451844,2.219144683076148,1.9404823348291687,2.5154278292248566,2.5862591416152805,2.074981019719447
2025-12-26,4.181105995039348,1.9457452367838237,2.3495154300197774,2.219789489975043,1.9405571585609533,2.519593188611793,2.5862778400133433,2.076652542899034
2025-12-29,4.207158782917528,1.9688384735393674,2.3774008463941914,2.239915532918143,1.9619209029820843,2.545690329123053,2.6166841043687574,2.1013860422372423
2025-12-30,4.180543018527618,1.9579944192044407,2.3643064944193166,2.2263520526109537,1.9521259978234022,2.537633805033402,2.6025620882069997,2.093153905572991
2026-01-05,4.214622955500081,1.9755953481915787,2.385559869967247,2.261221721222131,1.9660870093100569,2.538992673287438,2.6243542060263443,2.1136731290191113
2026-01-06,4.268512598241754,2.003782526095876,2.419596293730682,2.290622148387244,1.9932748250108678,2.5715239789938082,2.660739771439859,2.1424239538312553
2026-01-07,4.284246694627075,2.0151432648741574,2.43331454962122,2.304860372396778,2.0023274956942534,2.5867945516695383,2.6762513542654887,2.1562885047651283
2026-01-08,4.278996325101519,2.011018785453134,2.428334181247552,2.29976292967104,1.9976319895943282,2.579582651223579,2.6724082108713376,2.1521874844079765
2026-01-09,4.303745601192227,2.0194950361365946,2.4385693761708214,2.3070016644843396,2.006915981274316,2.59624048626312,2.6828741709097965,2.1620308589807125
2026-01-13,4.359883418459043,2.055913301188223,2.4825449563525233,2.3609008376173586,2.039920130897267,2.6238395168898645,2.731601395214166,2.201856322355593
2026-01-14,4.402110714936353,2.072816548038737,2.5029558706602777,2.396216448985524,2.0587363278978303,2.631180957643166,2.751516557190431,2.2168038723304333
2026-01-15,4.44631997629904,2.0795377540071316,2.511071823783301,2.402477422014334,2.065956314270608,2.664236418517024,2.7590806902163294,2.2252935723620935
2026-01-16,4.454494422801283,2.081545294293896,2.5134959576272244,2.398300016452481,2.0671501791518585,2.671753379105239,2.761733628385605,2.225981891970006
2026-01-19,4.458253304243082,2.0766375139101507,2.5075697420462895,2.3984089120133825,2.0626624704621124,2.6640791040655554,2.755454089052806,2.2193552116733604
2026-01-20,4.424830256931204,2.0666268594801522,2.4954817324737952,2.3872126112510847,2.0519378744448327,2.6430557982424836,2.744009017260031,2.205845669093783
2026-01-21,4.392571763866214,2.0573374669359406,2.484264657028599,2.381720241892893,2.039496739316405,2.620845123282844,2.7325863377004973,2.199605333838564
2026-01-22,4.433600618217266,2.079011783144336,2.510436706382258,2.4088340632559073,2.0621555624386043,2.656077181155065,2.7597160691078635,2.2268187371685255
2026-01-23,4.453424495643918,2.0818287570351424,2.51383824297466,2.405046045181343,2.066349132793038,2.661144262130015,2.762613573124409,2.231901484465579
2026-01-26,4.380050157464768,2.047693494508985,2.4726194212621375,2.3663588423525685,2.0317750265254206,2.6162533551768625,2.7168474369336755,2.1917476067963926
2026-01-27,4.386843093595051,2.051658303348238,2.4774069851059535,2.378086826540678,2.035532965759905,2.6143152652019226,2.7217759217200865,2.1958736630115334
2026-01-28,4.329908408751203,2.016090560224542,2.4344584224163004,2.3364178079369333,2.004250819754454,2.5782107800704916,2.6753982760887203,2.1587221586459493
2026-01-29,4.323442126475643,2.0139887223762742,2.431920422907142,2.3353553555630846,2.0034288199691765,2.5804893292092346,2.671592446555533,2.1594222638836187
2026-01-30,4.340391539975358,2.018985081398445,2.4379535984712324,2.340475437122302,2.0114418888882795,2.5961320696424743,2.677357269619912,2.1663743693198265
2026-02-02,4.31990766166373,2.016155156558814,2.4345364234213784,2.34477279242431,2.0116431785368656,2.588386818744209,2.674314410987919,2.1636691386004907
2026-02-03,4.414306947562463,2.047343319314515,2.472196579665476,2.379336127894154,2.04387349009406,2.634337150051689,2.7159912168393525,2.1952881160401807
2026-02-04,4.430474784324791,2.064184358716677,2.492532377582347,2.4121404516256524,2.0625199247353283,2.6637205651198763,2.7318628687556004,2.2164490993574057
2026-02-05,4.457562647353697,2.078736238840586,2.5101039826622786,2.4315018673347586,2.0784483426824814,2.664724555976391,2.753273725048281,2.2297400723170036
2026-02-06,4.477931840909026,2.092011786902756,2.5261343983736357,2.4556282702766024,2.092095548617071,2.68742652281901,2.7695695160072855,2.24719585144561
2026-02-09,4.551250591020529,2.123614970371933,2.564295698113632,2.510650109399594,2.132408755097244,2.7111815260325,2.810274366254654,2.2812366280974037
2026-02-10,4.633317512152066,2.153928790206053,2.6009000726723643,2.5530325681158494,2.1626246833093457,2.7390036344705306,2.8526003633169568,2.314313143841557
2026-02-12,4.6702723980381355,2.179300230366558,2.631536452508741,2.5877046257090988,2.192387441950974,2.7711465935175785,2.8838162409685175,2.340350840451133
2026-02-13,4.580116749328173,2.1319719314826555,2.5743868491577286,2.535532513764495,2.1464571969366704,2.7210863967401617,2.821845975204133,2.293211716447697
2026-02-16,4.603281514637382,2.1421104704968026,2.586629281209609,2.5286363502041858,2.153215601897165,2.7399493736768816,2.8260344643139796,2.295158091462044
2026-02-17,4.606915715374088,2.1430979264151793,2.587821648469634,2.537458655682949,2.151252398471877,2.743230170650215,2.825698182329623,2.2953471402215953
2026-02-18,4.6579806885543675,2.168374952106187,2.6183440214726863,2.5630870235738423,2.1803868880844184,2.774657160068372,2.8590411403816414,2.3215406634739884
2026-02-19,4.693660206485062,2.1765514528038645,2.6282172639658894,2.5681660943918394,2.1918131092061945,2.7879817051600555,2.871186881975428,2.3335241770078268
2026-02-20,4.648953459845971,2.1572674925548263,2.604931603900806,2.5411976574992376,2.1693705991864167,2.7641279305623976,2.8440219950357544,2.311636905249366
2026-02-24,4.682219146476827,2.173024467779805,2.623958378692104,2.567999348972135,2.1845543966821626,2.7900099206776994,2.8631698085782813,2.3318199306623337
2026-02-25,4.715445245322519,2.171893670916958,2.6225929251747315,2.5673588378208714,2.180984532668979,2.793404159142544,2.8610736332861624,2.3318417824426843
2026-02-26,4.739657754421078,2.1767455061938796,2.6284515862324787,2.5653940889609568,2.186784984219124,2.802996404724155,2.8689434397491107,2.330293699704527
2026-02-27,4.8395365743214525,2.222151025870371,2.6832794059650964,2.6192170839363733,2.233532298076948,2.848957506774544,2.927451793406002,2.3793276283335874
2026-03-02,4.79668903098556,2.200546250144803,2.6571913277471886,2.5973106804676322,2.2135546152455055,2.8235777431308464,2.8984176467143445,2.369177628697165
2026-03-03,4.647653558151896,2.132113539021452,2.5745578423027298,2.5064872967561547,2.1497227226798326,2.7443555470974292,2.80619282079641,2.2947733193920477
2026-03-04,4.476874186008515,2.045020333194497,2.46939154042934,2.392772220899977,2.0602904129485915,2.6496419809415226,2.691690912663812,2.2003559219865836
2026-03-05,4.586606287504167,2.0861570930562507,2.5190647711324337,2.4323946346476526,2.109051944969108,2.7184808585383156,2.743688286041928,2.247174207310113
2026-03-06,4.60316818894155,2.0762177765898695,2.5070629031796625,2.41347240844044,2.099937513187173,2.7132401908820607,2.734101621538881,2.236397821335305
2026-03-09,4.442753781877699,2.0121515220774118,2.4297019770548225,2.332979970076379,2.033098599038284,2.632938846675503,2.653426746642645,2.1692018782922586
2026-03-10,4.548871736092149,2.050894599653033,2.4764848018817953,2.3738864353807085,2.073914942301388,2.6903783450473746,2.7028323605097713,2.209063971110079
2026-03-11,4.589372791612496,2.0608928842290624,2.488557874677255,2.382192958518436,2.0834108643091587,2.70616919340076,2.7128507201728467,2.218409022024877
2026-03-12,4.499608901164152,2.021965961589734,2.441553054284908,2.3369206963510085,2.0413908194086288,2.653832790601752,2.661852604923326,2.1775302371636704
2026-03-13,4.480440218001685,2.0032547032044774,2.4189589399783946,2.3187545660041824,2.0264325852892346,2.63445677441167,2.635505971198372,2.1546672102085913
2026-03-16,4.474526910846423,1.9963324452346523,2.4106002136645817,2.311956953232151,2.019042883969477,2.621920979871676,2.6260201138185795,2.145916909875192
2026-03-17,4.475805972548321,2.0003913482398965,2.4155013975706194,2.31313332711333,2.0237071301682854,2.632745579820128,2.6296027795345047,2.1502730117209805
2026-03-18,4.5801990038013365,2.0400840591408405,2.463430918331124,2.360558313600327,2.064894196896019,2.6873000381714247,2.682111934094224,2.191575327872964
2026-03-19,4.429080174474318,1.9824041488657673,2.393781594960586,2.2875980321019656,2.004548587629008,2.61149079976564,2.6069045548722882,2.1295566647339053
2026-03-23,4.279669838140437,1.9203570478921506,2.3188588258490075,2.2191144363111053,1.9414596934373702,2.5428970467255807,2.533616164128458,2.0700965088725325
2026-03-24,4.37717811405885,1.9633997841363886,2.3708335505171085,2.2731495871490646,1.9855183325111725,2.6000394838883882,2.590527101507937,2.1170228371326543
2026-03-25,4.47210319463655,1.9907871530844028,2.403904193433015,2.3076982227344827,2.0161741837227427,2.6414988277756186,2.6245333470431733,2.143729490174259
2026-03-26,4.448894935904724,1.9860246497662877,2.398153402003646,2.3050718759084026,2.010032662983751,2.633698478620117,2.6187755257014014,2.1360917172548883
2026-03-27,4.4646031497437635,1.991113050208221,2.404297718909288,2.3048690623651096,2.0156509885975327,2.6411967640617267,2.626741608176653,2.140023501489879
2026-03-30,4.384227942180313,1.9573632186518455,2.363544310650484,2.2605326720312586,1.9831256453709654,2.595880015195707,2.5814367616113256,2.099064228245933
2026-03-31,4.353637269253847,1.9526231091324944,2.3578205600560294,2.253709777701131,1.9750592461777083,2.5729770407794734,2.5775180421189616,2.0922335654567323
2026-04-01,4.532403724270699,2.00809538501363,2.4248041330629833,2.3160270643025975,2.0358196716825177,2.652056892499809,2.648851721635085,2.1512942936353077
2026-04-02,4.470679327768115,1.9866087766054394,2.398858743584718,2.292950861413804,2.01089205650929,2.6239809032140298,2.622153926387693,2.1289455473741126
2026-04-03,4.516466426889762,1.997197035257946,2.411644218584634,2.3051417269199694,2.0220676748432687,2.6361639280372278,2.6358543412387188,2.1405196566094618
2026-04-06,4.533843010561256,1.997925269851807,2.412523572357473,2.306963753428818,2.024465380708065,2.636968021661615,2.6360690850367545,2.1408773680216435
2026-04-07,4.548568367114107,2.0027517147679816,2.4183515741885024,2.309393591944595,2.0295335593635766,2.653505198178386,2.64181407508492,2.145920289339753
2026-04-08,4.68313179929672,2.0429477636473643,2.466888882815835,2.3601227196560566,2.069937778947786,2.707435493717503,2.695285507952496,2.189448182005145
2026-04-09,4.630376173165237,2.0157527216250735,2.434050477435991,2.320976687832031,2.0465060192927425,2.6821458893196644,2.6559240408568443,2.1574912619230076
2026-04-10,4.611708779273348,1.9941144073237738,2.4079219009042783,2.2977503209862986,2.028885801561762,2.67187233967713,2.626532017944464,2.1369201219646685
2026-04-13,4.59330117058129,1.9841472461044378,2.395886410010808,2.2764275037138146,2.017619229514195,2.6795517940529447,2.6127009525548823,2.1256641156321385
2026-04-14,4.625967268442698,1.9848135139882261,2.3966909380877084,2.2749620772698522,2.0170424769870015,2.6905398839795875,2.6138643038810407,2.128858735391036
2026-04-15,4.640941836134237,1.978771561190831,2.389395192963133,2.2627663251990593,2.014643987297794,2.695314483084756,2.6085719358556383,2.121876680901285
2026-04-16,4.6828918680188245,1.9845059695475906,2.396319573741015,2.271563520162425,2.0220076032318817,2.7029808240073203,2.614157382612977,2.1264450580169125
2026-04-17,4.659429939070406,1.9715156278454808,2.3806335488219537,2.25807073810762,2.0093318433151603,2.68868784961483,2.5995796382516985,2.111798785381503
2026-04-20,4.666600893591728,1.9684573941360368,2.376940687519709,2.253315117235032,2.003863747385506,2.6887445424351823,2.593741465868395,2.1095910187228144
2026-04-21,4.66255294565331,1.958906376477906,2.365407695976961,2.2408219436802708,1.9901437756067248,2.682436482432911,2.5843658653850294,2.1006131660723963
2026-04-22,4.618015966057802,1.933044049326913,2.3341785630212426,2.207168213776514,1.9596245281873785,2.651742203945393,2.552362149356593,2.0722366394717313
2026-04-23,4.573439834730866,1.9232935359490337,2.3224046775202773,2.1927880359535106,1.950516557842485,2.637055402628854,2.5363565517622386,2.0611165211441906
2026-04-24,4.564904701024528,1.9098175518574063,2.3061322324131703,2.1730018556532262,1.9399334974449722,2.634175841407206,2.5148691953945783,2.0438517841501445
2026-04-27,4.568014785607526,1.9061693871350625,2.3017270209063607,2.1735860373920524,1.9333901141530099,2.6265353362858948,2.5098250140184843,2.0437572296990796
2026-04-28,4.627455328053707,1.9481253568906163,2.3523894593687853,2.2291402665140354,1.9802182500596424,2.6566599565194613,2.565467488704709,2.090730504092755
2026-04-30,4.58899918567149,1.9171549495159899,2.314992245887251,2.190110611627858,1.9461206512168234,2.640347751060894,2.524036462869479,2.061476458321624
2026-05-01,4.5862856774437875,1.9229514082776038,2.32484813292017,2.2031539156675013,1.9513022427528046,2.615997642747418,2.532174372516329,2.065249961961606
2026-05-07,4.686336446903153,1.944855585333048,2.37498077083668,2.236703731434716,1.977876101896335,2.6530748609921133,2.562227505506111,2.091040608869283
2026-05-08,4.710776316524676,1.9420471947337046,2.3744497324875975,2.2369967562575703,1.9701737757037023,2.6520558666898393,2.559098312335927,2.0887479173532526
2026-05-11,4.728274309852132,1.9416740332102274,2.373836016202519,2.22929620828983,1.9745267139062175,2.6578203835830787,2.559280674763053,2.0779733820412765
2026-05-12,4.722279780617437,1.9376891910024758,2.380063227196295,2.239803226820285,1.9706000792574967,2.6525286933118473,2.5510609126999713,2.0828397550057187
2026-05-13,4.761795199466718,1.952959780368409,2.415396759475444,2.2650050615069497,1.9930805842136319,2.6610808705407214,2.572321987903943,2.0980519666085637
2026-05-14,4.749157211926121,1.9434882067672425,2.386904528445116,2.251600941197952,1.984427369479356,2.6537671047283613,2.559011490946698,2.0949569658945313
2026-05-15,4.750524555123065,1.9643517441541725,2.4293025345597266,2.253550941316053,2.0052763791428863,2.6523607630022554,2.5663478505837443,2.098612744495509
2026-05-18,4.7016048307078275,1.9396253253962923,2.4023172335846477,2.224142140541739,1.985813769994894,2.6067409015153205,2.5326471527744863,2.0702622083923936
2026-05-19,4.736815738410526,1.9473269529291972,2.401010908212713,2.2273654497846445,1.9947736722649405,2.6169267490377544,2.549600344693631,2.0771940217704534
2026-05-20,4.652351183259164,1.911571068279863,2.3594029148013442,2.178062828559963,1.968706027053049,2.602324943723462,2.504412392329797,2.0390041239040837
2026-05-21,4.701847210909574,1.925845116355718,2.383243160864401,2.1864735157437627,1.9853421011439176,2.638118234394454,2.5178256343869028,2.0568267281021133
2026-05-22,4.753155419844732,1.923549698869278,2.3924579160724937,2.1873447785633893,1.983960185277834,2.641402449985556,2.512597116989561,2.0560782117566085
2026-05-25,4.796469233498471,1.9313170497217527,2.406974366802639,2.1972930415880416,1.9922533419882733,2.6358102186839334,2.5199508450549892,2.064740136609587
2026-05-26,4.801192403981804,1.946202123379196,2.4212310126350056,2.206762742052451,1.9996962544598844,2.65169298501669,2.534782374919371,2.074242241979738
2026-05-27,4.7781949952631395,1.9423388973553992,2.415581287560615,2.1941059842260713,1.9966189565397594,2.6554354319669997,2.5334558640671383,2.0763247269313614
2026-05-28,4.7797914711961225,1.9455946351125342,2.4189907642850366,2.1991470068398553,1.9966153752698061,2.658918416185666,2.5367632678537344,2.0783480226304483
2026-05-29,4.8193522641668896,1.956014605253719,2.43478301560397,2.212796138126049,2.004233937735885,2.682276187986973,2.549044429920802,2.0909589664973254
2026-06-01,4.783592415574503,1.9303193057372143,2.3928232960138383,2.1748184931226158,1.9776629449782759,2.6569367161598167,2.5227465328481373,2.0590209103408794
2026-06-02,4.738936233158686,1.9051267125898113,2.373968936093532,2.1473315135573197,1.961885564922708,2.6223895357959877,2.4909637027802067,2.0349012977356886
2026-06-03,4.7873281412294615,1.9143760880775802,2.398139847785922,2.1738673179667107,1.9742018127725238,2.628607452191318,2.5011290815230303,2.0451346459024915
2026-06-04,4.7476281351234535,1.9011047255621867,2.3856188495681927,2.1708560978975147,1.95940075030076,2.60071648600933,2.4851710342868207,2.0328707638731274
2026-06-05,4.791607399278824,1.9271329708567317,2.4155827271955723,2.191567244350031,1.9828948090215492,2.6331104434880817,2.512910389212941,2.0564884653585986
2026-06-08,4.7001090918409645,1.9178217477160482,2.403014086282846,2.170973606885951,1.9726226314331257,2.6011510518999623,2.5019472294898746,2.0432438574205993
2026-06-09,4.7183984731909865,1.926626393813448,2.4276869212286054,2.188177246227021,1.9861471238031996,2.6135543414479607,2.5097241016978917,2.0508674444121753
2026-06-10,4.685034353118809,1.927676818627805,2.4188782266646793,2.191419314701886,1.9865918908836047,2.6192671968052257,2.5126760103661514,2.0515421069378754
2026-06-11,4.66698562586811,1.92914898860139,2.4230868696694663,2.190181753486398,1.9873478552344592,2.6168535528108725,2.513806438382574,2.0514925253582548
2026-06-12,4.7018646750809845,1.9363784177710166,2.4373272883420745,2.201226641592244,1.998232815469767,2.644550181944476,2.517832568807774,2.0588910198358352
2026-06-15,4.793405663221288,1.9667838504103916,2.4720404513020577,2.244786733104266,2.026059517123075,2.6845290473521386,2.5583760607306734,2.0882981872979403
2026-06-16,4.771455387301443,1.9596049565210958,2.46629202529759,2.230815021675598,2.0150362085468285,2.668022693496191,2.545410035081609,2.076932309047646
2026-06-17,4.813766944068937,1.9649781324276412,2.4706972259891344,2.2380386990806587,2.0176636520634905,2.675468636351947,2.5510974554698316,2.0835143223537558
2026-06-18,4.840864375063334,1.972137892977002,2.491715519424443,2.237872878095476,2.0291058946127465,2.6884864136020576,2.5563469710695137,2.08475361170237
2026-06-19,4.828758236054956,1.96529881213572,2.483625215738912,2.2319284938458104,2.0197001801081664,2.6872244915398658,2.5469264212369307,2.081261578538054
2026-06-22,4.862459805856936,1.9624057717628707,2.4905817857686996,2.2280687438139015,2.019101812334879,2.711221596294504,2.5413507356206257,2.077426838415696
2026-06-23,4.775622381059955,1.9362402554730862,2.4570142775494803,2.1969263249860287,1.9953725708644845,2.6764311204719404,2.506205302318773,2.0482501718361505
2026-06-24,4.769612903014154,1.935815811354444,2.450209778894045,2.1983864307723193,1.9907875642897448,2.6529219467289744,2.506471847232841,2.0485720163342593
2026-06-25,4.820342810163551,1.9468842635257235,2.4733548716378784,2.21531785343269,2.007030748802737,2.6865594175980756,2.51809844492949,2.058292371651849
2026-06-26,4.800571464718384,1.9539253932783374,2.4752251881227263,2.227117972148767,2.0109192150467248,2.6822949677779793,2.5317287741484944,2.069716026025709
2026-06-29,4.8506647154624165,1.9744203776340832,2.489360243798605,2.2550784429087525,2.030026465892327,2.6993970014033484,2.561399473083477,2.0924212255960555
2026-06-30,4.8377492107513085,1.9607670132421888,2.4722385726193323,2.237929603176097,2.0175068228494992,2.694522167571595,2.54410607314937,2.0775546798803504
2026-07-01,4.83603013598644,1.949296811394846,2.4675354310997277,2.2264140551879796,2.0089230590811984,2.7038186228210503,2.528053557879639,2.069218944396134
2026-07-02,4.870975508841772,1.9679807771190816,2.4787428764592345,2.237178631090435,2.0314967015331455,2.722357342757996,2.555430953510346,2.0896924445829117
2026-07-03,4.937284171338881,1.9854640153706644,2.4974135552403554,2.2495513249537002,2.0531622763644566,2.749528700939104,2.5776240108712,2.104213007117755
2026-07-06,4.981342457595081,2.008990088983904,2.51794716624073,2.2759583006292545,2.0735525647361284,2.7659883735268282,2.609489624356996,2.128272940102439
2026-07-07,4.93796237399022,1.9984856697991784,2.5011714415626844,2.259732210328674,2.060021045558904,2.733014029458399,2.597810229514159,2.115572120342876
2026-07-08,4.885791610377648,1.9890286136020128,2.491775424887253,2.2452850333257843,2.0554813005425907,2.717470175637168,2.587626032457681,2.1071340335631263
2026-07-09,4.877233703076253,1.9811477898868677,2.485222424202372,2.239193421838229,2.047547490775206,2.7250030197753614,2.5825977137408405,2.103893760645003
2026-07-10,4.894953773037062,1.9791378673908193,2.478034849716941,2.232692666525784,2.041881916907384,2.7362571435730705,2.5781873036358802,2.1020722197679476
2026-07-13,4.858929531270547,1.9673994779336936,2.4531140797708106,2.2153254235915263,2.031478818192286,2.7065947768002383,2.5666922453525722,2.090561097230993
2026-07-14,4.8988110396584545,1.989285439242443,2.4772105298086315,2.2395239032493395,2.0537312241770453,2.7368822380298257,2.596345247911931,2.114706852179933
2026-07-15,4.9447183278367595,2.0135527861866818,2.5097829798694655,2.2664655886479372,2.077862471961452,2.770208215973183,2.625593612275978,2.1426923364529786
2026-07-16,4.901141918932311,2.002987371467719,2.4834983541393214,2.2559633942331576,2.06507049021608,2.749097573652957,2.6159300621979575,2.1348070494523728
2026-07-17,4.808066880626557,1.9825206354991811,2.4457520616402824,2.2334009150140943,2.038275819157306,2.7038224914681104,2.5928289670955578,2.114094866121417
2026-07-21,4.882194574975325,2.0095854462109886,2.4874683253747136,2.2675907716454384,2.0690277681123974,2.74337089333351,2.6282161297581936,2.1435347761629173
2026-07-22,4.892389761535719,2.017043988701697,2.502228699420775,2.285408332097547,2.0794407060066837,2.7584268073818,2.635646800664733,2.152367211517342
2026-07-23,4.8967171324101635,2.0133410824876767,2.5067041077907626,2.2812070764396406,2.0787006725632144,2.762179298034077,2.6297384340126753,2.147956159585148
2026-07-24,4.869882074939994,2.0104234356329624,2.5074156135191377,2.2736863527449476,2.076878487257283,2.750820567763445,2.62507009652493,2.141888121339201
2026-07-27,4.96313690652341,2.052702529956047,2.552849813976684,2.3218124751860243,2.1186211827730355,2.806387110906522,2.6858119968473777,2.1909258024096787
2026-07-28,4.8720749361398905,2.0413700610053525,2.5325863650270932,2.3099573938139426,2.0995873694212808,2.7766390876964024,2.675336595854208,2.1798737724177384
2026-07-29,4.884123814587745,2.0648469947410413,2.5468357550027254,2.3296632866207934,2.118334141293045,2.8049629904259628,2.713896595558426,2.2058786013460083
2026-07-30,4.8748593596035015,2.061274066332413,2.5414822106044195,2.33584673972973,2.1121704567873683,2.8013451478401143,2.710232144466927,2.206312790850947
2026-07-31,4.9062689915108875,2.0485955572883787,2.52802389518028,2.314585831443622,2.0964384656064436,2.798124316492742,2.686505228442113,2.1910669122605135
2026-08-03,4.886830302380781,2.030106234504466,2.5251372440810735,2.300498235791533,2.082775350719168,2.7867664559628653,2.661199847472409,2.171584010842044
2026-08-04,4.910216689650538,2.0217875173361803,2.5256192371698343,2.2954559153409315,2.076626931708576,2.793584238850107,2.655283422066285,2.1633031981064765
2026-08-05,5.0059201420580495,2.052429427413141,2.5658384679018846,2.3501661045835425,2.106084910311622,2.8339319036606456,2.6892645405729616,2.1943849515487557
2026-08-06,5.033684696981424,2.094649657562832,2.59347408996075,2.397534066490882,2.1563539870249966,2.8646445787358856,2.7519601746698203,2.2348897591245858
2026-08-07,5.047479464980673,2.0881843714113866,2.620257605427941,2.400308261095149,2.1577830734347927,2.8538555438194035,2.752213319351745,2.2392657973130032
2026-08-10,5.091022564774992,2.0934990325730016,2.6382443453014215,2.4052864134057597,2.1636009617924272,2.8717219672092633,2.759825286937414,2.243015023205533
2026-08-12,5.112525930601442,2.0919046916709463,2.6414203174040742,2.405554605041386,2.16697713078153,2.887924633879478,2.755992235100764,2.24054462002205
2026-08-13,5.147208473643077,2.0979270089373254,2.667148886335978,2.4197238988922294,2.1805868638601895,2.91289081635329,2.7653217366522473,2.2479199865412376
2026-08-14,5.195879427189215,2.118956769115203,2.6830951870581963,2.44857952522265,2.200618265806519,2.941916013588031,2.7954772494129343,2.270570960409113
2026-08-17,5.189758096982892,2.1150042693673097,2.6899412876209445,2.4413137547272497,2.1951357100528783,2.927328997257631,2.7857705795620813,2.2655784326148223
2026-08-18,5.165579679661726,2.1225884844201643,2.6943865829453593,2.4518167280000265,2.203347390565737,2.9354528549106975,2.796071043643141,2.2767336323913527
2026-08-19,5.047138401112275,2.0758486364989586,2.6284731273917274,2.384473672718808,2.1523993357072735,2.876455194514624,2.7400017443077647,2.2262708534541655
2026-08-20,5.1431296100276,2.1021724447499945,2.663678645006524,2.416129357139781,2.1775002581155762,2.904942338190378,2.776731738890761,2.254253260625957
2026-08-21,5.13992538833526,2.1128941314353025,2.6849452705018164,2.4306716079788124,2.1892242624823295,2.917200981278886,2.7902949330294042,2.2674980494331884
2026-08-24,5.158809338643928,2.11790532478663,2.6906200156663864,2.4409459797374553,2.194188732710449,2.9183761219757063,2.801040489654362,2.2765732993166568
2026-08-25,5.177903946574738,2.1184022207569284,2.686276509187625,2.4381933159627134,2.1985301616486406,2.9263254708235724,2.8007784155598174,2.2743900947153364
2026-08-26,5.192177732106719,2.1285117805508036,2.704040414206157,2.4507151615257756,2.2098587044652462,2.9367543827825315,2.8146689591244662,2.2869055736421404
2026-08-27,5.20469352405916,2.125445757576275,2.701320617783873,2.4426313857962265,2.2089288195144494,2.935189159995383,2.8098338047049607,2.2836494906181724
2026-08-28,5.2304000950161305,2.1318608272011454,2.70121555926848,2.450415975367353,2.216801567010585,2.9390957227219987,2.823202797132983,2.2903252385704707
2026-08-31,5.2453677875002755,2.140320113740907,2.7185306283733213,2.4666592438444948,2.2267356479576863,2.9574878720577917,2.8347766840257007,2.3018135561742157
