,市場平均(全株等ウェイト),1306 TOPIX,1321 日経225,1478 高配当MSCI,1577 高配当70,【比較】市場平均(全株等ウェイト),【比較】1306 TOPIX,【比較】1321 日経225,【比較】1478 高配当MSCI,【比較】1577 高配当70,入替あり 15銘柄,入替あり 20銘柄,入替あり 25銘柄,入替あり 20銘柄(減配ルールなし)
2016-08-31,1.0,1.0,1.0,1.0,1.0,1.0,1.0,1.0,1.0,1.0,,,,
2016-09-01,1.0042030129108122,1.0059259485315393,1.0023282887077998,1.00231884057971,1.0041088854648177,1.0042030129108122,1.0059259485315393,1.0023282887077998,1.00231884057971,1.0041088854648177,,,,
2016-09-02,1.0042146084045191,1.0088888662832756,1.0023282887077998,1.0028985507246377,1.0082177709296354,1.0042146084045191,1.0088888662832756,1.0023282887077998,1.0028985507246377,1.0082177709296354,,,,
2016-09-05,1.0081528752612234,1.0125925699869793,1.0081490104772992,1.0098550724637683,1.0118130457113508,1.0081528752612234,1.0125925699869793,1.0081490104772992,1.0098550724637683,1.0118130457113508,,,,
2016-09-06,1.019210735608044,1.0185185185185186,1.011059371362049,1.012753623188406,1.014894709809964,1.019210735608044,1.0185185185185186,1.011059371362049,1.012753623188406,1.014894709809964,,,,
2016-09-07,1.021841272816898,1.0155556007667825,1.0081490104772992,0.9953623188405799,1.0133538777606574,1.021841272816898,1.0155556007667825,1.0081490104772992,0.9953623188405799,1.0133538777606574,,,,
2016-09-08,1.0206859144962133,1.0133333559389468,1.0052386495925494,1.0023188405797103,1.0066769388803287,1.0206859144962133,1.0133333559389468,1.0052386495925494,1.0023188405797103,1.0066769388803287,,,,
2016-09-09,1.0201813636812818,1.0118518970630788,1.0058207217694992,1.0017391304347827,1.0133538777606574,1.0201813636812818,1.0118518970630788,1.0058207217694992,1.0017391304347827,1.0133538777606574,,,,
2016-09-12,1.00633578674492,0.9940740514684607,0.9871944121071011,0.9895652173913044,1.0005136106831023,1.00633578674492,0.9940740514684607,0.9871944121071011,0.9895652173913044,1.0005136106831023,,,,
2016-09-13,1.0085032065036614,0.9970370822482639,0.9906868451688009,0.9918840579710145,1.002054442732409,1.0085032065036614,0.9970370822482639,0.9906868451688009,0.9918840579710145,1.002054442732409,,,,
2016-09-14,1.0019249706646516,0.9881481029369213,0.9842840512223515,0.9849275362318841,0.9964047252182847,1.0019249706646516,0.9881481029369213,0.9842840512223515,0.9849275362318841,0.9964047252182847,,,,
2016-09-15,0.9935746462067133,0.9800000226056135,0.9720605355064027,0.9727536231884059,0.9881869542886494,0.9935746462067133,0.9800000226056135,0.9720605355064027,0.9727536231884059,0.9881869542886494,,,,
2016-09-16,1.0034114787841912,0.988888888888889,0.979045401629802,0.9820289855072464,0.9892141756548538,1.0034114787841912,0.988888888888889,0.979045401629802,0.9820289855072464,0.9892141756548538,,,,
2016-09-20,1.005574729274409,0.9911111337167248,0.9761350407450523,0.9808695652173913,0.9974319465844891,1.005574729274409,0.9911111337167248,0.9761350407450523,0.9808695652173913,0.9974319465844891,,,,
2016-09-21,1.0278514624451884,1.0185185185185188,0.9959254947613503,0.9994202898550725,1.0205444273240885,1.0278514624451884,1.0185185185185188,0.9959254947613503,0.9994202898550725,1.0205444273240885,,,,
2016-09-23,1.034546704007772,1.016296273690683,0.9918509895227007,1.0005797101449276,1.0184899845916797,1.034546704007772,1.016296273690683,0.9918509895227007,1.0005797101449276,1.0184899845916797,,,,
2016-09-26,1.0268597714892531,1.005185162579572,0.978463329452852,0.9913043478260871,1.00924499229584,1.0268597714892531,1.005185162579572,0.978463329452852,0.9913043478260871,1.00924499229584,,,,
2016-09-27,1.0384743603369593,1.0155556007667828,0.9871944121071011,0.9802898550724639,1.0154083204930666,1.0384743603369593,1.0155556007667828,0.9871944121071011,0.9802898550724639,1.0154083204930666,,,,
2016-09-28,1.0340677266238105,1.0096296522352435,0.9813736903376017,0.9843478260869567,1.0092449922958402,1.0340677266238105,1.0096296522352435,0.9813736903376017,0.9843478260869567,1.0092449922958402,,,,
2016-09-29,1.0429929627257684,1.0214814362702551,0.9953434225844002,0.9924637681159423,1.0231124807395997,1.0429929627257684,1.0214814362702551,0.9953434225844002,0.9924637681159423,1.0231124807395997,,,,
2016-09-30,1.029959084035848,1.0022222448278362,0.9813736903376016,0.9918840579710148,1.011813045711351,1.029959084035848,1.0022222448278362,0.9813736903376016,0.9918840579710148,1.011813045711351,,,,
2016-10-03,1.037537312984586,1.008888866283276,0.9895227008149008,0.9930434782608699,1.0133538777606577,1.037537312984586,1.008888866283276,0.9895227008149008,0.9930434782608699,1.0133538777606577,,,,
2016-10-04,1.044951110406943,1.0162962736906833,0.9959254947613503,0.9994202898550728,1.0200308166409864,1.044951110406943,1.0162962736906833,0.9959254947613503,0.9994202898550728,1.0200308166409864,,,,
2016-10-05,1.0509774203711513,1.0229630081741903,1.0034924330616997,0.9976811594202901,1.011813045711351,1.0509774203711513,1.0229630081741903,1.0034924330616997,0.9976811594202901,1.011813045711351,,,,
2016-10-06,1.0545989878702697,1.0274073848017944,1.0075669383003492,1.013913043478261,1.0128402670775556,1.0545989878702697,1.0274073848017944,1.0075669383003492,1.013913043478261,1.0128402670775556,,,,
2016-10-07,1.051707306068012,1.0244444670500583,1.0058207217694994,1.0156521739130435,1.0274781715459684,1.051707306068012,1.0244444670500583,1.0058207217694994,1.0156521739130435,1.0274781715459684,,,,
2016-10-11,1.0557087261788418,1.0288888436776624,1.0151338766006985,1.0202898550724637,1.034227649176134,1.0557087261788418,1.0288888436776624,1.0151338766006985,1.0202898550724637,1.034227649176134,,,,
2016-10-12,1.046937379113795,1.0192593044704865,1.0052386495925494,1.0144927536231882,1.0238438374374177,1.046937379113795,1.0192593044704865,1.0052386495925494,1.0144927536231882,1.0238438374374177,,,,
2016-10-13,1.049519349776165,1.0177777325665514,0.9999999999999999,1.0150724637681159,1.0217670750896746,1.049519349776165,1.0177777325665514,0.9999999999999999,1.0150724637681159,1.0217670750896746,,,,
2016-10-14,1.0520310101064585,1.021481436270255,1.006402793946449,1.0179710144927536,1.0222862656766103,1.0520310101064585,1.021481436270255,1.006402793946449,1.0179710144927536,1.0222862656766103,,,,
2016-10-17,1.0576716450879633,1.0266667118778936,1.0087310826542488,1.0208695652173914,1.0290357433067758,1.0576716450879633,1.0266667118778936,1.0087310826542488,1.0208695652173914,1.0290357433067758,,,,
2016-10-18,1.0638532217827494,1.0288888436776622,1.0116414435389984,1.024927536231884,1.0305933150675832,1.0638532217827494,1.0288888436776622,1.0116414435389984,1.024927536231884,1.0305933150675832,,,,
2016-10-19,1.0685955179556799,1.0311110885054977,1.0133876600698484,1.0226086956521738,1.036304411523877,1.0685955179556799,1.0311110885054977,1.0133876600698484,1.0226086956521738,1.036304411523877,,,,
2016-10-20,1.0766756017447503,1.039999954788773,1.026775320139697,1.0202898550724637,1.0373427926977488,1.0766756017447503,1.039999954788773,1.026775320139697,1.0202898550724637,1.0373427926977488,,,,
2016-10-21,1.0745108637913439,1.035555578161169,1.025611175785797,1.0289855072463767,1.0357852209369414,1.0745108637913439,1.035555578161169,1.025611175785797,1.0289855072463767,1.0357852209369414,,,,
2016-10-24,1.0775267752583562,1.038518495912905,1.0279394644935969,1.0255072463768116,1.0378619832846845,1.0775267752583562,1.038518495912905,1.0279394644935969,1.0255072463768116,1.0378619832846845,,,,
2016-10-25,1.0820653863213998,1.0444444444444443,1.0366705471478461,1.0365217391304349,1.047726604436465,1.0820653863213998,1.0444444444444443,1.0366705471478461,1.0365217391304349,1.047726604436465,,,,
2016-10-26,1.0870064662035699,1.0481481481481478,1.0360884749708963,1.038840579710145,1.0529185103058232,1.0870064662035699,1.0481481481481478,1.0360884749708963,1.038840579710145,1.0529185103058232,,,,
2016-10-27,1.086854972552359,1.0496296070240159,1.0337601862630965,1.0342028985507248,1.0487649856103367,1.086854972552359,1.0496296070240159,1.0337601862630965,1.0342028985507248,1.0487649856103367,,,,
2016-10-28,1.0948170382769609,1.0555555555555551,1.0407450523864958,1.0457971014492755,1.0607063691098604,1.0948170382769609,1.0555555555555551,1.0407450523864958,1.0457971014492755,1.0607063691098604,,,,
2016-10-31,1.0945063134369533,1.0585184733072912,1.039580908032596,1.053913043478261,1.064340703218411,1.0945063134369533,1.0585184733072912,1.039580908032596,1.053913043478261,1.064340703218411,,,,
2016-11-01,1.0939526087320866,1.0585184733072912,1.0407450523864958,1.0486956521739133,1.069013418500833,1.0939526087320866,1.0585184733072912,1.0407450523864958,1.0486956521739133,1.069013418500833,,,,
2016-11-02,1.0744697000219159,1.0370370370370365,1.0227008149010477,1.0359420289855075,1.0575912255882454,1.0744697000219159,1.0370370370370365,1.0227008149010477,1.0359420289855075,1.0575912255882454,,,,
2016-11-04,1.064709349983109,1.0222222222222217,1.0081490104772992,1.0098550724637683,1.0435730797409786,1.064709349983109,1.0222222222222217,1.0081490104772992,1.0098550724637683,1.0435730797409786,,,,
2016-11-07,1.076754746541564,1.0340741192853005,1.0250291036088477,1.0266666666666668,1.0534377008927591,1.076754746541564,1.0340741192853005,1.0250291036088477,1.0266666666666668,1.0534377008927591,,,,
2016-11-08,1.07525184504797,1.034814792209201,1.0238649592549478,1.0301449275362322,1.059667987935989,1.07525184504797,1.034814792209201,1.0238649592549478,1.0301449275362322,1.059667987935989,,,,
2016-11-09,1.028359453954041,0.9888888888888885,0.9732246798603029,0.985507246376812,1.0134600256987019,1.028359453954041,0.9888888888888885,0.9732246798603029,0.985507246376812,1.0134600256987019,,,,
2016-11-10,1.0803488726978734,1.0451852303964115,1.033178114086147,1.0301449275362324,1.0690134185008335,1.0803488726978734,1.0451852303964115,1.033178114086147,1.0301449275362324,1.0690134185008335,,,,
2016-11-11,1.0744426964233496,1.0466666892722796,1.0360884749708965,1.0347826086956526,1.0752437055440631,1.0744426964233496,1.0466666892722796,1.0360884749708965,1.0347826086956526,1.0752437055440631,,,,
2016-11-14,1.0924835046611139,1.0614815040870944,1.0535506402793946,1.0446376811594207,1.0949729478476238,1.0924835046611139,1.0614815040870944,1.0535506402793946,1.0446376811594207,1.0949729478476238,,,,
2016-11-15,1.0910744377941752,1.0644444218388307,1.0535506402793946,1.0579710144927539,1.0965305196084312,1.0910744377941752,1.0644444218388307,1.0535506402793946,1.0579710144927539,1.0965305196084312,,,,
2016-11-16,1.104810172168233,1.07703699182581,1.0663562281722934,1.0724637681159424,1.1089910936948908,1.104810172168233,1.07703699182581,1.0663562281722934,1.0724637681159424,1.1089910936948908,,,,
2016-11-17,1.1081891653276308,1.0792592366536455,1.0651920838183935,1.0637681159420294,1.1131446183903773,1.1081891653276308,1.0792592366536455,1.0651920838183935,1.0637681159420294,1.1131446183903773,,,,
2016-11-18,1.1173809152118304,1.0851851851851848,1.0721769499417928,1.0776811594202902,1.113663808977313,1.1173809152118304,1.0851851851851848,1.0721769499417928,1.0776811594202902,1.113663808977313,,,,
2016-11-21,1.1264095245721164,1.0940740514684604,1.0791618160651921,1.080579710144928,1.1224900489552216,1.1264095245721164,1.0940740514684604,1.0791618160651921,1.080579710144928,1.1224900489552216,,,,
2016-11-22,1.1309578798869724,1.0985185411241316,1.0826542491268918,1.07304347826087,1.1230092395421574,1.1309578798869724,1.0985185411241316,1.0826542491268918,1.07304347826087,1.1230092395421574,,,,
2016-11-24,1.1361843071167097,1.107407407407407,1.0931315483119908,1.104347826086957,1.132873860693938,1.1361843071167097,1.107407407407407,1.0931315483119908,1.104347826086957,1.132873860693938,,,,
2016-11-25,1.1372710350753903,1.1118518970630782,1.0966239813736904,1.1089855072463775,1.1354698136286168,1.1372710350753903,1.1118518970630782,1.0966239813736904,1.1089855072463775,1.1354698136286168,,,,
2016-11-28,1.1441598879922825,1.1148148148148143,1.0942956926658907,1.1153623188405803,1.1500071500628195,1.1441598879922825,1.1148148148148143,1.0942956926658907,1.1153623188405803,1.1500071500628195,,,,
2016-11-29,1.1432355048794676,1.1148148148148143,1.091385331781141,1.1113043478260876,1.145853625367333,1.1432355048794676,1.1148148148148143,1.091385331781141,1.1113043478260876,1.145853625367333,,,,
2016-11-30,1.1467485671117839,1.1140740288628468,1.090803259604191,1.124637681159421,1.1463728159542688,1.1467485671117839,1.1140740288628468,1.090803259604191,1.124637681159421,1.1463728159542688,,,,
2016-12-01,1.1525912683323252,1.1229630081741895,1.1036088474970898,1.1275362318840587,1.1577950088668567,1.1525912683323252,1.1229630081741895,1.1036088474970898,1.1275362318840587,1.1577950088668567,,,,
2016-12-02,1.1474429274316464,1.1222222222222218,1.0983701979045402,1.117101449275363,1.1697363923663804,1.1474429274316464,1.1222222222222218,1.0983701979045402,1.117101449275363,1.1697363923663804,,,,
2016-12-05,1.1412473010677162,1.1140740288628468,1.090221187427241,1.0915942028985515,1.1557182465191134,1.1412473010677162,1.1140740288628468,1.090221187427241,1.0915942028985515,1.1557182465191134,,,,
2016-12-06,1.148151218268061,1.121481436270254,1.0948777648428405,1.0985507246376818,1.1666212488447656,1.148151218268061,1.121481436270254,1.0948777648428405,1.0985507246376818,1.1666212488447656,,,,
2016-12-07,1.1577052891654733,1.1318518744574648,1.1024447031431897,1.1113043478260876,1.1832353476267117,1.1577052891654733,1.1318518744574648,1.1024447031431897,1.1113043478260876,1.1832353476267117,,,,
2016-12-08,1.1690922398081118,1.1459259033203122,1.1181606519208382,1.1234782608695657,1.204002971104144,1.1690922398081118,1.1459259033203122,1.1181606519208382,1.1234782608695657,1.204002971104144,,,,
2016-12-09,1.1753968219286484,1.157777800383391,1.1338766006984866,1.1356521739130438,1.2200978792991541,1.1753968219286484,1.157777800383391,1.1338766006984866,1.1356521739130438,1.2200978792991541,,,,
2016-12-12,1.181040296286026,1.1622221770109953,1.1420256111757858,1.1414492753623193,1.218021116951411,1.181040296286026,1.1622221770109953,1.1420256111757858,1.1414492753623193,1.218021116951411,,,,
2016-12-13,1.1908012762154365,1.1681481255425348,1.1478463329452853,1.1408695652173917,1.2200978792991541,1.1908012762154365,1.1681481255425348,1.1478463329452853,1.1408695652173917,1.2200978792991541,,,,
2016-12-14,1.1887229768047736,1.1681481255425348,1.1472642607683352,1.1576811594202903,1.2190594981252825,1.1887229768047736,1.1681481255425348,1.1472642607683352,1.1576811594202903,1.2190594981252825,,,,
2016-12-15,1.1916608382618348,1.171111156322338,1.1490104772991852,1.1652173913043482,1.226328166342384,1.1916608382618348,1.171111156322338,1.1490104772991852,1.1652173913043482,1.226328166342384,,,,
2016-12-16,1.1983905081809663,1.1770369918258101,1.1559953434225845,1.170434782608696,1.231520072211742,1.1983905081809663,1.1770369918258101,1.1559953434225845,1.170434782608696,1.231520072211742,,,,
2016-12-19,1.197458912846084,1.1762963189019098,1.1565774155995345,1.1600000000000004,1.2278857381031913,1.197458912846084,1.1762963189019098,1.1565774155995345,1.1600000000000004,1.2278857381031913,,,,
2016-12-20,1.2029295911586326,1.1770369918258103,1.1618160651920841,1.1698550724637684,1.2226938322338332,1.2029295911586326,1.1770369918258103,1.1618160651920841,1.1698550724637684,1.2226938322338332,,,,
2016-12-21,1.1955617599700388,1.1718518292462385,1.1594877764842844,1.1652173913043482,1.2221746416468975,1.1955617599700388,1.1718518292462385,1.1594877764842844,1.1652173913043482,1.2221746416468975,,,,
2016-12-22,1.1946843485188745,1.1711111563223382,1.1571594877764846,1.1652173913043482,1.215944354603668,1.1946843485188745,1.1711111563223382,1.1571594877764846,1.1652173913043482,1.215944354603668,,,,
2016-12-26,1.1960465507913964,1.1688889114945025,1.1565774155995345,1.1600000000000004,1.215425164016732,1.1960465507913964,1.1688889114945025,1.1565774155995345,1.1600000000000004,1.215425164016732,,,,
2016-12-27,1.1958552510461926,1.1659258807146993,1.1565774155995345,1.1623188405797105,1.215425164016732,1.1958552510461926,1.1659258807146993,1.1565774155995345,1.1623188405797105,1.215425164016732,,,,
2016-12-28,1.204939536171966,1.1688889114945025,1.1594877764842844,1.1634782608695655,1.2149059734297962,1.204939536171966,1.1688889114945025,1.1594877764842844,1.1634782608695655,1.2149059734297962,,,,
2016-12-29,1.1918496170493496,1.1540740966796876,1.142607683352736,1.1536231884057975,1.1982918746478504,1.1918496170493496,1.1540740966796876,1.142607683352736,1.1536231884057975,1.1982918746478504,,,,
2016-12-30,1.194349825233397,1.1525926378038196,1.1396973224679863,1.1507246376811597,1.199330255821722,1.194349825233397,1.1525926378038196,1.1396973224679863,1.1507246376811597,1.199330255821722,,,,
2017-01-04,1.2213928914633294,1.1800000226056138,1.1688009313154835,1.1571014492753626,1.2304816910378706,1.2213928914633294,1.1800000226056138,1.1688009313154835,1.1571014492753626,1.2304816910378706,,,,
2017-01-05,1.2242670603158157,1.1814814814814818,1.1653084982537838,1.1756521739130439,1.2315200722117423,1.2242670603158157,1.1814814814814818,1.1653084982537838,1.1756521739130439,1.2315200722117423,,,,
2017-01-06,1.2246082806238117,1.180740695529514,1.161233993015134,1.1686956521739134,1.2303778529204836,1.2246082806238117,1.180740695529514,1.161233993015134,1.1686956521739134,1.2303778529204836,,,,
2017-01-10,1.2206371585224223,1.1718518292462385,1.153667054714785,1.1594202898550727,1.2152971438187532,1.2206371585224223,1.1718518292462385,1.153667054714785,1.1594202898550727,1.2152971438187532,,,,
2017-01-11,1.2225789204515947,1.177777777777778,1.1559953434225845,1.1698550724637682,1.224137559499078,1.2225789204515947,1.177777777777778,1.1559953434225845,1.1698550724637682,1.224137559499078,,,,
2017-01-12,1.21238700388126,1.1659258807146993,1.1431897555296857,1.1582608695652175,1.2106169237526991,1.21238700388126,1.1659258807146993,1.1431897555296857,1.1582608695652175,1.2106169237526991,,,,
2017-01-13,1.219789232961337,1.1740740740740745,1.151920838183935,1.1657971014492754,1.21893731498124,1.219789232961337,1.1740740740740745,1.151920838183935,1.1657971014492754,1.21893731498124,,,,
2017-01-16,1.2085153099617676,1.1622221770109957,1.141443538998836,1.1565217391304348,1.2038566058795095,1.2085153099617676,1.1622221770109957,1.141443538998836,1.1565217391304348,1.2038566058795095,,,,
2017-01-17,1.1925163784408002,1.1451852303964125,1.1245634458672877,1.1402898550724636,1.1877358478742115,1.1925163784408002,1.1451852303964125,1.1245634458672877,1.1402898550724636,1.1877358478742115,,,,
2017-01-18,1.1948659163710649,1.1511110658998847,1.1292200232828873,1.1443478260869564,1.1924160679402658,1.1948659163710649,1.1511110658998847,1.1292200232828873,1.1443478260869564,1.1924160679402658,,,,
2017-01-19,1.205004642159843,1.1622221770109957,1.1396973224679863,1.1362318840579708,1.2043766303312933,1.205004642159843,1.1622221770109957,1.1396973224679863,1.1362318840579708,1.2043766303312933,,,,
2017-01-20,1.208900087481574,1.1651852077907991,1.1426076833527359,1.1588405797101446,1.2163371927223208,1.208900087481574,1.1651852077907991,1.1426076833527359,1.1588405797101446,1.2163371927223208,,,,
2017-01-23,1.199768012277506,1.1503703929759843,1.1292200232828873,1.148405797101449,1.1986563613616714,1.199768012277506,1.1503703929759843,1.1292200232828873,1.148405797101449,1.1986563613616714,,,,
2017-01-24,1.1969234808309424,1.1451852303964125,1.122817229336438,1.1368115942028982,1.1877358478742115,1.1969234808309424,1.1451852303964125,1.122817229336438,1.1368115942028982,1.1877358478742115,,,,
2017-01-25,1.2101670083022085,1.1548147696035884,1.1356228172293368,1.1478260869565216,1.1970962880063198,1.2101670083022085,1.1548147696035884,1.1356228172293368,1.1478260869565216,1.1970962880063198,,,,
2017-01-26,1.2234184264684989,1.1755555329499425,1.1565774155995345,1.1628985507246374,1.2246575839508613,1.2234184264684989,1.1755555329499425,1.1565774155995345,1.1628985507246374,1.2246575839508613,,,,
2017-01-27,1.2243539471064222,1.1762963189019102,1.1600698486612342,1.1698550724637677,1.2251776084026451,1.2243539471064222,1.1762963189019102,1.1600698486612342,1.1698550724637677,1.2251776084026451,,,,
2017-01-30,1.2244829065514085,1.1725926151982065,1.1559953434225847,1.1623188405797098,1.2246575839508613,1.2244829065514085,1.1725926151982065,1.1559953434225847,1.1623188405797098,1.2246575839508613,,,,
2017-01-31,1.2125616369047618,1.1562963415075236,1.1373690337601865,1.1455072463768112,1.2132170460116176,1.2125616369047618,1.1562963415075236,1.1373690337601865,1.1455072463768112,1.2132170460116176,,,,
2017-02-01,1.2195735679997746,1.1592592592592599,1.1431897555296857,1.1478260869565216,1.2111369482044823,1.2195735679997746,1.1592592592592599,1.1431897555296857,1.1478260869565216,1.2111369482044823,,,,
2017-02-02,1.206103305014295,1.1466666892722808,1.1298020954598371,1.1356521739130432,1.1898159456813462,1.206103305014295,1.1466666892722808,1.1298020954598371,1.1356521739130432,1.1898159456813462,,,,
2017-02-03,1.208113751646552,1.1511110658998849,1.1292200232828873,1.1391304347826083,1.1898159456813462,1.208113751646552,1.1511110658998849,1.1292200232828873,1.1391304347826083,1.1898159456813462,,,,
2017-02-06,1.2116909551351325,1.1555555555555561,1.132130384167637,1.140869565217391,1.1913760190366975,1.2116909551351325,1.1555555555555561,1.132130384167637,1.140869565217391,1.1913760190366975,,,,
2017-02-07,1.2070464445850206,1.15259263780382,1.129220023282887,1.1205797101449273,1.1908559945849138,1.2070464445850206,1.15259263780382,1.129220023282887,1.1205797101449273,1.1908559945849138,,,,
2017-02-08,1.2140824916051793,1.1577778003833918,1.1332945285215366,1.1298550724637677,1.1996964102652383,1.2140824916051793,1.1577778003833918,1.1332945285215366,1.1298550724637677,1.1996964102652383,,,,
2017-02-09,1.2100499403741523,1.1511110658998849,1.128637951105937,1.1310144927536228,1.1934561168438327,1.2100499403741523,1.1511110658998849,1.128637951105937,1.1310144927536228,1.1934561168438327,,,,
2017-02-10,1.2307739420532606,1.175555532949943,1.1559953434225843,1.1480886313740575,1.216857217174104,1.2307739420532606,1.175555532949943,1.1559953434225843,1.1480886313740575,1.216857217174104,,,,
2017-02-13,1.240105937648644,1.1814814814814822,1.1618160651920835,1.1533875019803994,1.2236175350472933,1.240105937648644,1.1814814814814822,1.1618160651920835,1.1533875019803994,1.2236175350472933,,,,
2017-02-14,1.2359958443170105,1.1681481255425354,1.1490104772991847,1.153976265381104,1.2199773638848066,1.2359958443170105,1.1681481255425354,1.1490104772991847,1.153976265381104,1.2199773638848066,,,,
2017-02-15,1.2455920708767654,1.1800000226056142,1.1594877764842837,1.1610414261895599,1.2314179018240503,1.2455920708767654,1.1800000226056142,1.1594877764842837,1.1610414261895599,1.2314179018240503,,,,
2017-02-16,1.2449635443880813,1.1777777777777785,1.1536670547147843,1.1604526627888552,1.229857828468699,1.2449635443880813,1.1777777777777785,1.1536670547147843,1.1604526627888552,1.229857828468699,,,,
2017-02-17,1.2436504074633292,1.173333288122107,1.1484284051222349,1.15220997517899,1.2246575839508609,1.2436504074633292,1.173333288122107,1.1484284051222349,1.15220997517899,1.2246575839508609,,,,
2017-02-20,1.2460895292317358,1.1748148600260422,1.1490104772991847,1.1545650287818088,1.2272577062097798,1.2460895292317358,1.1748148600260422,1.1490104772991847,1.1545650287818088,1.2272577062097798,,,,
2017-02-21,1.2527757218433102,1.181481481481482,1.155995343422584,1.1616301895902645,1.2334979996311854,1.2527757218433102,1.181481481481482,1.155995343422584,1.1616301895902645,1.2334979996311854,,,,
2017-02-22,1.2526004867498333,1.18296294035735,1.155995343422584,1.1633964797923786,1.2360981218901044,1.2526004867498333,1.18296294035735,1.155995343422584,1.1633964797923786,1.2360981218901044,,,,
2017-02-23,1.253144328380056,1.18296294035735,1.156577415599534,1.162807716391674,1.2350580729865368,1.253144328380056,1.18296294035735,1.156577415599534,1.162807716391674,1.2350580729865368,,,,
2017-02-24,1.250553491762607,1.1777777777777783,1.1525029103608844,1.1598638993881507,1.2340180240829692,1.250553491762607,1.1777777777777783,1.1525029103608844,1.1598638993881507,1.2340180240829692,,,,
2017-02-27,1.2416805756649705,1.1659258807146995,1.1443538998835852,1.1474998679733532,1.2178972660776712,1.2416805756649705,1.1659258807146995,1.1443538998835852,1.1474998679733532,1.2178972660776712,,,,
2017-02-28,1.246098239880083,1.1674074526186347,1.1426076833527352,1.1469111045726486,1.2178972660776712,1.246098239880083,1.1674074526186347,1.1426076833527352,1.1469111045726486,1.2178972660776712,,,,
2017-03-01,1.2563251179284431,1.1807406955295143,1.1589057043073336,1.1586863725867416,1.229337804016915,1.2563251179284431,1.1807406955295143,1.1589057043073336,1.1586863725867416,1.229337804016915,,,,
2017-03-02,1.2657569694976891,1.189629674840857,1.1676367869615827,1.1710504040015393,1.2433784642150778,1.2657569694976891,1.189629674840857,1.1676367869615827,1.1710504040015393,1.2433784642150778,,,,
2017-03-03,1.2618117210565316,1.1837037263093177,1.1629802095459831,1.1657515333951975,1.2340180240829695,1.2618117210565316,1.1837037263093177,1.1629802095459831,1.1657515333951975,1.2340180240829695,,,,
2017-03-06,1.2632975356978922,1.1807406955295146,1.1577415599534338,1.1610414261895603,1.2386982441490237,1.2632975356978922,1.1807406955295146,1.1577415599534338,1.1610414261895603,1.2386982441490237,,,,
2017-03-07,1.2628636340118382,1.1807406955295146,1.1548311990686841,1.1663402967959022,1.2366181463418886,1.2628636340118382,1.1807406955295146,1.1548311990686841,1.1663402967959022,1.2366181463418886,,,,
2017-03-08,1.2619650168998116,1.177036991825811,1.1501746216530846,1.1657515333951975,1.2314179018240505,1.2619650168998116,1.177036991825811,1.1501746216530846,1.1657515333951975,1.2314179018240505,,,,
2017-03-09,1.2677509920620336,1.1814814814814822,1.1536670547147843,1.1704616406008348,1.2340180240829695,1.2677509920620336,1.1814814814814822,1.1536670547147843,1.1704616406008348,1.2340180240829695,,,,
2017-03-10,1.278693934189149,1.1977777551721651,1.1705471478463325,1.1840031988170416,1.2490987331846999,1.278693934189149,1.1977777551721651,1.1705471478463325,1.1840031988170416,1.2490987331846999,,,,
2017-03-13,1.2780624406252696,1.1977777551721651,1.1717112922002324,1.183414435416337,1.2511788309918352,1.2780624406252696,1.1977777551721651,1.1717112922002324,1.183414435416337,1.2511788309918352,,,,
2017-03-14,1.2790970497658412,1.196296296296297,1.1705471478463325,1.1845919622177463,1.2532589287989706,1.2790970497658412,1.196296296296297,1.1705471478463325,1.1845919622177463,1.2532589287989706,,,,
2017-03-15,1.2710149498989454,1.1940740514684616,1.1693830034924326,1.1904795962247927,1.2490987331847,1.2710149498989454,1.1940740514684616,1.1693830034924326,1.1904795962247927,1.2490987331847,,,,
2017-03-16,1.2771428310290782,1.194814837420429,1.1693830034924326,1.1845919622177463,1.2480586842811325,1.2771428310290782,1.194814837420429,1.1693830034924326,1.1845919622177463,1.2480586842811325,,,,
2017-03-17,1.2743011862422668,1.1896296748408572,1.1653084982537831,1.1792930916114044,1.2459785864739972,1.2743011862422668,1.1896296748408572,1.1653084982537831,1.1792930916114044,1.2459785864739972,,,,
2017-03-21,1.2770226119170853,1.186666644061054,1.1618160651920835,1.1763492746078812,1.2412983664079429,1.2770226119170853,1.186666644061054,1.1618160651920835,1.1763492746078812,1.2412983664079429,,,,
2017-03-22,1.252437493701177,1.1622221770109962,1.1379511059371359,1.1533875019804,1.206456728138428,1.252437493701177,1.1622221770109962,1.1379511059371359,1.1533875019804,1.206456728138428,,,,
2017-03-23,1.2511220469538644,1.1637037489149313,1.1408614668218855,1.1575088457853326,1.208536825945563,1.2511220469538644,1.1637037489149313,1.1408614668218855,1.1575088457853326,1.208536825945563,,,,
2017-03-24,1.2621578942060883,1.172592615198207,1.1495925494761348,1.1610414261895605,1.2178972660776715,1.2621578942060883,1.172592615198207,1.1495925494761348,1.1610414261895605,1.2178972660776715,,,,
2017-03-27,1.2470919544963173,1.1585184733072924,1.1338766006984864,1.1580976091860373,1.208016801493779,1.2470919544963173,1.1585184733072924,1.1338766006984864,1.1580976091860373,1.208016801493779,,,,
2017-03-28,1.2657003729058478,1.1740740740740747,1.1449359720605354,1.1616301895902652,1.2142570949151847,1.2657003729058478,1.1740740740740747,1.1449359720605354,1.1616301895902652,1.2142570949151847,,,,
2017-03-29,1.2760996122013246,1.18296294035735,1.1548311990686846,1.1633964797923793,1.213737070463401,1.2760996122013246,1.18296294035735,1.1548311990686846,1.1633964797923793,1.213737070463401,,,,
2017-03-30,1.26339176689287,1.1696295844184033,1.1449359720605357,1.1616301895902654,1.2033365814277248,1.26339176689287,1.1696295844184033,1.1449359720605357,1.1616301895902654,1.2033365814277248,,,,
2017-03-31,1.2508796024454516,1.1592592592592599,1.1373690337601863,1.1516212117782865,1.1965762635545354,1.2508796024454516,1.1592592592592599,1.1373690337601863,1.1516212117782865,1.1965762635545354,,,,
2017-04-03,1.254461021507428,1.162222177010996,1.141443538998836,1.157508845785333,1.1939761412956165,1.254461021507428,1.162222177010996,1.141443538998836,1.157508845785333,1.1939761412956165,,,,
2017-04-04,1.2369490378743766,1.1548147696035884,1.130384167636787,1.1427897607677169,1.1799354810974536,1.2369490378743766,1.1548147696035884,1.130384167636787,1.1427897607677169,1.1799354810974536,,,,
2017-04-05,1.236280447064282,1.1533333107277204,1.1344586728754364,1.1416122339663075,1.1102522045584238,1.236280447064282,1.1533333107277204,1.1344586728754364,1.1416122339663075,1.1102522045584238,,,,
2017-04-06,1.2118431736007635,1.1370370370370375,1.118742724097788,1.125715622147282,1.1482139895386416,1.2118431736007635,1.1370370370370375,1.118742724097788,1.125715622147282,1.1482139895386416,,,,
2017-04-07,1.2205708752305,1.1429629855685768,1.1233993015133876,1.132192019555033,1.171771097204448,1.2205708752305,1.1429629855685768,1.1233993015133876,1.132192019555033,1.171771097204448,,,,
2017-04-10,1.2302347379255392,1.1511110658998847,1.1309662398137368,1.1386684169627843,1.181250593721158,1.2302347379255392,1.1511110658998847,1.1309662398137368,1.1386684169627843,1.181250593721158,,,,
2017-04-11,1.222792381818183,1.147407362196181,1.1263096623981372,1.1321920195550332,1.1770374841581757,1.222792381818183,1.147407362196181,1.1263096623981372,1.1321920195550332,1.1770374841581757,,,,
2017-04-12,1.2066189001502978,1.1348147922092018,1.1152502910360884,1.1239493319451683,1.1628182393831104,1.2066189001502978,1.1348147922092018,1.1152502910360884,1.1239493319451683,1.1628182393831104,,,,
2017-04-13,1.202466113641496,1.1244444670500584,1.1088474970896391,1.114529117533894,1.1559719363432641,1.202466113641496,1.1244444670500584,1.1088474970896391,1.114529117533894,1.1559719363432641,,,,
2017-04-14,1.1903831962351026,1.1199999773943872,1.10128055878929,1.108052720126143,1.1491256333034179,1.1903831962351026,1.1199999773943872,1.10128055878929,1.108052720126143,1.1491256333034179,,,,
2017-04-17,1.2007621691572243,1.125185139973959,1.1041909196740398,1.1086414835268477,1.1507055493895364,1.2007621691572243,1.125185139973959,1.1041909196740398,1.1086414835268477,1.1507055493895364,,,,
2017-04-18,1.2094881815951373,1.1281481707537624,1.1071012805587896,1.1133515907324847,1.1586051298201283,1.2094881815951373,1.1281481707537624,1.1071012805587896,1.1133515907324847,1.1586051298201283,,,,
2017-04-19,1.213322344225823,1.1296296296296304,1.1088474970896394,1.1098190103282568,1.1591317685155011,1.213322344225823,1.1296296296296304,1.1088474970896394,1.1098190103282568,1.1591317685155011,,,,
2017-04-20,1.2148690766116108,1.1311110885054985,1.1088474970896394,1.1139403541331894,1.1628182393831106,1.2148690766116108,1.1311110885054985,1.1088474970896394,1.1139403541331894,1.1628182393831106,,,,
2017-04-21,1.2262663258195021,1.1422221996166098,1.1199068684516884,1.1292482025515103,1.174404290681312,1.2262663258195021,1.1422221996166098,1.1199068684516884,1.1292482025515103,1.174404290681312,,,,
2017-04-24,1.234883402700194,1.1540740966796885,1.1344586728754371,1.136313363359966,1.1849370645887676,1.234883402700194,1.1540740966796885,1.1344586728754371,1.136313363359966,1.1849370645887676,,,,
2017-04-25,1.2484456320068038,1.1651852077907998,1.1466821885913858,1.148088631374059,1.19862967066846,1.2484456320068038,1.1651852077907998,1.1466821885913858,1.148088631374059,1.19862967066846,,,,
2017-04-26,1.2646456945334443,1.180740695529515,1.1583236321303847,1.1575088457853335,1.2139021928342708,1.2646456945334443,1.180740695529515,1.1583236321303847,1.1575088457853335,1.2139021928342708,,,,
2017-04-27,1.2694077779623951,1.177777777777779,1.1565774155995348,1.1651627699944938,1.2133755541388982,1.2694077779623951,1.177777777777779,1.1565774155995348,1.1651627699944938,1.2133755541388982,,,,
2017-04-28,1.2668307254056432,1.1748148600260429,1.154249126891735,1.1657515333951982,1.2102157219666616,1.2668307254056432,1.1748148600260429,1.154249126891735,1.1657515333951982,1.2102157219666616,,,,
2017-05-01,1.274974053578468,1.1814814814814827,1.1600698486612344,1.1722279308029493,1.213902192834271,1.274974053578468,1.1814814814814827,1.1600698486612344,1.1722279308029493,1.213902192834271,,,,
2017-05-02,1.2837785867396196,1.1896296748408577,1.1682188591385336,1.1810593818135189,1.221801773264863,1.2837785867396196,1.1896296748408577,1.1682188591385336,1.1810593818135189,1.221801773264863,,,,
2017-05-08,1.3126337031711492,1.2170370596426516,1.1955762514551809,1.1975447570332491,1.2486603467288748,1.3126337031711492,1.2170370596426516,1.1955762514551809,1.1975447570332491,1.2486603467288748,,,,
2017-05-09,1.313902846851656,1.2133333559389479,1.1926658905704313,1.199311047235363,1.2428673210797743,1.313902846851656,1.2133333559389479,1.1926658905704313,1.199311047235363,1.2428673210797743,,,,
2017-05-10,1.318900183440336,1.216296273690684,1.1973224679860308,1.199311047235363,1.24392059847052,1.318900183440336,1.216296273690684,1.1973224679860308,1.199311047235363,1.24392059847052,,,,
2017-05-11,1.3199871937581813,1.217777732566552,1.2002328288707806,1.1987222838346583,1.246553791947384,1.3199871937581813,1.217777732566552,1.2002328288707806,1.1987222838346583,1.246553791947384,,,,
2017-05-12,1.3134701818155503,1.2125925699869802,1.1949941792782313,1.204609917841705,1.2402341276029105,1.3134701818155503,1.2125925699869802,1.1949941792782313,1.204609917841705,1.2402341276029105,,,,
2017-05-15,1.3143218511073487,1.2118518970630796,1.1938300349243314,1.194600940029726,1.2402341276029105,1.3143218511073487,1.2118518970630796,1.1938300349243314,1.194600940029726,1.2402341276029105,,,,
2017-05-16,1.3195253613855338,1.2148148148148157,1.197904540162981,1.1998998106360677,1.2402341276029105,1.3195253613855338,1.2148148148148157,1.197904540162981,1.1998998106360677,1.2402341276029105,,,,
2017-05-17,1.3151154674171535,1.2103703251591444,1.1909196740395818,1.1940121766290213,1.2349677406491826,1.3151154674171535,1.2103703251591444,1.1909196740395818,1.1940121766290213,1.2349677406491826,,,,
2017-05-18,1.3018080452827216,1.193333378544561,1.1757857974388832,1.1822369086149283,1.2181153023972535,1.3018080452827216,1.193333378544561,1.1757857974388832,1.1822369086149283,1.2181153023972535,,,,
2017-05-19,1.3059045351933831,1.1970370822482646,1.1786961583236328,1.182825672015633,1.2233816893509815,1.3059045351933831,1.1970370822482646,1.1786961583236328,1.182825672015633,1.2233816893509815,,,,
2017-05-22,1.3150938815488595,1.2022222448278364,1.1839348079161824,1.1816481452142236,1.2302279923908277,1.3150938815488595,1.2022222448278364,1.1839348079161824,1.1816481452142236,1.2302279923908277,,,,
2017-05-23,1.3162900652134766,1.2007407859519683,1.1798603026775327,1.1816481452142236,1.2281214376093366,1.3162900652134766,1.2007407859519683,1.1798603026775327,1.1816481452142236,1.2281214376093366,,,,
2017-05-24,1.3265614100729515,1.2088888662832762,1.186845168800932,1.1857694890191561,1.231807908476946,1.3265614100729515,1.2088888662832762,1.186845168800932,1.1857694890191561,1.231807908476946,,,,
2017-05-25,1.327999012220946,1.2103703251591442,1.1903376018626315,1.1875357792212702,1.2328611858676914,1.327999012220946,1.2103703251591442,1.1903376018626315,1.1875357792212702,1.2328611858676914,,,,
2017-05-26,1.3193981262118901,1.2051851625795724,1.184516880093132,1.1881245426219746,1.2297013536954549,1.3193981262118901,1.2051851625795724,1.184516880093132,1.1881245426219746,1.2297013536954549,,,,
2017-05-29,1.320762912906342,1.2051851625795724,1.1833527357392322,1.184003198817042,1.2275947989139637,1.320762912906342,1.2051851625795724,1.1833527357392322,1.184003198817042,1.2275947989139637,,,,
2017-05-30,1.3251167631875254,1.2066666214554405,1.1833527357392322,1.1822369086149283,1.2270681602185909,1.3251167631875254,1.2066666214554405,1.1833527357392322,1.1822369086149283,1.2270681602185909,,,,
2017-05-31,1.3229433791229377,1.2014814588758687,1.1816065192083822,1.1934234132283166,1.2218017732648632,1.3229433791229377,1.2014814588758687,1.1816065192083822,1.1934234132283166,1.2218017732648632,,,,
2017-06-01,1.3400784379907427,1.2170370596426512,1.193247962747381,1.1993110472353632,1.2312812697815734,1.3400784379907427,1.2170370596426512,1.193247962747381,1.1993110472353632,1.2312812697815734,,,,
2017-06-02,1.356733275709614,1.2355555781611696,1.214202561117579,1.227571690469186,1.2534000949872304,1.356733275709614,1.2355555781611696,1.214202561117579,1.227571690469186,1.2534000949872304,,,,
2017-06-05,1.3592058511386464,1.2355555781611696,1.2124563445867291,1.2128526054515698,1.249186985424248,1.3592058511386464,1.2355555781611696,1.2124563445867291,1.2128526054515698,1.249186985424248,,,,
2017-06-06,1.345467139747299,1.225185139973959,1.20139697322468,1.2022548642388862,1.2354943793445556,1.345467139747299,1.225185139973959,1.20139697322468,1.2022548642388862,1.2354943793445556,,,,
2017-06-07,1.3512424987176272,1.2244444670500587,1.2008149010477303,1.1940121766290213,1.2386542115167922,1.3512424987176272,1.2244444670500587,1.2008149010477303,1.1940121766290213,1.2386542115167922,,,,
2017-06-08,1.3476340846609756,1.220740763346355,1.1979045401629806,1.2034323910402955,1.2370742954306737,1.3476340846609756,1.220740763346355,1.1979045401629806,1.2034323910402955,1.2370742954306737,,,,
2017-06-09,1.3485178591003177,1.2214814362702555,1.20372526193248,1.1951897034304304,1.2339144632584371,1.3485178591003177,1.2214814362702555,1.20372526193248,1.1951897034304304,1.2339144632584371,,,,
2017-06-12,1.347826087618379,1.2199999773943875,1.1973224679860306,1.2057874446431138,1.239180850212165,1.347826087618379,1.2199999773943875,1.1973224679860306,1.2057874446431138,1.239180850212165,,,,
2017-06-13,1.3501541018994727,1.222222222222223,1.1967403958090808,1.192245886426907,1.236547656735301,1.3501541018994727,1.222222222222223,1.1967403958090808,1.192245886426907,1.236547656735301,,,,
2017-06-14,1.3489480109352592,1.2199999773943873,1.196158323632131,1.1981335204339534,1.239180850212165,1.3489480109352592,1.2199999773943873,1.196158323632131,1.1981335204339534,1.239180850212165,,,,
2017-06-15,1.346207839705615,1.2177777325665518,1.1932479627473813,1.1993110472353627,1.2339144632584371,1.346207839705615,1.2177777325665518,1.1932479627473813,1.1993110472353627,1.2339144632584371,,,,
2017-06-16,1.3510047132238798,1.225925925925927,1.1996507566938306,1.198722283834658,1.2376009341260468,1.3510047132238798,1.225925925925927,1.1996507566938306,1.198722283834658,1.2376009341260468,,,,
2017-06-19,1.3635115862609266,1.2325925473813668,1.20721769499418,1.2010773374374766,1.2381275728214196,1.3635115862609266,1.2325925473813668,1.20721769499418,1.2010773374374766,1.2381275728214196,,,,
2017-06-20,1.3755275601804613,1.2399999547887743,1.2159487776484292,1.2028436276395904,1.2486603467288753,1.3755275601804613,1.2399999547887743,1.2159487776484292,1.2028436276395904,1.2486603467288753,,,,
2017-06-21,1.3717552832121613,1.2362962510850708,1.2101280558789298,1.2046099178417045,1.2486603467288753,1.3717552832121613,1.2362962510850708,1.2101280558789298,1.2046099178417045,1.2486603467288753,,,,
2017-06-22,1.3743655007462212,1.2348147922092028,1.20896391152503,1.1998998106360672,1.2460271532520113,1.3743655007462212,1.2348147922092028,1.20896391152503,1.1998998106360672,1.2460271532520113,,,,
2017-06-23,1.371259937118255,1.2370370370370383,1.2101280558789296,1.2010773374374764,1.2444472371658928,1.371259937118255,1.2370370370370383,1.2101280558789296,1.2010773374374764,1.2444472371658928,,,,
2017-06-26,1.3773538387429827,1.2370370370370383,1.2112922002328295,1.1981335204339532,1.246553791947384,1.3773538387429827,1.2370370370370383,1.2112922002328295,1.1981335204339532,1.246553791947384,,,,
2017-06-27,1.3837095776980772,1.2414815266927097,1.2153667054714792,1.1987222838346578,1.2507669015103662,1.3837095776980772,1.2414815266927097,1.2153667054714792,1.1987222838346578,1.2507669015103662,,,,
2017-06-28,1.373132831380678,1.2399999547887746,1.2124563445867296,1.2063762080438183,1.2549800110733487,1.373132831380678,1.2399999547887746,1.2124563445867296,1.2063762080438183,1.2549800110733487,,,,
2017-06-29,1.3855517106765034,1.2466666892722815,1.216530849825379,1.218740239458616,1.263932868894686,1.3855517106765034,1.2466666892722815,1.216530849825379,1.218740239458616,1.263932868894686,,,,
2017-06-30,1.3764447620864928,1.2370370370370385,1.20605355064028,1.2093200250473417,1.258666481940958,1.3764447620864928,1.2370370370370385,1.20605355064028,1.2093200250473417,1.258666481940958,,,,
2017-07-03,1.3811075213473694,1.2385184959129065,1.2066356228172301,1.2140301322529787,1.2618263141131947,1.3811075213473694,1.2385184959129065,1.2066356228172301,1.2140301322529787,1.2618263141131947,,,,
2017-07-04,1.3698727814473977,1.2370370370370385,1.2054714784633302,1.2205065296607298,1.2634062301993132,1.3698727814473977,1.2370370370370385,1.2054714784633302,1.2205065296607298,1.2634062301993132,,,,
2017-07-05,1.3798890073353425,1.24222219961661,1.1915017462165316,1.2205065296607298,1.2707791719345323,1.3798890073353425,1.24222219961661,1.1915017462165316,1.2205065296607298,1.2707791719345323,,,,
2017-07-06,1.3794919851414493,1.2207407633463554,1.1874272409778819,1.2205065296607298,1.2734123654113962,1.3794919851414493,1.2207407633463554,1.1874272409778819,1.2205065296607298,1.2734123654113962,,,,
2017-07-07,1.3730607422853844,1.2140740288628484,1.2005820721769505,1.228749217270595,1.2707791719345323,1.3730607422853844,1.2140740288628484,1.2005820721769505,1.228749217270595,1.2707791719345323,,,,
2017-07-10,1.3817208619458798,1.2400000226056145,1.209435922266751,1.225216636866367,1.2734167376712167,1.3817208619458798,1.2400000226056145,1.209435922266751,1.225216636866367,1.2734167376712167,,,,
2017-07-11,1.3925947968643189,1.2505339572605982,1.2147482323206313,1.2305155074727088,1.280801921733933,1.3925947968643189,1.2505339572605982,1.2147482323206313,1.2305155074727088,1.280801921733933,,,,
2017-07-12,1.3876061165182052,1.2445145168243459,1.2100261789394045,1.223450346664253,1.276581816555238,1.3876061165182052,1.2445145168243459,1.2100261789394045,1.223450346664253,1.276581816555238,,,,
2017-07-13,1.3871564360089255,1.243009685418102,1.2100261789394045,1.2263941636677762,1.272361711376543,1.3871564360089255,1.243009685418102,1.2100261789394045,1.2263941636677762,1.272361711376543,,,,
2017-07-14,1.3927377628783377,1.2490291258543542,1.2117969489573646,1.2328705610755273,1.2823844611759436,1.3927377628783377,1.2490291258543542,1.2117969489573646,1.2328705610755273,1.2823844611759436,,,,
2017-07-17,1.3927377628783377,1.2490291258543542,1.2117969489573646,1.2328705610755273,1.2823844611759436,1.3927377628783377,1.2490291258543542,1.2117969489573646,1.2328705610755273,1.2823844611759436,,,,
2017-07-18,1.3902006260323645,1.2437621585268623,1.2035333555402175,1.2210952930614343,1.2771093297025748,1.3902006260323645,1.2437621585268623,1.2035333555402175,1.2210952930614343,1.2771093297025748,,,,
2017-07-19,1.3942777972483404,1.2460194630418666,1.2053041255581776,1.2316930342741177,1.268669119345185,1.3942777972483404,1.2460194630418666,1.2053041255581776,1.2316930342741177,1.268669119345185,,,,
2017-07-20,1.4036989623060119,1.2535437348843625,1.212387205630018,1.2269829270684807,1.2792193822919224,1.4036989623060119,1.2535437348843625,1.212387205630018,1.2269829270684807,1.2792193822919224,,,,
2017-07-21,1.404224419553689,1.250533957260598,1.2100261789394047,1.2340480878769364,1.276581816555238,1.404224419553689,1.250533957260598,1.2100261789394047,1.2340480878769364,1.276581816555238,,,,
2017-07-24,1.4053912534600956,1.2460194630418664,1.2023528421949108,1.2152076590543877,1.272361711376543,1.4053912534600956,1.2460194630418664,1.2023528421949108,1.2152076590543877,1.272361711376543,,,,
2017-07-25,1.4019134183048136,1.2407523809030976,1.2017625855222573,1.2104975518487504,1.2702516587871955,1.4019134183048136,1.2407523809030976,1.2017625855222573,1.2104975518487504,1.2702516587871955,,,,
2017-07-26,1.4029027741765758,1.245266989933106,1.2070748955761375,1.2157964224550921,1.2702516587871955,1.4029027741765758,1.245266989933106,1.2070748955761375,1.2157964224550921,1.2702516587871955,,,,
2017-07-27,1.4052470848567111,1.249029125854354,1.2076651522487907,1.231104270873413,1.2744717639658905,1.4052470848567111,1.249029125854354,1.2076651522487907,1.231104270873413,1.2744717639658905,,,,
2017-07-28,1.4000049541221982,1.245266989933106,1.2005820721769502,1.2316930342741177,1.2670865799031743,1.4000049541221982,1.245266989933106,1.2005820721769502,1.2316930342741177,1.2670865799031743,,,,
2017-07-31,1.3970709688016767,1.2422573271206183,1.1994015588316436,1.2305155074727083,1.2665590667558375,1.3970709688016767,1.2422573271206183,1.1994015588316436,1.2305155074727083,1.2665590667558375,,,,
2017-08-01,1.396084260679783,1.2490291258543542,1.2029430988675638,1.2316930342741177,1.2728892245238799,1.396084260679783,1.2490291258543542,1.2029430988675638,1.2316930342741177,1.2728892245238799,,,,
2017-08-02,1.4034899551383593,1.2550485662906066,1.2094359222667508,1.234636851277641,1.2744717639658907,1.4034899551383593,1.2550485662906066,1.2094359222667508,1.234636851277641,1.2744717639658907,,,,
2017-08-03,1.4037192655800874,1.254296093181846,1.2053041255581771,1.2340480878769362,1.2734167376712169,1.4037192655800874,1.254296093181846,1.2053041255581771,1.2340480878769362,1.2734167376712169,,,,
2017-08-04,1.4060503062195502,1.2535437348843625,1.2005820721769502,1.2352256146783454,1.2728892245238799,1.4060503062195502,1.2535437348843625,1.2005820721769502,1.2352256146783454,1.2728892245238799,,,,
2017-08-07,1.4128456658338735,1.2588107022118544,1.2070748955761375,1.227571690469185,1.276054303407901,1.4128456658338735,1.2588107022118544,1.2070748955761375,1.227571690469185,1.276054303407901,,,,
2017-08-08,1.4130005008343802,1.25580092458809,1.2029430988675638,1.2216840564621385,1.271306685081869,1.4130005008343802,1.25580092458809,1.2029430988675638,1.2216840564621385,1.271306685081869,,,,
2017-08-09,1.3966568292745905,1.2422573271206183,1.1881866820512295,1.2157964224550921,1.2649765273138265,1.3966568292745905,1.2422573271206183,1.1881866820512295,1.2157964224550921,1.2649765273138265,,,,
2017-08-10,1.3958851317386072,1.241504854011858,1.1870061687059228,1.2205549211731161,1.2570638301037733,1.3958851317386072,1.241504854011858,1.1870061687059228,1.2205549211731161,1.2570638301037733,,,,
2017-08-11,1.3958851317386072,1.241504854011858,1.1870061687059228,1.2205549211731161,1.2570638301037733,1.3958851317386072,1.241504854011858,1.1870061687059228,1.2205549211731161,1.2570638301037733,,,,
2017-08-14,1.37999573138236,1.22871361484187,1.1752010352528555,1.2068742373587975,1.2449310277150252,1.37999573138236,1.22871361484187,1.1752010352528555,1.2068742373587975,1.2449310277150252,,,,
2017-08-15,1.3926742568821695,1.2422573271206183,1.1899574520691898,1.2300719186091638,1.2570638301037733,1.3926742568821695,1.2422573271206183,1.1899574520691898,1.2300719186091638,1.2570638301037733,,,,
2017-08-16,1.3963596921889632,1.2422573271206183,1.1881866820512297,1.2193652964936101,1.2618114484298053,1.3963596921889632,1.2422573271206183,1.1881866820512297,1.2193652964936101,1.2618114484298053,,,,
2017-08-17,1.4011123225391953,1.240000022605614,1.185235398687963,1.2169860471345981,1.2570638301037733,1.4011123225391953,1.240000022605614,1.185235398687963,1.2169860471345981,1.2570638301037733,,,,
2017-08-18,1.3867408431954058,1.2264563103268655,1.172249751889589,1.2056846126792915,1.2449310277150252,1.3867408431954058,1.2264563103268655,1.172249751889589,1.2056846126792915,1.2449310277150252,,,,
2017-08-21,1.3872768111093572,1.2257038372181053,1.1681179551810152,1.2003313016215147,1.2386008699469826,1.3872768111093572,1.2257038372181053,1.1681179551810152,1.2003313016215147,1.2386008699469826,,,,
2017-08-22,1.3902055625847252,1.224951478920622,1.1675276985083618,1.1961676152432439,1.237018330504972,1.3902055625847252,1.224951478920622,1.1675276985083618,1.1961676152432439,1.237018330504972,,,,
2017-08-23,1.3951796896605089,1.22871361484187,1.1698887251989751,1.2027105509805267,1.2401834093889932,1.3951796896605089,1.22871361484187,1.1698887251989751,1.2027105509805267,1.2401834093889932,,,,
2017-08-24,1.3939794308506814,1.2234466475143781,1.1651666718177482,1.1961676152432439,1.2359633042102982,1.3939794308506814,1.2234466475143781,1.1651666718177482,1.1961676152432439,1.2359633042102982,,,,
2017-08-25,1.3987563297877719,1.2257038372181053,1.1716594952169355,1.2021157386407737,1.241765948831004,1.3987563297877719,1.2257038372181053,1.1716594952169355,1.2021157386407737,1.241765948831004,,,,
2017-08-28,1.4042002259624509,1.2302184462481138,1.1716594952169355,1.2003313016215147,1.2428209751256778,1.4042002259624509,1.2302184462481138,1.1716594952169355,1.2003313016215147,1.2428209751256778,,,,
2017-08-29,1.4062496180147175,1.2279611417331096,1.1669374418357086,1.19735723992275,1.2370183305049722,1.4062496180147175,1.2279611417331096,1.1669374418357086,1.19735723992275,1.2370183305049722,,,,
2017-08-30,1.4129759236644226,1.2354854135756057,1.175201035252856,1.2044949879997857,1.2438760014203516,1.4129759236644226,1.2354854135756057,1.175201035252856,1.2044949879997857,1.2438760014203516,,,,
2017-08-31,1.4203027488981552,1.2422573271206183,1.183464628670003,1.2146067977755863,1.2528437249250783,1.4203027488981552,1.2422573271206183,1.183464628670003,1.2146067977755863,1.2528437249250783,,,,
2017-09-01,1.4255964974813538,1.2437621585268623,1.1858256553606166,1.2229341705321282,1.254426264367089,1.4255964974813538,1.2437621585268623,1.1858256553606166,1.2229341705321282,1.254426264367089,,,,
2017-09-04,1.4045642097024966,1.2317232776543579,1.1746107785802027,1.2056846126792917,1.2465135671570358,1.4045642097024966,1.2317232776543579,1.1746107785802027,1.2056846126792917,1.2465135671570358,,,,
2017-09-05,1.3819163816697082,1.2204368698906138,1.1681179551810157,1.197952052262503,1.2301606595895926,1.3819163816697082,1.2204368698906138,1.1681179551810157,1.197952052262503,1.2301606595895926,,,,
2017-09-06,1.3874800209377174,1.2234466475143784,1.1663471851630556,1.19735723992275,1.228050607000245,1.3874800209377174,1.2234466475143784,1.1663471851630556,1.19735723992275,1.228050607000245,,,,
2017-09-07,1.3956868373381455,1.2279611417331098,1.1681179551810155,1.2062794250190445,1.2343807647682876,1.3956868373381455,1.2279611417331098,1.1681179551810155,1.2062794250190445,1.2343807647682876,,,,
2017-09-08,1.3913760515914522,1.224951478920622,1.1604446184365216,1.2056846126792915,1.2275230938529083,1.3913760515914522,1.224951478920622,1.1604446184365216,1.2056846126792915,1.2275230938529083,,,,
2017-09-11,1.4074685979845125,1.2384951911993705,1.176971805270816,1.2140119854358333,1.2412384356836672,1.4074685979845125,1.2384951911993705,1.176971805270816,1.2140119854358333,1.2412384356836672,,,,
2017-09-12,1.4216428477265848,1.2505339572605982,1.1905477087418435,1.222934170532128,1.2491511328937204,1.4216428477265848,1.2505339572605982,1.1905477087418435,1.222934170532128,1.2491511328937204,,,,
2017-09-13,1.4317722900559484,1.2565533976968506,1.1958600187957238,1.2306667309489168,1.2560088038090997,1.4317722900559484,1.2565533976968506,1.1958600187957238,1.2306667309489168,1.2560088038090997,,,,
2017-09-14,1.4259783264448478,1.253543734884363,1.1934989921051102,1.2288822939296578,1.2560088038090997,1.4259783264448478,1.253543734884363,1.1934989921051102,1.2288822939296578,1.2560088038090997,,,,
2017-09-15,1.4356551841425553,1.2580582291030944,1.1988113021589906,1.22531341989114,1.2623389615771423,1.4356551841425553,1.2580582291030944,1.1988113021589906,1.22531341989114,1.2623389615771423,,,,
2017-09-18,1.4356551841425553,1.2580582291030944,1.1988113021589906,1.22531341989114,1.2623389615771423,1.4356551841425553,1.2580582291030944,1.1988113021589906,1.22531341989114,1.2623389615771423,,,,
2017-09-19,1.4555471503699544,1.2821358760368264,1.2212410557198183,1.2389941037054586,1.2834394874706174,1.4555471503699544,1.2821358760368264,1.2212410557198183,1.2389941037054586,1.2834394874706174,,,,
2017-09-20,1.4534057191133731,1.281383517739343,1.2224215690651252,1.2485111011415062,1.280801921733933,1.4534057191133731,1.281383517739343,1.2224215690651252,1.2485111011415062,1.280801921733933,,,,
2017-09-21,1.4540036691389764,1.2806310446305824,1.225372852428392,1.2610021602763188,1.2860770532073018,1.4540036691389764,1.2806310446305824,1.225372852428392,1.2610021602763188,1.2860770532073018,,,,
2017-09-22,1.446989179867499,1.2776213818180948,1.2218313123924718,1.2437526024234824,1.2866045663546386,1.446989179867499,1.2776213818180948,1.2218313123924718,1.2437526024234824,1.2866045663546386,,,,
2017-09-25,1.4574363322856831,1.2858980119580745,1.2271436224463521,1.2681399083533544,1.293462237270018,1.4574363322856831,1.2858980119580745,1.2271436224463521,1.2681399083533544,1.293462237270018,,,,
2017-09-26,1.4603357447330836,1.285145653660591,1.2224215690651252,1.2544592245390358,1.297154829301376,1.4603357447330836,1.285145653660591,1.2224215690651252,1.2544592245390358,1.297154829301376,,,,
2017-09-27,1.4588184017801882,1.2896601478793224,1.2289143924643122,1.2562436615582946,1.2976823424487127,1.4588184017801882,1.2896601478793224,1.2289143924643122,1.2562436615582946,1.2976823424487127,,,,
2017-09-28,1.4729238321290652,1.296432061424335,1.2348169591908458,1.2693295330328602,1.3071775791007765,1.4729238321290652,1.296432061424335,1.2348169591908458,1.2693295330328602,1.3071775791007765,,,,
2017-09-29,1.4743357076382002,1.2956795883155747,1.231865675827579,1.2621917849558244,1.3050675265114289,1.4743357076382002,1.2956795883155747,1.231865675827579,1.2621917849558244,1.3050675265114289,,,,
2017-10-02,1.4781569561893793,1.2949272300180912,1.2359974725361524,1.2633814096353302,1.3055950396587657,1.4781569561893793,1.2949272300180912,1.2359974725361524,1.2633814096353302,1.3055950396587657,,,,
2017-10-03,1.483806169752544,1.3039563332668311,1.2483928626618732,1.266950283673848,1.3140352500161556,1.483806169752544,1.3039563332668311,1.2483928626618732,1.266950283673848,1.3140352500161556,,,,
2017-10-04,1.482071142059393,1.3039563332668311,1.2495733760071799,1.2681399083533538,1.299264881890723,1.482071142059393,1.3039563332668311,1.2495733760071799,1.2681399083533538,1.299264881890723,,,,
2017-10-05,1.4758782064126221,1.3009465556430666,1.2495733760071799,1.2740880317508836,1.298737368743386,1.4758782064126221,1.3009465556430666,1.2495733760071799,1.2740880317508836,1.298737368743386,,,,
2017-10-06,1.47670728284689,1.3047086915643147,1.2542954293884068,1.2788465304689074,1.3234249840387518,1.47670728284689,1.3047086915643147,1.2542954293884068,1.2788465304689074,1.3234249840387518,,,,
2017-10-09,1.47670728284689,1.3047086915643147,1.2542954293884068,1.2788465304689074,1.3234249840387518,1.47670728284689,1.3047086915643147,1.2542954293884068,1.2788465304689074,1.3234249840387518,,,,
2017-10-10,1.4875632200671804,1.3114806051093273,1.261378509460247,1.2800361551484134,1.3170316266279365,1.4875632200671804,1.3114806051093273,1.261378509460247,1.2800361551484134,1.3170316266279365,,,,
2017-10-11,1.4870189606697752,1.3137379096243313,1.2655103061688207,1.2812257798279194,1.3212938649018133,1.4870189606697752,1.3137379096243313,1.2655103061688207,1.2812257798279194,1.3212938649018133,,,,
2017-10-12,1.4932325971992297,1.3152427410305751,1.2684615895320874,1.288363527904955,1.324490543607221,1.4932325971992297,1.3152427410305751,1.2684615895320874,1.288363527904955,1.324490543607221,,,,
2017-10-13,1.4991086271523992,1.3235193711705546,1.2820374930031149,1.2728984070713776,1.3260888829599247,1.4991086271523992,1.3235193711705546,1.2820374930031149,1.2728984070713776,1.3260888829599247,,,,
2017-10-16,1.5044813641282677,1.331796116121811,1.288530316402302,1.2960960883217438,1.335146139291913,1.5044813641282677,1.331796116121811,1.288530316402302,1.2960960883217438,1.335146139291913,,,,
2017-10-17,1.5062404831977814,1.3333009475280548,1.2926621131108758,1.3020442117192736,1.3372772584288515,1.5062404831977814,1.3333009475280548,1.2926621131108758,1.3020442117192736,1.3372772584288515,,,,
2017-10-18,1.5019185939372752,1.3355582520430591,1.2950231398014893,1.3032338363987794,1.3410067169184936,1.5019185939372752,1.3355582520430591,1.2950231398014893,1.3032338363987794,1.3410067169184936,,,,
2017-10-19,1.5015862079880684,1.3393203879643072,1.2985646798374095,1.3109663968155683,1.3426050562711975,1.5015862079880684,1.3393203879643072,1.2985646798374095,1.3109663968155683,1.3426050562711975,,,,
2017-10-20,1.501035313168445,1.338567914855547,1.299154936510063,1.3109663968155683,1.342072276486963,1.501035313168445,1.338567914855547,1.299154936510063,1.3109663968155683,1.342072276486963,,,,
2017-10-23,1.5146992867427862,1.3506067957280514,1.3139113533263973,1.31929376957211,1.3559245508770625,1.5146992867427862,1.3506067957280514,1.3139113533263973,1.31929376957211,1.3559245508770625,,,,
2017-10-24,1.5258287782468116,1.3596358989767914,1.3204041767255843,1.323457455950381,1.3633834678563472,1.5258287782468116,1.3596358989767914,1.3204041767255843,1.323457455950381,1.3633834678563472,,,,
2017-10-25,1.5201274868689212,1.3566262361643038,1.3162723800170109,1.326431517649146,1.3660473667775204,1.5201274868689212,1.3566262361643038,1.3162723800170109,1.326431517649146,1.3660473667775204,,,,
2017-10-26,1.524473268220438,1.3566262361643038,1.3174528933623177,1.3383277644442055,1.3671129263459896,1.524473268220438,1.3566262361643038,1.3174528933623177,1.3383277644442055,1.3671129263459896,,,,
2017-10-27,1.539038247343512,1.3716747798492959,1.3333898235239587,1.3413018261429703,1.37989964116762,1.539038247343512,1.3716747798492959,1.3333898235239587,1.3413018261429703,1.37989964116762,,,,
2017-10-30,1.5421049822227233,1.3694174753342916,1.3333898235239587,1.3335692657261817,1.3788340815991509,1.5421049822227233,1.3694174753342916,1.3333898235239587,1.3335692657261817,1.3788340815991509,,,,
2017-10-31,1.5443366705760184,1.3664078125218038,1.3327995668513055,1.3365433274249467,1.3724407241883356,1.5443366705760184,1.3664078125218038,1.3327995668513055,1.3365433274249467,1.3724407241883356,1.0,1.0,1.0,1.0
2017-11-01,1.5540810191787697,1.3837135459105236,1.3581806037754003,1.3526032605982772,1.3905552368523122,1.5540810191787697,1.3837135459105236,1.3581806037754003,1.3526032605982772,1.3905552368523122,1.0,1.0,1.0,1.0
2017-11-02,1.5561109779864415,1.3889806280492918,1.3658539405198942,1.3609306333548188,1.3932191357734853,1.5561109779864415,1.3889806280492918,1.3658539405198942,1.3609306333548188,1.3932191357734853,1.0,1.0,1.0,1.0
2017-11-03,1.5561109779864415,1.3889806280492918,1.3658539405198942,1.3609306333548188,1.3932191357734853,1.5561109779864415,1.3889806280492918,1.3658539405198942,1.3609306333548188,1.3932191357734853,1.0,1.0,1.0,1.0
2017-11-06,1.5534301753783306,1.3882281549405318,1.3658539405198942,1.3502240112392652,1.3857602187942009,1.5534301753783306,1.3882281549405318,1.3658539405198942,1.3502240112392652,1.3857602187942009,1.0,1.0,1.0,1.0
2017-11-07,1.5646368886277533,1.403276698625524,1.3906447207713355,1.3752061295088904,1.402809171889708,1.5646368886277533,1.403276698625524,1.3906447207713355,1.3752061295088904,1.402809171889708,1.0,1.0,1.0,1.0
2017-11-08,1.5703213843177903,1.4070388345467721,1.3894642074260288,1.3686631937716076,1.402809171889708,1.5703213843177903,1.4070388345467721,1.3894642074260288,1.3686631937716076,1.402809171889708,1.0,1.0,1.0,1.0
2017-11-09,1.567664871645228,1.404029171734284,1.3853324107174552,1.3531980729380302,1.3969485942631275,1.567664871645228,1.404029171734284,1.3853324107174552,1.3531980729380302,1.3969485942631275,1.0,1.0,1.0,1.0
2017-11-10,1.5610145736623382,1.3927427639705399,1.375298047282348,1.3531980729380302,1.3852274390099661,1.5610145736623382,1.3927427639705399,1.375298047282348,1.3531980729380302,1.3852274390099661,1.0,1.0,1.0,1.0
2017-11-13,1.5517557283522716,1.3807038830980356,1.3558195770847867,1.3478447618802534,1.373506283756805,1.5517557283522716,1.3807038830980356,1.3558195770847867,1.3478447618802534,1.373506283756805,1.0,1.0,1.0,1.0
2017-11-14,1.545056573978401,1.3769417471767875,1.3570000904300934,1.3395173891237115,1.3703096050513974,1.545056573978401,1.3769417471767875,1.3570000904300934,1.3395173891237115,1.3703096050513974,1.0,1.0,1.0,1.0
2017-11-15,1.508065795090858,1.3506067957280512,1.3363411068872255,1.32524189296964,1.344203395623902,1.508065795090858,1.3506067957280512,1.3363411068872255,1.32524189296964,1.344203395623902,1.0,1.0,1.0,1.0
2017-11-16,1.5257057522677684,1.3649028663042833,1.3552293204121335,1.325836705309393,1.349531193466248,1.5257057522677684,1.3649028663042833,1.3552293204121335,1.325836705309393,1.349531193466248,1.0,1.0,1.0,1.0
2017-11-17,1.5297858049089719,1.3656553394130433,1.3581806037754003,1.3311900163671697,1.3511295328189517,1.5297858049089719,1.3656553394130433,1.3581806037754003,1.3311900163671697,1.3511295328189517,1.0,1.0,1.0,1.0
2017-11-20,1.5361751917469801,1.361140730383035,1.3493267536855997,1.3145352708540863,1.3505967530347172,1.5361751917469801,1.361140730383035,1.3493267536855997,1.3145352708540863,1.3505967530347172,1.0,1.0,1.0,1.0
2017-11-21,1.547691920780769,1.3716747798492954,1.3599513737933604,1.317509332552851,1.3596540093667056,1.547691920780769,1.3716747798492954,1.3599513737933604,1.317509332552851,1.3596540093667056,1.0,1.0,1.0,1.0
2017-11-22,1.553773164826467,1.3761892740680273,1.365853940519894,1.3294055793479107,1.361785128503644,1.553773164826467,1.3761892740680273,1.365853940519894,1.3294055793479107,1.361785128503644,1.0,1.0,1.0,1.0
2017-11-23,1.553773164826467,1.3761892740680273,1.365853940519894,1.3294055793479107,1.361785128503644,1.553773164826467,1.3761892740680273,1.365853940519894,1.3294055793479107,1.361785128503644,1.0,1.0,1.0,1.0
2017-11-24,1.5572004202369105,1.3799514099892751,1.365853940519894,1.3347588904056875,1.3607195689351748,1.5572004202369105,1.3799514099892751,1.365853940519894,1.3347588904056875,1.3607195689351748,1.0,1.0,1.0,1.0
2017-11-27,1.5581250116608005,1.376189274068027,1.3634929138292804,1.3282159546684047,1.3553917710928287,1.5581250116608005,1.376189274068027,1.3634929138292804,1.3282159546684047,1.3553917710928287,1.0,1.0,1.0,1.0
2017-11-28,1.55331427915605,1.372427138146779,1.362902657156627,1.3282159546684047,1.3484656338977787,1.55331427915605,1.372427138146779,1.362902657156627,1.3282159546684047,1.3484656338977787,1.0,1.0,1.0,1.0
2017-11-29,1.565649562069463,1.3829611876130392,1.369395480555814,1.3252418929696397,1.3596540093667053,1.565649562069463,1.3829611876130392,1.369395480555814,1.3252418929696397,1.3596540093667053,1.0,1.0,1.0,1.0
2017-11-30,1.57237210217084,1.3889806280492911,1.3782493306456143,1.3282159546684045,1.3761701826779782,1.57237210217084,1.3889806280492911,1.3782493306456143,1.3282159546684045,1.3761701826779782,1.0,1.0,1.0,1.0
2017-12-01,1.57454618324212,1.3927427639705392,1.3835616406994946,1.338327764444205,1.3783013018149164,1.57454618324212,1.3927427639705392,1.3835616406994946,1.338327764444205,1.3783013018149164,1.0,1.0,1.0,1.0
2017-12-04,1.5663448129069164,1.381456356206795,1.3770688173003076,1.3502240112392647,1.3809652007360893,1.5663448129069164,1.381456356206795,1.3770688173003076,1.3502240112392647,1.3809652007360893,1.0,1.0,1.0,1.0
2017-12-05,1.569184863292015,1.3867233235342873,1.3705759939011204,1.3502240112392647,1.3804324209518548,1.569184863292015,1.3867233235342873,1.3705759939011204,1.3502240112392647,1.3804324209518548,1.0,1.0,1.0,1.0
2017-12-06,1.5490131531431734,1.3671601708192866,1.3440144436317187,1.3323796410466753,1.3655145869932859,1.5490131531431734,1.3671601708192866,1.3440144436317187,1.3323796410466753,1.3655145869932859,1.0,1.0,1.0,1.0
2017-12-07,1.57136166036357,1.382208714504279,1.3629026571566265,1.338922576783958,1.3703096050513972,1.57136166036357,1.382208714504279,1.3629026571566265,1.338922576783958,1.3703096050513972,1.0,1.0,1.0,1.0
2017-12-08,1.5846457827356015,1.3965048998917875,1.382971384026841,1.3531980729380295,1.3857602187942006,1.5846457827356015,1.3965048998917875,1.382971384026841,1.3531980729380295,1.3857602187942006,1.0,1.0,1.0,1.0
2017-12-11,1.5932837558596484,1.4032766986255234,1.3900544640986812,1.3561721346367943,1.3942846953419543,1.5932837558596484,1.4032766986255234,1.3900544640986812,1.3561721346367943,1.3942846953419543,1.0,1.0,1.0,1.0
2017-12-12,1.5925958090253323,1.4047815300317672,1.386512924062761,1.368068381431854,1.4012108325370043,1.5925958090253323,1.4047815300317672,1.386512924062761,1.368068381431854,1.4012108325370043,1.0,1.0,1.0,1.0
2017-12-13,1.5883732933105734,1.4025242255167631,1.3788395873182673,1.3555773222970413,1.409735309084758,1.5883732933105734,1.4025242255167631,1.3788395873182673,1.3555773222970413,1.409735309084758,1.0,1.0,1.0,1.0
2017-12-14,1.596123265982465,1.398762089595515,1.375298047282347,1.3555773222970413,1.4065386303793503,1.596123265982465,1.398762089595515,1.375298047282347,1.3555773222970413,1.4065386303793503,1.0,1.0,1.0,1.0
2017-12-15,1.590175500451919,1.3889806280492911,1.3670344538652,1.3496291988995115,1.394817475126189,1.590175500451919,1.3889806280492911,1.3670344538652,1.3496291988995115,1.394817475126189,1.0,1.0,1.0,1.0
2017-12-18,1.6041179442397462,1.4077913076555313,1.3882836940807213,1.368068381431854,1.411333648437462,1.6041179442397462,1.4077913076555313,1.3882836940807213,1.368068381431854,1.411333648437462,1.0,1.0,1.0,1.0
2017-12-19,1.6007832092459253,1.4055340031405272,1.385922667390108,1.368068381431854,1.411333648437462,1.6007832092459253,1.4055340031405272,1.385922667390108,1.368068381431854,1.411333648437462,1.0,1.0,1.0,1.0
2017-12-20,1.6058219992534994,1.410048497359259,1.3871031807354146,1.3621202580343241,1.4166614462798077,1.6058219992534994,1.410048497359259,1.3871031807354146,1.3621202580343241,1.4166614462798077,1.0,1.0,1.0,1.0
2017-12-21,1.611534826105398,1.410800970468019,1.3853324107174545,1.365094319733089,1.4166614462798077,1.611534826105398,1.410800970468019,1.3853324107174545,1.365094319733089,1.4166614462798077,1.0,1.0,1.0,1.0
2017-12-22,1.615636571773561,1.4153155794980272,1.385922667390108,1.365094319733089,1.4139975473586348,1.615636571773561,1.4153155794980272,1.385922667390108,1.365094319733089,1.4139975473586348,1.0,1.0,1.0,1.0
2017-12-25,1.615401097002853,1.418325242310515,1.3894642074260282,1.365094319733089,1.4145303271428693,1.615401097002853,1.418325242310515,1.3894642074260282,1.365094319733089,1.4145303271428693,1.0,1.0,1.0,1.0
2017-12-26,1.6134624884512792,1.4153155794980272,1.3865129240627614,1.3734216924896305,1.4145303271428693,1.6134624884512792,1.4153155794980272,1.3865129240627614,1.3734216924896305,1.4145303271428693,1.0,1.0,1.0,1.0
2017-12-27,1.628214840334514,1.417572769201755,1.3888739507533747,1.3746113171691365,1.4166614462798075,1.628214840334514,1.417572769201755,1.3888739507533747,1.3746113171691365,1.4166614462798075,1.0,1.0,1.0,1.0
2017-12-28,1.620706423573949,1.4085436659530148,1.3806103573362276,1.3704476307908657,1.4139975473586346,1.620706423573949,1.4085436659530148,1.3806103573362276,1.3704476307908657,1.4139975473586346,1.0,1.0,1.0,1.0
2017-12-29,1.6230714205873795,1.407038834546771,1.3817908706815343,1.3722320678101245,1.4123992080059309,1.6230714205873795,1.407038834546771,1.3817908706815343,1.3722320678101245,1.4123992080059309,1.0,1.0,1.0,1.0
2018-01-01,1.6230714205873795,1.407038834546771,1.3817908706815343,1.3722320678101245,1.4123992080059309,1.6230714205873795,1.407038834546771,1.3817908706815343,1.3722320678101245,1.4123992080059309,1.0,1.0,1.0,1.0
2018-01-02,1.6230714205873795,1.407038834546771,1.3817908706815343,1.3722320678101245,1.4123992080059309,1.6230714205873795,1.407038834546771,1.3817908706815343,1.3722320678101245,1.4123992080059309,1.0,1.0,1.0,1.0
2018-01-03,1.6230714205873795,1.407038834546771,1.3817908706815343,1.3722320678101245,1.4123992080059309,1.6230714205873795,1.407038834546771,1.3817908706815343,1.3722320678101245,1.4123992080059309,1.0,1.0,1.0,1.0
2018-01-04,1.6548448653427787,1.4446601937592516,1.4254698644578836,1.3704476307908655,1.437972637649192,1.6548448653427787,1.4446601937592516,1.4254698644578836,1.3704476307908655,1.437972637649192,1.0,1.0,1.0,1.0
2018-01-05,1.6649275954375733,1.4559466015229958,1.4384555112562576,1.3966193737399968,1.4547019228741584,1.6649275954375733,1.4559466015229958,1.4384555112562576,1.3966193737399968,1.4547019228741584,1.0,1.0,1.0,1.0
2018-01-08,1.6649275954375733,1.4559466015229958,1.4384555112562576,1.3966193737399968,1.4547019228741584,1.6649275954375733,1.4559466015229958,1.4384555112562576,1.3966193737399968,1.4547019228741584,1.0,1.0,1.0,1.0
2018-01-09,1.6744103728337987,1.4634708733654918,1.446719104673405,1.3989986230990086,1.461103251467664,1.6744103728337987,1.4634708733654918,1.446719104673405,1.3989986230990086,1.461103251467664,1.0,1.0,1.0,1.0
2018-01-10,1.6750024404271795,1.4664805361779796,1.4425873079648313,1.4412302992214703,1.469104912209546,1.6750024404271795,1.4664805361779796,1.4425873079648313,1.4412302992214703,1.469104912209546,1.0,1.0,1.0,1.0
2018-01-11,1.674426923584592,1.4634708733654918,1.4378652545836041,1.4013778724580206,1.4696383562590047,1.674426923584592,1.4634708733654918,1.4378652545836041,1.4013778724580206,1.4696383562590047,1.0,1.0,1.0,1.0
2018-01-12,1.669031525898119,1.4544417701167518,1.4349139712203374,1.4013778724580206,1.4659042479127933,1.669031525898119,1.4544417701167518,1.4349139712203374,1.4013778724580206,1.4659042479127933,1.0,1.0,1.0,1.0
2018-01-15,1.6776020505521583,1.4597087374442437,1.4384555112562574,1.3984038107592558,1.4653708038633346,1.6776020505521583,1.4597087374442437,1.4384555112562574,1.3984038107592558,1.4653708038633346,1.0,1.0,1.0,1.0
2018-01-16,1.6813067909220363,1.4679854823954999,1.452621671399938,1.3984038107592558,1.4691049122095463,1.6813067909220363,1.4679854823954999,1.452621671399938,1.3984038107592558,1.4691049122095463,1.0,1.0,1.0,1.0
2018-01-17,1.6750488812685151,1.4649757047717356,1.4478996180187111,1.3984038107592558,1.4632370276654996,1.6750488812685151,1.4649757047717356,1.4478996180187111,1.3984038107592558,1.4632370276654996,1.0,1.0,1.0,1.0
2018-01-18,1.6611615808470046,1.4544417701167518,1.4419970512921774,1.391860875021973,1.4504343704784883,1.6611615808470046,1.4544417701167518,1.4419970512921774,1.391860875021973,1.4504343704784883,1.0,1.0,1.0,1.0
2018-01-19,1.6737667362101967,1.4627184002567315,1.443177564637484,1.39126606268222,1.4595029193192879,1.6737667362101967,1.4627184002567315,1.443177564637484,1.39126606268222,1.4595029193192879,1.0,1.0,1.0,1.0
2018-01-22,1.678258753518657,1.4672330092867398,1.444358077982791,1.4013778724580206,1.4653708038633346,1.678258753518657,1.4672330092867398,1.444358077982791,1.4013778724580206,1.4653708038633346,1.0,1.0,1.0,1.0
2018-01-23,1.6944754471149572,1.4807767215654881,1.4632462915076987,1.4162481809518452,1.4733724646052169,1.6944754471149572,1.4807767215654881,1.4632462915076987,1.4162481809518452,1.4733724646052169,1.0,1.0,1.0,1.0
2018-01-24,1.693959041384743,1.471747618316748,1.453802184745245,1.4114896822338214,1.4744393527041344,1.693959041384743,1.471747618316748,1.453802184745245,1.4114896822338214,1.4744393527041344,1.0,1.0,1.0,1.0
2018-01-25,1.6821171656055818,1.4612135688504875,1.4366847412382973,1.4007830601182678,1.4664376919622522,1.6821171656055818,1.4612135688504875,1.4366847412382973,1.4007830601182678,1.4664376919622522,1.0,1.0,1.0,1.0
2018-01-26,1.6832112743482535,1.4566990746317556,1.4343237145476837,1.396619373739997,1.4605698074182052,1.6832112743482535,1.4566990746317556,1.4343237145476837,1.396619373739997,1.4605698074182052,1.0,1.0,1.0,1.0
2018-01-29,1.6874868109511603,1.4574514329292394,1.4337334578750303,1.396619373739997,1.4632370276654993,1.6874868109511603,1.4574514329292394,1.4337334578750303,1.396619373739997,1.4632370276654993,1.0,1.0,1.0,1.0
2018-01-30,1.667119712652858,1.4393932264317595,1.4130744743321624,1.3859127516244434,1.4499009264290292,1.667119712652858,1.4393932264317595,1.4130744743321624,1.3859127516244434,1.4499009264290292,1.0,1.0,1.0,1.0
2018-01-31,1.6537940294352305,1.423592209638007,1.4030401108970552,1.3781801912076548,1.4333641608958063,1.6537940294352305,1.423592209638007,1.4030401108970552,1.3781801912076548,1.4333641608958063,1.0,1.0,1.0,1.0
2018-02-01,1.682414068802848,1.4484223296804992,1.4213380677493097,1.4001882477785152,1.4515012585774056,1.682414068802848,1.4484223296804992,1.4213380677493097,1.4001882477785152,1.4515012585774056,1.0,1.0,1.0,1.0
2018-02-02,1.6792367040967122,1.4431553623530073,1.4118939609868557,1.3966193737399974,1.4456333740333587,1.6792367040967122,1.4431553623530073,1.4118939609868557,1.3966193737399974,1.4456333740333587,1.0,1.0,1.0,1.0
2018-02-05,1.6391958509386884,1.413058274983023,1.3770688173003072,1.3746113171691372,1.4200280596593362,1.6391958509386884,1.413058274983023,1.3770688173003072,1.3746113171691372,1.4200280596593362,1.0,1.0,1.0,1.0
2018-02-06,1.5475656635203583,1.349101964321806,1.3109600699631299,1.328215954668405,1.3602823261199501,1.5475656635203583,1.349101964321806,1.3109600699631299,1.328215954668405,1.3602823261199501,1.0,1.0,1.0,1.0
2018-02-07,1.551748962356838,1.3551214047580584,1.31273083998109,1.3026390240590267,1.3682839868618322,1.551748962356838,1.3551214047580584,1.31273083998109,1.3026390240590267,1.3682839868618322,1.0,1.0,1.0,1.0
2018-02-08,1.5676291734576802,1.3656553394130422,1.328667770142731,1.3353537027454405,1.3789528678510083,1.5676291734576802,1.3656553394130422,1.328667770142731,1.3353537027454405,1.3789528678510083,1.0,1.0,1.0,1.0
2018-02-09,1.5397343012570195,1.343082523885554,1.2973841664921024,1.3026390240590267,1.3517472213286092,1.5397343012570195,1.343082523885554,1.2973841664921024,1.3026390240590267,1.3517472213286092,1.0,1.0,1.0,1.0
2018-02-12,1.5397343012570195,1.343082523885554,1.2973841664921024,1.3026390240590267,1.3517472213286092,1.5397343012570195,1.343082523885554,1.2973841664921024,1.3026390240590267,1.3517472213286092,1.0,1.0,1.0,1.0
2018-02-13,1.5283530825932286,1.330291284715566,1.2891205730749553,1.2930165751278426,1.3320097914986335,1.5283530825932286,1.330291284715566,1.2891205730749553,1.2930165751278426,1.3320097914986335,1.0,1.0,1.0,1.0
2018-02-14,1.5091307160624006,1.3190048769518217,1.2832180063484218,1.2833941261966586,1.3304094593502571,1.5091307160624006,1.3190048769518217,1.2832180063484218,1.2833941261966586,1.3304094593502571,1.0,1.0,1.0,1.0
2018-02-15,1.5246982757501895,1.3317961161218097,1.3032867332186362,1.2918137690114446,1.3304094593502571,1.5246982757501895,1.3317961161218097,1.3032867332186362,1.2918137690114446,1.3304094593502571,1.0,1.0,1.0,1.0
2018-02-16,1.5467624276187641,1.3475971329155623,1.3162723800170104,1.3050446362918227,1.344279004636186,1.5467624276187641,1.3475971329155623,1.3162723800170104,1.3050446362918227,1.344279004636186,1.0,1.0,1.0,1.0
2018-02-19,1.588072962002995,1.3761892740680262,1.3422436736137586,1.3230867280377927,1.3704177630596674,1.588072962002995,1.3761892740680262,1.3422436736137586,1.3230867280377927,1.3704177630596674,1.0,1.0,1.0,1.0
2018-02-20,1.585799805069271,1.3664078125218022,1.3298482834880379,1.3170726974558027,1.3666836547134558,1.585799805069271,1.3664078125218022,1.3298482834880379,1.3170726974558027,1.3666836547134558,1.0,1.0,1.0,1.0
2018-02-21,1.5906433684920387,1.365655339413042,1.3339800801966113,1.3140656821648078,1.363482990416703,1.5906433684920387,1.365655339413042,1.3339800801966113,1.3140656821648078,1.363482990416703,1.0,1.0,1.0,1.0
2018-02-22,1.5787077932523808,1.3521116271342937,1.3186334067076237,1.3002334118262309,1.3512137772791506,1.5787077932523808,1.3521116271342937,1.3186334067076237,1.3002334118262309,1.3512137772791506,1.0,1.0,1.0,1.0
2018-02-23,1.593456123237501,1.363398034898038,1.3280775134700777,1.314667085223007,1.3656167666145382,1.593456123237501,1.363398034898038,1.3280775134700777,1.314667085223007,1.3656167666145382,1.0,1.0,1.0,1.0
2018-02-26,1.603727733458725,1.3769417471767864,1.3446047003043722,1.3230867280377927,1.3746853154553378,1.603727733458725,1.3769417471767864,1.3446047003043722,1.3230867280377927,1.3746853154553378,1.0,1.0,1.0,1.0
2018-02-27,1.6103776828503575,1.3882281549405304,1.3575903471027462,1.3297021616779816,1.379486311900467,1.6103776828503575,1.3882281549405304,1.3575903471027462,1.3297021616779816,1.379486311900467,1.0,1.0,1.0,1.0
2018-02-28,1.602299614083708,1.370922306740534,1.3416534169411052,1.3200797127467978,1.370951207109126,1.602299614083708,1.370922306740534,1.3416534169411052,1.3200797127467978,1.370951207109126,1.0,1.0,1.0,1.0
2018-03-01,1.5793109628581659,1.3498543226192896,1.3186334067076237,1.297226396535236,1.3480131129823976,1.5793109628581659,1.3498543226192896,1.3186334067076237,1.297226396535236,1.3480131129823976,1.0,1.0,1.0,1.0
2018-03-02,1.5539511403285524,1.3257766756855576,1.2861692897116885,1.274974483381873,1.327742239102963,1.5539511403285524,1.3257766756855576,1.2861692897116885,1.274974483381873,1.327742239102963,1.0,1.0,1.0,1.0
2018-03-05,1.5325926016224405,1.3144902679218133,1.2784959529671946,1.264149228334291,1.3218743545589162,1.5325926016224405,1.3144902679218133,1.2784959529671946,1.264149228334291,1.3218743545589162,1.0,1.0,1.0,1.0
2018-03-06,1.5575903069153958,1.3295388116068056,1.299745193182716,1.277380095614669,1.3309429033997158,1.5575903069153958,1.3295388116068056,1.299745193182716,1.277380095614669,1.3309429033997158,1.0,1.0,1.0,1.0
2018-03-07,1.5474538437488383,1.3212621814668262,1.2891205730749553,1.2701632589162812,1.3234746867072926,1.5474538437488383,1.3212621814668262,1.2891205730749553,1.2701632589162812,1.3234746867072926,1.0,1.0,1.0,1.0
2018-03-08,1.5519848288360238,1.3250243173880742,1.296793909819449,1.2713660650326792,1.3336101236470097,1.5519848288360238,1.3250243173880742,1.296793909819449,1.2713660650326792,1.3336101236470097,1.0,1.0,1.0,1.0
2018-03-09,1.5569954433497937,1.3302912847155661,1.3038769898912894,1.276177289498271,1.3346770117459272,1.5569954433497937,1.3302912847155661,1.3038769898912894,1.276177289498271,1.3346770117459272,1.0,1.0,1.0,1.0
2018-03-12,1.5786114008870413,1.3513592688368106,1.325716486779464,1.296023590418838,1.3512137772791502,1.5786114008870413,1.3513592688368106,1.325716486779464,1.296023590418838,1.3512137772791502,1.0,1.0,1.0,1.0
2018-03-13,1.5922743502650882,1.3566262361643024,1.3333898235239576,1.293016575127843,1.3576151058726558,1.5922743502650882,1.3566262361643024,1.3333898235239576,1.293016575127843,1.3576151058726558,1.0,1.0,1.0,1.0
2018-03-14,1.588173629510409,1.352111627134294,1.3209944333982369,1.2960235904188382,1.352280665378068,1.588173629510409,1.352111627134294,1.3209944333982369,1.2960235904188382,1.352280665378068,1.0,1.0,1.0,1.0
2018-03-15,1.587631512701435,1.3528641002430541,1.3239457167615039,1.2936179781860422,1.3565482177737382,1.587631512701435,1.3528641002430541,1.3239457167615039,1.2936179781860422,1.3565482177737382,1.0,1.0,1.0,1.0
2018-03-16,1.5820088566334642,1.345339828400558,1.3162723800170102,1.2960235904188382,1.3496134451307737,1.5820088566334642,1.345339828400558,1.3162723800170102,1.2960235904188382,1.3496134451307737,1.0,1.0,1.0,1.0
2018-03-19,1.5612756932712395,1.3333009475280535,1.3038769898912894,1.2773800956146693,1.3341435676964684,1.5612756932712395,1.3333009475280535,1.3038769898912894,1.2773800956146693,1.3341435676964684,1.0,1.0,1.0,1.0
2018-03-20,1.5588065149568657,1.3287864533093219,1.2979744231647556,1.2755758864400724,1.3442790046361857,1.5588065149568657,1.3287864533093219,1.2979744231647556,1.2755758864400724,1.3442790046361857,1.0,1.0,1.0,1.0
2018-03-21,1.5588065149568657,1.3287864533093219,1.2979744231647556,1.2755758864400724,1.3442790046361857,1.5588065149568657,1.3287864533093219,1.2979744231647556,1.2755758864400724,1.3442790046361857,1.0,1.0,1.0,1.0
2018-03-22,1.566954930402616,1.3400728610730661,1.309779556617823,1.2833941261966593,1.338411120092139,1.566954930402616,1.3400728610730661,1.309779556617823,1.2833941261966593,1.338411120092139,1.0,1.0,1.0,1.0
2018-03-23,1.5087986560685447,1.2889077895818373,1.248983119334526,1.2388902998899336,1.3016034806794814,1.5087986560685447,1.2889077895818373,1.248983119334526,1.2388902998899336,1.3016034806794814,1.0,1.0,1.0,1.0
2018-03-26,1.5133895443677086,1.2949272300180894,1.25842722609698,1.2569323916359034,1.3021369247289403,1.5133895443677086,1.2949272300180894,1.25842722609698,1.2569323916359034,1.3021369247289403,1.0,1.0,1.0,1.0
2018-03-27,1.5529679742237321,1.3287864533093217,1.2908913430929152,1.2707646619744803,1.330409459350257,1.5529679742237321,1.3287864533093217,1.2908913430929152,1.2707646619744803,1.330409459350257,1.0,1.0,1.0,1.0
2018-03-28,1.5548191124013937,1.3295388116068052,1.2843985196937282,1.2683590497416843,1.3336101236470097,1.5548191124013937,1.3295388116068052,1.2843985196937282,1.2683590497416843,1.3336101236470097,1.0,1.0,1.0,1.0
2018-03-29,1.564420070815665,1.3317961161218095,1.2920718564382219,1.2731702742072764,1.3368107879437625,1.564420070815665,1.3317961161218095,1.2920718564382219,1.2731702742072764,1.3368107879437625,1.0,1.0,1.0,1.0
2018-03-30,1.5792726483843422,1.3430825238855535,1.3109600699631296,1.2930165751278433,1.3458793367845623,1.5792726483843422,1.3430825238855535,1.3109600699631296,1.2930165751278433,1.3458793367845623,1.0,1.0,1.0,1.0
2018-04-02,1.5737099720558008,1.3370630834493014,1.3080087865998626,1.2918137690114453,1.3373442319932214,1.5737099720558008,1.3370630834493014,1.3080087865998626,1.2918137690114453,1.3373442319932214,1.0,1.0,1.0,1.0
2018-04-03,1.5697640888325295,1.3333009475280533,1.302106219873329,1.2857997384294553,1.3352104557953863,1.5697640888325295,1.3333009475280533,1.302106219873329,1.2857997384294553,1.3352104557953863,1.0,1.0,1.0,1.0
2018-04-04,1.5778406854907194,1.334805778934297,1.3032867332186358,1.2930165751278433,1.3208074664599985,1.5778406854907194,1.334805778934297,1.3032867332186358,1.2930165751278433,1.3208074664599985,1.0,1.0,1.0,1.0
2018-04-05,1.5871162011874815,1.3498543226192894,1.3245359734341569,1.3038418301754253,1.3352104557953863,1.5871162011874815,1.3498543226192894,1.3245359734341569,1.3038418301754253,1.3352104557953863,1.0,1.0,1.0,1.0
2018-04-06,1.5828787321038735,1.345339828400558,1.31981392005293,1.3032404271172264,1.3492400342961528,1.5828787321038735,1.345339828400558,1.31981392005293,1.3032404271172264,1.3492400342961528,1.0,1.0,1.0,1.0
2018-04-09,1.5866699056881268,1.3498543226192894,1.3251262301068105,1.3044432332336244,1.356270142691283,1.5866699056881268,1.3498543226192894,1.3251262301068105,1.3044432332336244,1.356270142691283,1.0,1.0,1.0,1.0
2018-04-10,1.5905680803576405,1.3551214047580582,1.332209310178651,1.3170726974558034,1.3605963632421325,1.5905680803576405,1.3551214047580582,1.332209310178651,1.3170726974558034,1.3605963632421325,1.0,1.0,1.0,1.0
2018-04-11,1.5819567033680242,1.3498543226192894,1.325716486779464,1.3170726974558034,1.3616779183798449,1.5819567033680242,1.3498543226192894,1.325716486779464,1.3170726974558034,1.3616779183798449,1.0,1.0,1.0,1.0
2018-04-12,1.576091883168423,1.3445873552917975,1.3227652034161972,1.3062474424082215,1.356270142691283,1.576091883168423,1.3445873552917975,1.3227652034161972,1.3062474424082215,1.356270142691283,1.0,1.0,1.0,1.0
2018-04-13,1.5865133110176313,1.3536164585405375,1.3327995668513044,1.3128628760484107,1.3670856940684066,1.5865133110176313,1.3536164585405375,1.3327995668513044,1.3128628760484107,1.3670856940684066,1.0,1.0,1.0,1.0
2018-04-16,1.5896107586169745,1.358131067570546,1.3345703368692645,1.3188769066304007,1.3660041389306943,1.5896107586169745,1.358131067570546,1.3345703368692645,1.3188769066304007,1.3660041389306943,1.0,1.0,1.0,1.0
2018-04-17,1.580427271826599,1.3536164585405375,1.3357508502145712,1.3104572638156147,1.3627594735175572,1.580427271826599,1.3536164585405375,1.3357508502145712,1.3104572638156147,1.3627594735175572,1.0,1.0,1.0,1.0
2018-04-18,1.6009820022956345,1.36941747533429,1.3540488070668257,1.3230867280377938,1.3806051332898108,1.6009820022956345,1.36941747533429,1.3540488070668257,1.3230867280377938,1.3806051332898108,1.0,1.0,1.0,1.0
2018-04-19,1.6043461867161406,1.3686650022255298,1.3564098337574393,1.3230867280377938,1.381686688427523,1.6043461867161406,1.3686650022255298,1.3564098337574393,1.3230867280377938,1.381686688427523,1.0,1.0,1.0,1.0
2018-04-20,1.6079173010604504,1.3694174753342898,1.3558195770847858,1.3230867280377938,1.3806051332898106,1.6079173010604504,1.3694174753342898,1.3558195770847858,1.3230867280377938,1.3806051332898106,1.0,1.0,1.0,1.0
2018-04-23,1.6074881405907724,1.367912643928046,1.3505072670309055,1.3242895341541918,1.3870944641160847,1.6074881405907724,1.367912643928046,1.3505072670309055,1.3242895341541918,1.3870944641160847,1.0,1.0,1.0,1.0
2018-04-24,1.6204965910693367,1.3852184921280422,1.3629026571566263,1.3351147892017738,1.401154680906345,1.6204965910693367,1.3852184921280422,1.3629026571566263,1.3351147892017738,1.401154680906345,1.0,1.0,1.0,1.0
2018-04-25,1.620769945457609,1.3837135459105219,1.3581806037753994,1.338121804492769,1.3995323481997766,1.620769945457609,1.3837135459105219,1.3581806037753994,1.338121804492769,1.3995323481997766,1.0,1.0,1.0,1.0
2018-04-26,1.62562764414628,1.3867233235342864,1.364083170501933,1.336317595318172,1.394665350080071,1.62562764414628,1.3867233235342864,1.364083170501933,1.336317595318172,1.394665350080071,1.0,1.0,1.0,1.0
2018-04-27,1.6289554348505109,1.3912378177530182,1.3741175339370404,1.340527416725565,1.3941245725112148,1.6289554348505109,1.3912378177530182,1.3741175339370404,1.340527416725565,1.3941245725112148,1.0,1.0,1.0,1.0
2018-04-30,1.6289554348505109,1.3912378177530182,1.3741175339370404,1.340527416725565,1.3941245725112148,1.6289554348505109,1.3912378177530182,1.3741175339370404,1.340527416725565,1.3941245725112148,1.0,1.0,1.0,1.0
2018-05-01,1.6255789435439196,1.3874756818317702,1.3758883039550005,1.340527416725565,1.3962876827866397,1.6255789435439196,1.3874756818317702,1.3758883039550005,1.340527416725565,1.3962876827866397,1.0,1.0,1.0,1.0
2018-05-02,1.6294284284511251,1.3852184921280424,1.373527277264387,1.333911983085376,1.3979100154932083,1.6294284284511251,1.3852184921280424,1.373527277264387,1.333911983085376,1.3979100154932083,1.0,1.0,1.0,1.0
2018-05-03,1.6294284284511251,1.3852184921280424,1.373527277264387,1.333911983085376,1.3979100154932083,1.6294284284511251,1.3852184921280424,1.373527277264387,1.333911983085376,1.3979100154932083,1.0,1.0,1.0,1.0
2018-05-04,1.6294284284511251,1.3852184921280424,1.373527277264387,1.333911983085376,1.3979100154932083,1.6294284284511251,1.3852184921280424,1.373527277264387,1.333911983085376,1.3979100154932083,1.0,1.0,1.0,1.0
2018-05-07,1.6330796946780466,1.3867233235342866,1.373527277264387,1.333911983085376,1.3979100154932083,1.6330796946780466,1.3867233235342866,1.373527277264387,1.333911983085376,1.3979100154932083,1.0,1.0,1.0,1.0
2018-05-08,1.6412785629746027,1.3927427639705385,1.3770688173003072,1.329100758619784,1.4076440117326194,1.6412785629746027,1.3927427639705385,1.3770688173003072,1.329100758619784,1.4076440117326194,1.0,1.0,1.0,1.0
2018-05-09,1.636518121791144,1.3859708504255261,1.3699857372284667,1.3236881310959931,1.3995323481997768,1.636518121791144,1.3859708504255261,1.3699857372284667,1.3236881310959931,1.3995323481997768,1.0,1.0,1.0,1.0
2018-05-10,1.6385495596511117,1.3912378177530185,1.375298047282347,1.3278979525033863,1.4006139033374891,1.6385495596511117,1.3912378177530185,1.375298047282347,1.3278979525033863,1.4006139033374891,1.0,1.0,1.0,1.0
2018-05-11,1.6523342616186965,1.405534003140527,1.3924154907892947,1.3339119830853763,1.406021679026051,1.6523342616186965,1.405534003140527,1.3924154907892947,1.3339119830853763,1.406021679026051,1.0,1.0,1.0,1.0
2018-05-14,1.6590480375734489,1.413810633280507,1.3983180575158283,1.3375204014345703,1.413051787421181,1.6590480375734489,1.413810633280507,1.3983180575158283,1.3375204014345703,1.413051787421181,1.0,1.0,1.0,1.0
2018-05-15,1.660201453004072,1.412305801874263,1.394776517479908,1.3381218044927694,1.416296452834318,1.660201453004072,1.412305801874263,1.394776517479908,1.3381218044927694,1.416296452834318,1.0,1.0,1.0,1.0
2018-05-16,1.657236472688611,1.4077913076555313,1.3894642074260277,1.3411288197837645,1.4173780079720302,1.657236472688611,1.4077913076555313,1.3894642074260277,1.3411288197837645,1.4173780079720302,1.0,1.0,1.0,1.0
2018-05-17,1.6648718732008247,1.4145631063892672,1.3965472874978682,1.3513526717731474,1.429275114486866,1.6648718732008247,1.4145631063892672,1.3965472874978682,1.3513526717731474,1.429275114486866,1.0,1.0,1.0,1.0
2018-05-18,1.6698508305495292,1.419830073716759,1.401269340879095,1.3579681054133363,1.4325197799000031,1.6698508305495292,1.419830073716759,1.401269340879095,1.3579681054133363,1.4325197799000031,1.0,1.0,1.0,1.0
2018-05-21,1.6728424437411167,1.419830073716759,1.405991394260322,1.3555624931805403,1.4308974471934346,1.6728424437411167,1.419830073716759,1.405991394260322,1.3555624931805403,1.4308974471934346,1.0,1.0,1.0,1.0
2018-05-22,1.6685114455987395,1.416067937795511,1.4036303675697084,1.3495484625985503,1.4249488939360166,1.6685114455987395,1.416067937795511,1.4036303675697084,1.3495484625985503,1.4249488939360166,1.0,1.0,1.0,1.0
2018-05-23,1.6627462281136873,1.406286361438011,1.3871031807354142,1.3405274167255654,1.4146741201277493,1.6627462281136873,1.406286361438011,1.3871031807354142,1.3405274167255654,1.4146741201277493,1.0,1.0,1.0,1.0
2018-05-24,1.6453399647241147,1.3889806280492911,1.3717565072464266,1.3206811158049985,1.395206127648927,1.6453399647241147,1.3889806280492911,1.3717565072464266,1.3206811158049985,1.395206127648927,1.0,1.0,1.0,1.0
2018-05-25,1.6395585189822564,1.3859708504255266,1.3729370205917335,1.3170726974558045,1.3946653500800708,1.6395585189822564,1.3859708504255266,1.3729370205917335,1.3170726974558045,1.3946653500800708,1.0,1.0,1.0,1.0
2018-05-28,1.638515747969975,1.3852184921280428,1.373527277264387,1.3092544576992176,1.3849313538406596,1.638515747969975,1.3852184921280428,1.373527277264387,1.3092544576992176,1.3849313538406596,1.0,1.0,1.0,1.0
2018-05-29,1.6267778404139315,1.3784465785830304,1.365853940519893,1.3074502485246204,1.3762789127389607,1.6267778404139315,1.3784465785830304,1.365853940519893,1.3074502485246204,1.3762789127389607,1.0,1.0,1.0,1.0
2018-05-30,1.6056217582806351,1.3596358989767903,1.3463754703223318,1.2851983353712575,1.3595148081044193,1.6056217582806351,1.3596358989767903,1.3463754703223318,1.2851983353712575,1.3595148081044193,1.0,1.0,1.0,1.0
2018-05-31,1.615228548750667,1.3671601708192864,1.357590347102746,1.2894081567786506,1.3638410286552687,1.615228548750667,1.3671601708192864,1.357590347102746,1.2894081567786506,1.3638410286552687,1.0,1.0,1.0,1.0
2018-06-01,1.6167119967107448,1.3694174753342907,1.3546390637394792,1.2870025445458546,1.367626471637262,1.6167119967107448,1.3694174753342907,1.3546390637394792,1.2870025445458546,1.367626471637262,1.0,1.0,1.0,1.0
2018-06-04,1.6379800082810836,1.389732986346775,1.3747077906096936,1.3068488454664215,1.3843905762718032,1.6379800082810836,1.389732986346775,1.3747077906096936,1.3068488454664215,1.3843905762718032,1.0,1.0,1.0,1.0
2018-06-05,1.6358189075255796,1.3889806280492911,1.3782493306456138,1.3068488454664215,1.3827682435652346,1.6358189075255796,1.3889806280492911,1.3782493306456138,1.3068488454664215,1.3827682435652346,1.0,1.0,1.0,1.0
2018-06-06,1.6343084094434515,1.391237817753019,1.3835616406994942,1.3140656821648096,1.3854721314095153,1.6343084094434515,1.391237817753019,1.3835616406994942,1.3140656821648096,1.3854721314095153,1.0,1.0,1.0,1.0
2018-06-07,1.6477798321075963,1.399514562704275,1.395957030825215,1.3230867280377947,1.3952061276489265,1.6477798321075963,1.399514562704275,1.395957030825215,1.3230867280377947,1.3952061276489265,1.0,1.0,1.0,1.0
2018-06-08,1.6456750160406532,1.393495122268023,1.3876934374080678,1.3116600699320138,1.383849798702947,1.6456750160406532,1.393495122268023,1.3876934374080678,1.3116600699320138,1.383849798702947,1.0,1.0,1.0,1.0
2018-06-11,1.6509196031343345,1.3980097312980313,1.3947765174799083,1.3134642791066107,1.3887167968226526,1.6509196031343345,1.3980097312980313,1.3947765174799083,1.3134642791066107,1.3887167968226526,1.0,1.0,1.0,1.0
2018-06-12,1.6573074144373836,1.4032766986255232,1.4000888275337886,1.3146670852230087,1.3881760192537964,1.6573074144373836,1.4032766986255232,1.4000888275337886,1.3146670852230087,1.3881760192537964,1.0,1.0,1.0,1.0
2018-06-13,1.6629169774125594,1.4077913076555315,1.4036303675697088,1.3206811158049987,1.396287682786639,1.6629169774125594,1.4077913076555315,1.4036303675697088,1.3206811158049987,1.396287682786639,1.0,1.0,1.0,1.0
2018-06-14,1.6522730709963864,1.394999953674267,1.391234977443988,1.3104572638156158,1.387094464116084,1.6522730709963864,1.394999953674267,1.391234977443988,1.3104572638156158,1.387094464116084,1.0,1.0,1.0,1.0
2018-06-15,1.6510784809650059,1.398762089595515,1.3965472874978684,1.3056460393500238,1.3881760192537964,1.6510784809650059,1.398762089595515,1.3965472874978684,1.3056460393500238,1.3881760192537964,1.0,1.0,1.0,1.0
2018-06-18,1.635039875076616,1.386723323534287,1.3865129240627612,1.2948207843024417,1.3730342473258237,1.635039875076616,1.386723323534287,1.3865129240627612,1.2948207843024417,1.3730342473258237,1.0,1.0,1.0,1.0
2018-06-19,1.6071025508967598,1.3641505080067988,1.36349291382928,1.2761772894982728,1.3557293651224263,1.6071025508967598,1.3641505080067988,1.36349291382928,1.2761772894982728,1.3557293651224263,1.0,1.0,1.0,1.0
2018-06-20,1.6145392545910744,1.3709223067405345,1.3800201006635744,1.2809885139638646,1.3633002510864127,1.6145392545910744,1.3709223067405345,1.3800201006635744,1.2809885139638646,1.3633002510864127,1.0,1.0,1.0,1.0
2018-06-21,1.610756316689396,1.370169948443051,1.3871031807354148,1.2785829017310686,1.3568109202601386,1.610756316689396,1.370169948443051,1.3871031807354148,1.2785829017310686,1.3568109202601386,1.0,1.0,1.0,1.0
2018-06-22,1.6115109033374657,1.3664078125218029,1.3770688173003076,1.2731702742072777,1.34815847915844,1.6115109033374657,1.3664078125218029,1.3770688173003076,1.2731702742072777,1.34815847915844,1.0,1.0,1.0,1.0
2018-06-25,1.5891215863395487,1.3536164585405381,1.3670344538652004,1.2617436161014968,1.3411283707633097,1.5891215863395487,1.3536164585405381,1.3670344538652004,1.2617436161014968,1.3411283707633097,1.0,1.0,1.0,1.0
2018-06-26,1.5933686651497703,1.3558737630555422,1.3664441971925472,1.2707646619744817,1.3470769240207277,1.5933686651497703,1.3558737630555422,1.3664441971925472,1.2707646619744817,1.3470769240207277,1.0,1.0,1.0,1.0
2018-06-27,1.6012146808209207,1.3558737630555422,1.3617221438113203,1.2641492283342926,1.3486992567272962,1.6012146808209207,1.3558737630555422,1.3617221438113203,1.2641492283342926,1.3486992567272962,1.0,1.0,1.0,1.0
2018-06-28,1.594167304985732,1.3521116271342941,1.3623124004839737,1.2641492283342926,1.3427507034698782,1.594167304985732,1.3521116271342941,1.3623124004839737,1.2641492283342926,1.3427507034698782,1.0,1.0,1.0,1.0
2018-06-29,1.599848786018733,1.355873763055542,1.364083170501934,1.2659534375088894,1.3459953688830153,1.599848786018733,1.355873763055542,1.364083170501934,1.2659534375088894,1.3459953688830153,1.0,1.0,1.0,1.0
2018-07-02,1.5623483584260207,1.3265291487943178,1.3345703368692656,1.2473099427047205,1.3222011558533437,1.5623483584260207,1.3265291487943178,1.3345703368692656,1.2473099427047205,1.3222011558533437,1.0,1.0,1.0,1.0
2018-07-03,1.553145539287669,1.3242718442793135,1.335160593541919,1.2418973151809296,1.3216603782844876,1.553145539287669,1.3242718442793135,1.335160593541919,1.2418973151809296,1.3216603782844876,1.0,1.0,1.0,1.0
2018-07-04,1.5508150694500353,1.3257766756855573,1.3103698132904775,1.2449043304719247,1.3211196007156314,1.5508150694500353,1.3257766756855573,1.3103698132904775,1.2449043304719247,1.3211196007156314,1.0,1.0,1.0,1.0
2018-07-05,1.5248704555733128,1.3129854365155693,1.2997451931827169,1.2382888968317358,1.310844826907364,1.5248704555733128,1.3129854365155693,1.2997451931827169,1.2382888968317358,1.310844826907364,1.0,1.0,1.0,1.0
2018-07-06,1.545036730903553,1.3032038601580689,1.3351605935419188,1.2455057335301238,1.3255539767802518,1.545036730903553,1.3032038601580689,1.3351605935419188,1.2455057335301238,1.3255539767802518,1.0,1.0,1.0,1.0
2018-07-09,1.5663005892087325,1.3190048769518214,1.3489498587648483,1.2539253763449099,1.3423399952770605,1.5663005892087325,1.3190048769518214,1.3489498587648483,1.2539253763449099,1.3423399952770605,1.0,1.0,1.0,1.0
2018-07-10,1.5670252736831556,1.3457160419926828,1.3603409909055293,1.2587366008105019,1.3510037467592844,1.5670252736831556,1.3457160419926828,1.3603409909055293,1.2587366008105019,1.3510037467592844,1.0,1.0,1.0,1.0
2018-07-11,1.5526624729230545,1.3327028842857709,1.3423549927886647,1.243701524355527,1.3347592127301147,1.5526624729230545,1.3327028842857709,1.3423549927886647,1.243701524355527,1.3347592127301147,1.0,1.0,1.0,1.0
2018-07-12,1.5571551034560542,1.3411231078358115,1.3591419243644052,1.248512748821119,1.3374666350683098,1.5571551034560542,1.3411231078358115,1.3591419243644052,1.248512748821119,1.3374666350683098,1.0,1.0,1.0,1.0
2018-07-13,1.571829627480098,1.3549017935032577,1.3837227884574534,1.2599394069268999,1.3466718710181727,1.571829627480098,1.3549017935032577,1.3837227884574534,1.2599394069268999,1.3466718710181727,1.0,1.0,1.0,1.0
2018-07-16,1.571829627480098,1.3549017935032577,1.3837227884574534,1.2599394069268999,1.3466718710181727,1.571829627480098,1.3549017935032577,1.3837227884574534,1.2599394069268999,1.3466718710181727,1.0,1.0,1.0,1.0
2018-07-17,1.5846905518347025,1.3679149512101696,1.389718121163075,1.2773800956146708,1.3623749205797036,1.5846905518347025,1.3679149512101696,1.389718121163075,1.2773800956146708,1.3623749205797036,1.0,1.0,1.0,1.0
2018-07-18,1.593978939615403,1.3709769462491397,1.3945143873275723,1.2785829017310686,1.3699557031266494,1.593978939615403,1.3709769462491397,1.3945143873275723,1.2785829017310686,1.3699557031266494,1.0,1.0,1.0,1.0
2018-07-19,1.592790582084711,1.3702114182886054,1.393315320786448,1.2785829017310686,1.3704971875942884,1.592790582084711,1.3702114182886054,1.393315320786448,1.2785829017310686,1.3704971875942884,1.0,1.0,1.0,1.0
2018-07-20,1.5866462827899555,1.3671495400528029,1.389718121163075,1.2713660650326806,1.3683312497237323,1.5866462827899555,1.3671495400528029,1.389718121163075,1.2713660650326806,1.3683312497237323,1.0,1.0,1.0,1.0
2018-07-23,1.5835782617516778,1.3625566058959315,1.370533056505086,1.2653520344506906,1.3737460944001223,1.5835782617516778,1.3625566058959315,1.370533056505086,1.2653520344506906,1.3737460944001223,1.0,1.0,1.0,1.0
2018-07-24,1.5962489105965063,1.3671495400528026,1.378326989022394,1.2689604527998846,1.3780779701412342,1.5962489105965063,1.3671495400528026,1.378326989022394,1.2689604527998846,1.3780779701412342,1.0,1.0,1.0,1.0
2018-07-25,1.6031681425797306,1.3725078853670407,1.382523721916329,1.2755758864400735,1.3840342992852632,1.6031681425797306,1.3725078853670407,1.382523721916329,1.2755758864400735,1.3840342992852632,1.0,1.0,1.0,1.0
2018-07-26,1.6195107550254153,1.3847555151134183,1.3813246553752048,1.2851983353712573,1.3878246905587361,1.6195107550254153,1.3847555151134183,1.3813246553752048,1.2851983353712573,1.3878246905587361,1.0,1.0,1.0,1.0
2018-07-27,1.6259795776334123,1.3901139772308237,1.3891185878925127,1.292415172069645,1.392156566299848,1.6259795776334123,1.3901139772308237,1.3891185878925127,1.292415172069645,1.392156566299848,1.0,1.0,1.0,1.0
2018-07-30,1.6188696563521936,1.3855210430739526,1.3795260555635183,1.29542218736064,1.3932395352351261,1.6188696563521936,1.3855210430739526,1.3795260555635183,1.29542218736064,1.3932395352351261,1.0,1.0,1.0,1.0
2018-07-31,1.6058177195072594,1.3732732965244077,1.3813246553752048,1.290610962895048,1.3818683614147074,1.6058177195072594,1.3732732965244077,1.3813246553752048,1.290610962895048,1.3818683614147074,1.0,1.0,1.0,1.0
2018-08-01,1.6151992442165664,1.386286571034487,1.3921162542453236,1.3032404271172269,1.3943225041704042,1.6151992442165664,1.386286571034487,1.3921162542453236,1.3032404271172269,1.3943225041704042,1.0047794364557836,1.0034036408976492,1.0033844605045248,1.0034036408976492
2018-08-02,1.6014110404312842,1.372507885367041,1.3771279224812698,1.287002544545854,1.3845757837529022,1.6014110404312842,1.372507885367041,1.3771279224812698,1.287002544545854,1.3845757837529022,0.9973938675752796,0.9908457098318015,0.9911170624528864,0.9908457098318015
2018-08-03,1.586513947682543,1.365618484131734,1.3783269890223941,1.285799738429456,1.3764535167383174,1.586513947682543,1.365618484131734,1.3783269890223941,1.285799738429456,1.3764535167383174,0.9924499207429357,0.9846127000826456,0.9840395687177429,0.9846127000826456
2018-08-06,1.5735791353742363,1.3564327326211592,1.3783269890223941,1.28339412619666,1.3715801565295664,1.5735791353742363,1.3564327326211592,1.3783269890223941,1.28339412619666,1.3715801565295664,0.9886078713166198,0.9798337668559957,0.9816697332719493,0.9798337668559957
2018-08-07,1.5819980347959741,1.367149540052803,1.3861209215397021,1.275575886440073,1.3829513303499852,1.5819980347959741,1.367149540052803,1.3861209215397021,1.275575886440073,1.3829513303499852,0.9976086792837269,0.9865720029640583,0.9874335091075288,0.9865720029640583
2018-08-08,1.58554552569249,1.367149540052803,1.3873199880808265,1.2761772894982721,1.3786194546088733,1.58554552569249,1.367149540052803,1.3873199880808265,1.2761772894982721,1.3786194546088733,0.9979654633251778,0.9862065676573243,0.9885292895046299,0.9862065676573243
2018-08-09,1.5836698551417026,1.364087545013833,1.3843223217280158,1.291813769011446,1.3753705478030394,1.5836698551417026,1.364087545013833,1.3843223217280158,1.291813769011446,1.3753705478030394,0.9919306800376482,0.9831041253547591,0.9835133650677486,0.9831041253547591
2018-08-10,1.5683351268105314,1.3472469811105843,1.3651372570700269,1.2747440259570237,1.3634578895149816,1.5683351268105314,1.3472469811105843,1.3651372570700269,1.2747440259570237,1.3634578895149816,0.984768542630038,0.9765971304217772,0.9769222421908468,0.9765971304217772
2018-08-13,1.531423067280228,1.3189241986183249,1.3411559262475408,1.2485297776948756,1.334217728262476,1.531423067280228,1.3189241986183249,1.3411559262475408,1.2485297776948756,1.334217728262476,0.9682355833605328,0.9580576404775081,0.956666275307664,0.9580576404775081
2018-08-14,1.5567284580682532,1.3403576966784452,1.3669358568817134,1.2637706197077525,1.3488378088887287,1.5567284580682532,1.3403576966784452,1.3669358568817134,1.2637706197077525,1.3488378088887287,0.9829620081698366,0.9730857363226426,0.97318432647631,0.9730857363226426
2018-08-15,1.5397143011666052,1.3296408892468012,1.3603409909055297,1.258893550263632,1.341798510809422,1.5397143011666052,1.3296408892468012,1.3603409909055297,1.258893550263632,1.341798510809422,0.9784867973062837,0.9696777089174665,0.9690227804153133,0.9696777089174665
2018-08-16,1.5212992379289842,1.3219860768541276,1.3597414576349676,1.2552357481805416,1.336925150600671,1.5212992379289842,1.3219860768541276,1.3597414576349676,1.2552357481805416,1.336925150600671,0.9721991294984837,0.9634141653711323,0.9626563679111375,0.9634141653711323
2018-08-17,1.5339355265199124,1.3304064172073358,1.3633386572583404,1.2601128176246623,1.3461303865505339,1.5339355265199124,1.3304064172073358,1.3633386572583404,1.2601128176246623,1.3461303865505339,0.977935765927697,0.969013657131342,0.9684566601282728,0.969013657131342
2018-08-20,1.521840200165779,1.3250480718930977,1.357942857823281,1.2546261145000266,1.3401740574065049,1.521840200165779,1.3250480718930977,1.357942857823281,1.2546261145000266,1.3401740574065049,0.972583003821833,0.9632891637796258,0.9623391925368829,0.9632891637796258
2018-08-21,1.5153030196597461,1.319689609775692,1.360940524176092,1.2460912429728155,1.3396325729388658,1.5153030196597461,1.319689609775692,1.360940524176092,1.2460912429728155,1.3396325729388658,0.9646289972298343,0.9570725686366423,0.9577348702456328,0.9570725686366423
2018-08-22,1.531931525887511,1.331937356325237,1.3675353901522755,1.2540164808195116,1.3461303865505336,1.531931525887511,1.331937356325237,1.3675353901522755,1.2540164808195116,1.3461303865505336,0.9721541834195424,0.9648985875935787,0.9670944070398392,0.9648985875935787
2018-08-23,1.5386224885039887,1.3311718283647027,1.3717321230462105,1.2503586787364211,1.3455889020828946,1.5386224885039887,1.3311718283647027,1.3717321230462105,1.2503586787364211,1.3455889020828946,0.9739553846501898,0.9669349861294352,0.9688032165518958,0.9669349861294352
2018-08-24,1.5500028786019948,1.3395921687179109,1.3825237219163293,1.2540164808195118,1.3515452312269234,1.5500028786019948,1.3395921687179109,1.3825237219163293,1.2540164808195118,1.3515452312269234,0.9810914027990972,0.9755344457242191,0.9754643911980166,0.9755344457242191
2018-08-27,1.572073269032509,1.3556673214637929,1.396312987139259,1.264380253388268,1.362374920579703,1.572073269032509,1.3556673214637929,1.396312987139259,1.264380253388268,1.362374920579703,0.9862790365337892,0.9801369471897226,0.980804362945736,0.9801369471897226
2018-08-28,1.5717516904838016,1.3571982605816941,1.3957134538686968,1.271695857554449,1.367248280788454,1.5717516904838016,1.3571982605816941,1.3957134538686968,1.271695857554449,1.367248280788454,0.9892720528546287,0.9807330809933177,0.982089708067897,0.9807330809933177
2018-08-29,1.5814904123053326,1.3625566058959322,1.3987111202215077,1.2753536596375394,1.372121640997205,1.5814904123053326,1.3625566058959322,1.3987111202215077,1.2753536596375394,1.372121640997205,0.9938011968629108,0.9856225510620962,0.9870344339982503,0.9856225510620962
2018-08-30,1.5889558400568962,1.3625566058959322,1.4011092533037561,1.2680380554713586,1.366165311853176,1.5889558400568962,1.3625566058959322,1.4011092533037561,1.2680380554713586,1.366165311853176,0.9914408599997683,0.9866051673230017,0.9891102359584536,0.9866051673230017
2018-08-31,1.5860916613196936,1.3587291996995954,1.3987111202215075,1.2601128176246628,1.360750467176786,1.5860916613196936,1.3587291996995954,1.3987111202215075,1.2601128176246628,1.360750467176786,0.9848649751025138,0.9795151383162215,0.9832948438707629,0.9795151383162215
2018-09-03,1.5678359195329785,1.3472469811105847,1.3903176544336373,1.2503586787364216,1.3493792933563673,1.5678359195329785,1.3472469811105847,1.3903176544336373,1.2503586787364216,1.3493792933563673,0.9798877626927949,0.9732698463751082,0.9744273836380313,0.9732698463751082
2018-09-04,1.5686156664818578,1.3449505140321492,1.3903176544336373,1.246091242972816,1.3455889020828944,1.5686156664818578,1.3449505140321492,1.3903176544336373,1.246091242972816,1.3455889020828944,0.9798649114517798,0.9734774723252633,0.9720899282058085,0.9734774723252633
2018-09-05,1.5618332161895494,1.3357647625215743,1.3837227884574537,1.232069668320969,1.3353006971977535,1.5618332161895494,1.3357647625215743,1.3837227884574537,1.232069668320969,1.3353006971977535,0.9727655919943147,0.9683862228334649,0.9668428764373852,0.9683862228334649
2018-09-06,1.548421937862555,1.3265790110109992,1.3765283892107079,1.2217058957522127,1.3244710078449735,1.548421937862555,1.3265790110109992,1.3765283892107079,1.2217058957522127,1.3244710078449735,0.9704200723866938,0.965649308272488,0.9627978131448887,0.965649308272488
2018-09-07,1.539328072874684,1.3204551377362266,1.365736790340589,1.2119517568639715,1.3179731942333057,1.539328072874684,1.3204551377362266,1.365736790340589,1.2119517568639715,1.3179731942333057,0.9728035359761152,0.9663117526896804,0.9629977683451459,0.9663117526896804
2018-09-10,1.540917038158012,1.3227516048146621,1.3711325897756483,1.2162191926275772,1.3244710078449735,1.540917038158012,1.3227516048146621,1.3711325897756483,1.2162191926275772,1.3244710078449735,0.9763175808759225,0.9698576929833731,0.9669138672326364,0.9698576929833731
2018-09-11,1.5447426562264703,1.3311718283647027,1.3879195213513886,1.2198769947106676,1.3320517903919196,1.5447426562264703,1.3311718283647027,1.3879195213513886,1.2198769947106676,1.3320517903919196,0.9786583586112236,0.9731396655110018,0.9698452421867092,0.9731396655110018
2018-09-12,1.531703003894732,1.3258134830504646,1.3831232551868913,1.2143902915860318,1.3255539767802516,1.531703003894732,1.3258134830504646,1.3831232551868913,1.2143902915860318,1.3255539767802516,0.980739369119668,0.9714266213179612,0.9667337627658456,0.9714266213179612
2018-09-13,1.5445106342429835,1.3403576966784456,1.396912520409821,1.2265829651963331,1.3385496040035874,1.5445106342429835,1.3403576966784456,1.396912520409821,1.2265829651963331,1.3385496040035874,0.9895736830697905,0.9814416807607677,0.9781118574448989,0.9814416807607677
2018-09-14,1.5635989277070605,1.3549017935032588,1.4142989852561234,1.2412141735286948,1.3504622622916451,1.5635989277070605,1.3549017935032588,1.4142989852561234,1.2412141735286948,1.3504622622916451,0.9969366470286458,0.9895922307268638,0.9887311109364505,0.9895922307268638
2018-09-17,1.5635989277070605,1.3549017935032588,1.4142989852561234,1.2412141735286948,1.3504622622916451,1.5635989277070605,1.3549017935032588,1.4142989852561234,1.2412141735286948,1.3504622622916451,0.9969366470286458,0.9895922307268638,0.9887311109364505,0.9895922307268638
2018-09-18,1.590458999812085,1.3778662306812801,1.4334840499141124,1.2674284217908431,1.3775364856735948,1.590458999812085,1.3778662306812801,1.4334840499141124,1.2674284217908431,1.3775364856735948,1.013953292530996,1.0049965911350789,1.0088510491128084,1.0049965911350789
2018-09-19,1.6129219894547389,1.3992997287414002,1.4490719149487286,1.28388853116475,1.3964884420409593,1.6129219894547389,1.3992997287414002,1.4490719149487286,1.28388853116475,1.3964884420409593,1.0252421174796174,1.014692301283345,1.0191027916444537,1.014692301283345
2018-09-20,1.6139458144506456,1.4000651398987671,1.4490719149487286,1.283278897484235,1.3986543799115154,1.6139458144506456,1.4000651398987671,1.4490719149487286,1.283278897484235,1.3986543799115154,1.0308710223926467,1.0190472480095067,1.0210722490760935,1.0190472480095067
2018-09-21,1.6346132066169252,1.412312886448312,1.4616621136305339,1.298519739497112,1.4148989139406851,1.6346132066169252,1.412312886448312,1.4616621136305339,1.298519739497112,1.4148989139406851,1.0401767666960011,1.0250260999774121,1.0267573014033131,1.0250260999774121
2018-09-24,1.6346132066169252,1.412312886448312,1.4616621136305339,1.298519739497112,1.4148989139406851,1.6346132066169252,1.412312886448312,1.4616621136305339,1.298519739497112,1.4148989139406851,1.0401767666960011,1.0250260999774121,1.0267573014033131,1.0250260999774121
2018-09-25,1.6564049565151304,1.4283880391941937,1.465259313253907,1.3094931457463834,1.4273530566963821,1.6564049565151304,1.4283880391941937,1.465259313253907,1.3094931457463834,1.4273530566963821,1.0515192793683699,1.0371262107382502,1.0385175580703974,1.0371262107382502
2018-09-26,1.665913633875164,1.438339201862136,1.4802476450179607,1.312541314148959,1.4322264169051329,1.665913633875164,1.438339201862136,1.4802476450179607,1.312541314148959,1.4322264169051329,1.045397111829871,1.036442795196908,1.0396727297167698,1.036442795196908
2018-09-27,1.6438525522973404,1.4207332268015198,1.4664583797950312,1.304006442621748,1.420313758617075,1.6438525522973404,1.4207332268015198,1.4664583797950312,1.304006442621748,1.420313758617075,1.0406514215813267,1.0304141271023357,1.0328816252059587,1.0304141271023357
2018-09-28,1.6556750293509752,1.4360428515868675,1.4856434444530202,1.3192472846346248,1.4343923547756887,1.6556750293509752,1.4360428515868675,1.4856434444530202,1.3192472846346248,1.4343923547756887,1.0509401513868881,1.0401803740721367,1.042381937073407,1.0401803740721367
2018-10-01,1.6557990731128096,1.4360428515868675,1.4952359767820147,1.3210761856761701,1.4370997771138838,1.6557990731128096,1.4360428515868675,1.4952359767820147,1.3210761856761701,1.4370997771138838,1.0518961249802763,1.0408247664315324,1.043241323128325,1.0414447727118001
2018-10-02,1.6552780143955512,1.4398702577832043,1.4946364435114525,1.3265628888008059,1.4425146217902738,1.6552780143955512,1.4398702577832043,1.4946364435114525,1.3265628888008059,1.4425146217902738,1.0531366374996054,1.0427688147741565,1.0435347213218837,1.0415687918805896
2018-10-03,1.637519490788064,1.4253260441552238,1.4844443779118959,1.313150947829474,1.4111085226672122,1.637519490788064,1.4253260441552238,1.4844443779118959,1.313150947829474,1.4111085226672122,1.039194058253449,1.030329774776844,1.0315404651579012,1.0284621247621792
2018-10-04,1.6382977617356702,1.4230295770767882,1.4754513788534636,1.312541314148959,1.4121914916024902,1.6382977617356702,1.4230295770767882,1.4754513788534636,1.312541314148959,1.4121914916024902,1.0453903672789997,1.0365505659126668,1.0391193138997559,1.0332634084930616
2018-10-05,1.6242407024988395,1.4161402926446487,1.465259313253907,1.3058353436632932,1.4280569865043127,1.6242407024988395,1.4161402926446487,1.465259313253907,1.3058353436632932,1.4280569865043127,1.0444574295304854,1.0343216874915984,1.0366114009004488,1.0296256826996635
2018-10-08,1.6242407024988395,1.4161402926446487,1.465259313253907,1.3058353436632932,1.4280569865043127,1.6242407024988395,1.4161402926446487,1.465259313253907,1.3058353436632932,1.4280569865043127,1.0444574295304854,1.0343216874915984,1.0366114009004488,1.0296256826996635
2018-10-09,1.593580180407122,1.3916449163487261,1.4472733151370423,1.286327065886811,1.4066854506356756,1.593580180407122,1.3916449163487261,1.4472733151370423,1.286327065886811,1.4066854506356756,1.0365696174233865,1.0240809809825706,1.0250395882434138,1.0193103053900328
2018-10-10,1.6008014209613128,1.3931758554666274,1.4484723816781668,1.288155966928356,1.4121653316276337,1.6008014209613128,1.3931758554666274,1.4484723816781668,1.288155966928356,1.4121653316276337,1.0422634097946915,1.032712955917816,1.0316386342593242,1.0271319088157667
2018-10-11,1.5444007258352657,1.343419574914248,1.3933153207864486,1.2497490450559061,1.3688742717911637,1.5444007258352657,1.343419574914248,1.3933153207864486,1.2497490450559061,1.3688742717911637,1.0104111655289136,1.0036257563530842,0.9997820018190581,0.9985614752164576
2018-10-12,1.5532905016995615,1.3464814531500502,1.39931065349207,1.2515779460974514,1.3639423788984013,1.5532905016995615,1.3464814531500502,1.39931065349207,1.2515779460974514,1.3639423788984013,1.0009119414690764,0.9954395901673333,0.9927096285192604,0.9905908990963066
2018-10-15,1.5299959357260806,1.3227516048146621,1.3729311895873353,1.2351178367235445,1.3480507240217225,1.5299959357260806,1.3227516048146621,1.3729311895873353,1.2351178367235445,1.3480507240217225,0.9915065075133909,0.9862608790516363,0.9818856377872159,0.9816003932938171
2018-10-16,1.5328942210258387,1.3327028842857718,1.3897181211630758,1.247920144014361,1.3612024384024224,1.5328942210258387,1.3327028842857718,1.3897181211630758,1.247920144014361,1.3612024384024224,1.0018255929231084,0.9963141185939686,0.9921716517488965,0.9907883810134461
2018-10-17,1.561980419587645,1.352605326424823,1.405905519468254,1.263160986027238,1.3765461051799055,1.561980419587645,1.352605326424823,1.405905519468254,1.263160986027238,1.3765461051799055,1.012605050218859,1.007803420706787,1.00464258661682,1.0021639098700812
2018-10-18,1.5535204154081697,1.3464814531500504,1.3963129871392594,1.2601128176246625,1.374902140882318,1.5535204154081697,1.3464814531500504,1.3963129871392594,1.2601128176246625,1.374902140882318,1.010179786001057,1.0068530514755107,1.0028338840636049,1.0013769439054334
2018-10-19,1.5454010747546731,1.3372957016394755,1.3885190546219515,1.2497490450559063,1.3644903669975974,1.5454010747546731,1.3372957016394755,1.3885190546219515,1.2497490450559063,1.3644903669975974,1.0083021497274536,1.001777950708099,0.9960478951862678,0.9972529334206619
2018-10-22,1.5501561530305177,1.3395921687179113,1.3933153207864486,1.2521875797779667,1.368326283691968,1.5501561530305177,1.3395921687179113,1.3933153207864486,1.2521875797779667,1.368326283691968,1.0104037778042176,1.003952979634791,0.998451095634143,0.9990867508425298
2018-10-23,1.510253492316642,1.3028490458724438,1.356144258011595,1.2198769947106676,1.3338030334426312,1.510253492316642,1.3028490458724438,1.356144258011595,1.2198769947106676,1.3338030334426312,0.987054382679513,0.9851832013682897,0.979383254873014,0.9810714001388566
2018-10-24,1.5141897491180414,1.3051455129508795,1.3627391239877786,1.2198769947106676,1.3332550453434353,1.5141897491180414,1.3051455129508795,1.3627391239877786,1.2198769947106676,1.3332550453434353,0.9841095005416729,0.9834121841687655,0.979223920106236,0.9803677501470363
2018-10-25,1.4566965933665563,1.264574983909075,1.3117787959899954,1.190614578045944,1.297087830796511,1.4566965933665563,1.264574983909075,1.3117787959899954,1.190614578045944,1.297087830796511,0.9595284285054921,0.9601268208808657,0.9540518623278995,0.9563326177421646
2018-10-26,1.4423173948855543,1.2599821665553712,1.3051839300138115,1.1912242117264593,1.2948958783997278,1.4423173948855543,1.2599821665553712,1.3051839300138115,1.1912242117264593,1.2948958783997278,0.9602331802293287,0.9594577718123428,0.953639993756446,0.9540511080005614
2018-10-29,1.4280804724864278,1.2553892323984999,1.302785796931563,1.187566409643369,1.2959918545981195,1.4280804724864278,1.2553892323984999,1.302785796931563,1.187566409643369,1.2959918545981195,0.9567469845338222,0.958241017836421,0.950048599114955,0.9520330494071045
2018-10-30,1.4579332819537199,1.2706988571838473,1.3213713283189898,1.1997590832536706,1.309691557078015,1.4579332819537199,1.2706988571838473,1.3213713283189898,1.1997590832536706,1.309691557078015,0.966500193714759,0.9651823340601094,0.9551610279105207,0.9607563466954181
2018-10-31,1.4928464994916943,1.2997871676366413,1.350148925305973,1.2247540641547887,1.327775164351477,1.4928464994916943,1.2997871676366413,1.350148925305973,1.2247540641547887,1.327775164351477,0.9758160439102509,0.9784706530741094,0.9725535275164947,0.9725072928241479
2018-11-01,1.4927275456178628,1.2890703602049973,1.3363596600830434,1.1887856770043992,1.3151714380699733,1.4927275456178628,1.2890703602049973,1.3363596600830434,1.1887856770043992,1.3151714380699733,0.9668782297352096,0.9735771796154625,0.968132346289245,0.9676613111831955
2018-11-02,1.5169050294802195,1.3089729191472161,1.3717321230462107,1.2095132221419118,1.334351021541827,1.5169050294802195,1.3089729191472161,1.3717321230462107,1.2095132221419118,1.334351021541827,0.9697394224733484,0.9787649128822333,0.9742652420904389,0.9728282617948909
2018-11-05,1.5077541406889834,1.2951942334797697,1.350148925305973,1.19488201380955,1.322295283359519,1.5077541406889834,1.2951942334797697,1.350148925305973,1.19488201380955,1.322295283359519,0.9561871870639063,0.9665040969329718,0.9609799064137059,0.9606250137514161
2018-11-06,1.5174704521445084,1.3120347973830184,1.364537723799465,1.2089035884613968,1.341474866831373,1.5174704521445084,1.3120347973830184,1.364537723799465,1.2089035884613968,1.341474866831373,0.9624701732342213,0.9756407583769626,0.9706230572242711,0.9697432275540889
2018-11-07,1.5169069465433873,1.3059110409114134,1.3621395907172162,1.203416885336761,1.3283231524506733,1.5169069465433873,1.3059110409114134,1.3621395907172162,1.203416885336761,1.3283231524506733,0.9562974243562564,0.9730698536748091,0.9664314949342734,0.9671693494766354
2018-11-08,1.5422598548621531,1.3281099501289004,1.3861209215397026,1.217438459988608,1.3496946883193104,1.5422598548621531,1.3281099501289004,1.3861209215397026,1.217438459988608,1.3496946883193104,0.9751493630485036,0.991666370060277,0.9860607457371446,0.9856717510871623
2018-11-09,1.5397253381397282,1.3204551377362266,1.3723316563167731,1.210122855822427,1.3491467002201145,1.5397253381397282,1.3204551377362266,1.3723316563167731,1.210122855822427,1.3491467002201145,0.9777257755203898,0.9933330798958797,0.986976214704453,0.9873324473592252
2018-11-12,1.5340102726401839,1.321220665696761,1.3729311895873353,1.2131710242250024,1.3485987121209186,1.5340102726401839,1.321220665696761,1.3729311895873353,1.2131710242250024,1.3485987121209186,0.9830946653338115,0.9860757501853552,0.9808116966613032,0.9800923570370755
2018-11-13,1.5041347707474293,1.2936632943618684,1.3453526591414762,1.1912242117264598,1.31955534286354,1.5041347707474293,1.2936632943618684,1.3453526591414762,1.1912242117264598,1.31955534286354,0.9655627830105998,0.9709724447242836,0.9630777887345009,0.9650965081384953
2018-11-14,1.5000488068565807,1.2959597614403042,1.3471512589531625,1.1942723801290351,1.322843271458715,1.5000488068565807,1.2959597614403042,1.3471512589531625,1.1942723801290351,1.322843271458715,0.9661030265896826,0.9673990235248556,0.9604685379622402,0.9615072009824776
2018-11-15,1.5031640943318025,1.29519423347977,1.3447531258709138,1.1942723801290351,1.3222952833595192,1.5031640943318025,1.29519423347977,1.3447531258709138,1.1942723801290351,1.3222952833595192,0.9643452256773999,0.9637480748688805,0.9581052608694551,0.9578878799632314
2018-11-16,1.4890253781939247,1.286008481969195,1.3381582598947301,1.185127874921309,1.3140754618715818,1.4890253781939247,1.286008481969195,1.3381582598947301,1.185127874921309,1.3140754618715818,0.9620605569926293,0.9581703266578352,0.9529439540702,0.9523661459800437
2018-11-19,1.4998322635938672,1.2944288223224032,1.345352659141476,1.1881760433238844,1.3129794856731902,1.4998322635938672,1.2944288223224032,1.345352659141476,1.1881760433238844,1.3129794856731902,0.9641504820558788,0.9622184586278334,0.9563562345177461,0.9564041172607373
2018-11-20,1.4867613191879798,1.2852429540086605,1.330963860647984,1.186956775962854,1.3091435689788196,1.4867613191879798,1.2852429540086605,1.330963860647984,1.186956775962854,1.3091435689788196,0.9679002463237487,0.9641029569339986,0.9579376868377664,0.9583124987457106
2018-11-21,1.478109555684415,1.27682273045862,1.3279661942951733,1.1820797065187334,1.2998277712924906,1.478109555684415,1.27682273045862,1.3279661942951733,1.1820797065187334,1.2998277712924906,0.9557631516614595,0.9467857537727078,0.942402166336981,0.9411042499228253
2018-11-22,1.4896939383659942,1.2860084819691948,1.3351605935419193,1.1930531127680049,1.3064036284828404,1.4896939383659942,1.2860084819691948,1.3351605935419193,1.1930531127680049,1.3064036284828404,0.9651923097187581,0.9568712117940322,0.9525378999447623,0.9511222551589134
2018-11-23,1.4896939383659942,1.2860084819691948,1.3351605935419193,1.1930531127680049,1.3064036284828404,1.4896939383659942,1.2860084819691948,1.3351605935419193,1.1930531127680049,1.3064036284828404,0.9651923097187581,0.9568712117940322,0.9525378999447623,0.9511222551589134
2018-11-26,1.4962806275304836,1.289070360204997,1.3453526591414757,1.1936627464485199,1.3096915570780152,1.4962806275304836,1.289070360204997,1.3453526591414757,1.1936627464485199,1.3096915570780152,0.967331859754445,0.9597512171139607,0.9533288268825104,0.9539994646395958
2018-11-27,1.50814674746821,1.2990216396761067,1.3549451914704702,1.202807251656246,1.31955534286354,1.50814674746821,1.2990216396761067,1.3549451914704702,1.202807251656246,1.31955534286354,0.9743428010860322,0.9636071508785696,0.9583451174985892,0.9578692661417139
2018-11-28,1.5224578610056765,1.3066764520687804,1.3675353901522753,1.2058554200588214,1.322843271458715,1.5224578610056765,1.3066764520687804,1.3675353901522753,1.2058554200588214,1.322843271458715,0.9711825008290241,0.9660566956124279,0.9602302586249902,0.9602924084366505
2018-11-29,1.5317900819521428,1.3112693862256515,1.3717321230462103,1.202197617975731,1.322843271458715,1.5317900819521428,1.3112693862256515,1.3717321230462103,1.202197617975731,1.322843271458715,0.9684719490257897,0.966505418324425,0.9614673265207668,0.9607475510521014
2018-11-30,1.539656764616388,1.3166277315398895,1.378326989022394,1.2058554200588216,1.3277751643514775,1.539656764616388,1.3166277315398895,1.378326989022394,1.2058554200588216,1.3277751643514775,0.9670598481130344,0.9669457348997493,0.9626788954484545,0.9611822306600708
2018-12-03,1.5584400238358997,1.3349992345610395,1.3915167209747614,1.2235347967937586,1.3425708430297647,1.5584400238358997,1.3349992345610395,1.3915167209747614,1.2235347967937586,1.3425708430297647,0.9750291580322157,0.9781457803298271,0.9715963680290443,0.9723132272300071
2018-12-04,1.522541620089602,1.3020836347150764,1.3597414576349671,1.1979301822121255,1.314075461871582,1.522541620089602,1.3020836347150764,1.3597414576349671,1.1979301822121255,1.314075461871582,0.9584106335563043,0.9588742318143827,0.9529908916514512,0.9531829763412558
2018-12-05,1.5110775693976275,1.2951942334797695,1.351347991847097,1.1900049443654295,1.3003757593916865,1.5110775693976275,1.2951942334797695,1.351347991847097,1.1900049443654295,1.3003757593916865,0.9528367036099789,0.9535404728729797,0.9475197929823909,0.9478654215750307
2018-12-06,1.4829693283599936,1.2722297963017482,1.3249685279423622,1.1711063002694622,1.2757162949278744,1.4829693283599936,1.2722297963017482,1.3249685279423622,1.1711063002694622,1.2757162949278744,0.9423986849892841,0.9400226452270446,0.9333148722572902,0.9344152935886375
2018-12-07,1.4867329308233497,1.279884608694422,1.3363596600830432,1.1747641023525528,1.2768122711262662,1.4867329308233497,1.279884608694422,1.3363596600830432,1.1747641023525528,1.2768122711262662,0.948919278661481,0.948358672285727,0.939870533794316,0.9427281775139105
2018-12-10,1.4525146202266654,1.2561547603590337,1.3099801961783084,1.1534269235345251,1.2570846995552165,1.4525146202266654,1.2561547603590337,1.3099801961783084,1.1534269235345251,1.2570846995552165,0.936639544991608,0.9353588354502911,0.9269243501450866,0.9298023023907408
2018-12-11,1.430165832854999,1.2431414858489542,1.305183930013811,1.145501685687829,1.2384531041825586,1.430165832854999,1.2431414858489542,1.305183930013811,1.145501685687829,1.2384531041825586,0.9300520480200689,0.9264114376684688,0.9178183661006705,0.9209149011952132
2018-12-12,1.4585737827589782,1.2691679180659454,1.3327624604596702,1.162571428742251,1.2598246400511957,1.4585737827589782,1.2691679180659454,1.3327624604596702,1.162571428742251,1.2598246400511957,0.9407463015604202,0.9401119277764082,0.9311223189414187,0.9345387536868804
2018-12-13,1.4743437387014402,1.2775881416159858,1.3441535926003512,1.171106300269462,1.271332390134308,1.4743437387014402,1.2775881416159858,1.3441535926003512,1.171106300269462,1.271332390134308,0.9420354112926871,0.942632868457387,0.934160541054553,0.9370357185202179
2018-12-14,1.4487514655087765,1.2569201715164002,1.3183736619661786,1.15525582457607,1.2532487828608458,1.4487514655087765,1.2569201715164002,1.3183736619661786,1.15525582457607,1.2532487828608458,0.9328449612743324,0.9307482170006097,0.9225677361559712,0.9252140138817924
2018-12-17,1.4392333418104053,1.259216638594836,1.3261675944834865,1.1589136266591604,1.2548927471584332,1.4392333418104053,1.259216638594836,1.3261675944834865,1.1589136266591604,1.2548927471584332,0.9361503018777637,0.9309552103126278,0.9235376920201482,0.9254342630545693
2018-12-18,1.4043310657794263,1.2347212622989134,1.3039848634726867,1.147330586729374,1.2417410327777334,1.4043310657794263,1.2347212622989134,1.3039848634726867,1.147330586729374,1.2417410327777334,0.9213122888159859,0.9161281243775395,0.9093197350009353,0.9106978647972469
2018-12-19,1.403118924248601,1.2285973890241408,1.2943923311436922,1.1412342499242232,1.231329258893013,1.403118924248601,1.2285973890241408,1.2943923311436922,1.1412342499242232,1.231329258893013,0.9138267941067721,0.9078367762004138,0.9011168412120371,0.9024533883195562
2018-12-20,1.3570848151703847,1.1972126114929114,1.2560222018277143,1.1131911006205297,1.2028338777348302,1.3570848151703847,1.1972126114929114,1.2560222018277143,1.1131911006205297,1.2028338777348302,0.8976953718638652,0.898286851159224,0.8905463013541892,0.8930245311825111
2018-12-21,1.3261989506673504,1.17424817431489,1.2446310696870333,1.0930731891635321,1.1792703894694099,1.3261989506673504,1.17424817431489,1.2446310696870333,1.0930731891635321,1.1792703894694099,0.8747447689271237,0.8782728926250504,0.8712373275881314,0.873158864675533
2018-12-24,1.3261989506673504,1.17424817431489,1.2446310696870333,1.0930731891635321,1.1792703894694099,1.3261989506673504,1.17424817431489,1.2446310696870333,1.0930731891635321,1.1792703894694099,0.8747447689271237,0.8782728926250504,0.8712373275881314,0.873158864675533
2018-12-25,1.2556050958826055,1.1198990764088068,1.181680076278007,1.043083227361296,1.1332393891369608,1.2556050958826055,1.1198990764088068,1.181680076278007,1.043083227361296,1.1332393891369608,0.8480122156714388,0.8459706219550961,0.8360871809550046,0.8410423369859876
2018-12-26,1.280652584824915,1.1329122341157187,1.1954693415009368,1.0540566336105675,1.1409112225257023,1.280652584824915,1.1329122341157187,1.1954693415009368,1.0540566336105675,1.1409112225257023,0.8547296294917178,0.8601004703837044,0.8480684103344572,0.8551119211132489
2018-12-27,1.3538934794403132,1.1880268599823363,1.2386357369814118,1.1022176943712585,1.194066068147697,1.3538934794403132,1.1880268599823363,1.2386357369814118,1.1022176943712585,1.194066068147697,0.8856756641501878,0.8991301455321419,0.8860761732921117,0.8939241544614672
2018-12-28,1.3488368720518509,1.1841994537859994,1.2338394708169145,1.1040465954128036,1.1924221038501095,1.3488368720518509,1.1841994537859994,1.2338394708169145,1.1040465954128036,1.1924221038501095,0.8807241531610508,0.8928283555232948,0.880157057482371,0.8876549654653305
2018-12-31,1.3488368720518509,1.1841994537859994,1.2338394708169145,1.1040465954128036,1.1924221038501095,1.3488368720518509,1.1841994537859994,1.2338394708169145,1.1040465954128036,1.1924221038501095,0.8807241531610508,0.8928283555232948,0.880157057482371,0.8876549654653305
2019-01-04,1.3305118616784006,1.1627659557258794,1.2068604736416175,1.0857575849973513,1.1705025798822766,1.3305118616784006,1.1627659557258794,1.2068604736416175,1.0857575849973513,1.1705025798822766,0.8744907933606327,0.8864592204626571,0.8733371110335759,0.8813424222917964
2019-01-07,1.3721752282920288,1.19568167237501,1.2368371371697253,1.11562963534259,1.2097385277846975,1.3721752282920288,1.19568167237501,1.2368371371697253,1.11562963534259,1.2097385277846975,0.8897951095205511,0.9025208489443538,0.8892995071392341,0.8973300593367227
2019-01-08,1.3802807574978642,1.2010400176892482,1.2482282693104063,1.1253837742308312,1.2174263804351677,1.3802807574978642,1.2010400176892482,1.2482282693104063,1.1253837742308312,1.2174263804351677,0.8849372930736256,0.8946730195753597,0.8812284544695955,0.8894994508119488
2019-01-09,1.389065378294275,1.2125222362782588,1.2614180012627738,1.1357475467995874,1.225114233085638,1.389065378294275,1.2125222362782588,1.2614180012627738,1.1357475467995874,1.225114233085638,0.8901938741486389,0.8977553563315784,0.883607686358097,0.8925281834970312
2019-01-10,1.3776334454412071,1.204867423885585,1.2458301362281579,1.133309012077527,1.2234668360891086,1.3776334454412071,1.204867423885585,1.2458301362281579,1.133309012077527,1.2234668360891086,0.8892215570786607,0.8962271323397707,0.88202530522994,0.8910206326499006
2019-01-11,1.3809995962297736,1.2102258860029906,1.2572212683688389,1.1424535172852532,1.2355477473969902,1.3809995962297736,1.2102258860029906,1.2572212683688389,1.1424535172852532,1.2355477473969902,0.8888570915128652,0.8953750972591243,0.8805542312248676,0.8901975710019119
2019-01-15,1.3962996558738359,1.2194116375135655,1.2680128672389577,1.1534269235345247,1.246530394040519,1.3962996558738359,1.2194116375135655,1.2680128672389577,1.1534269235345247,1.246530394040519,0.8882944040919548,0.8955273757711479,0.8826248570357331,0.8903333430812428
2019-01-16,1.390789151181389,1.2148187033566942,1.2620175345333362,1.1503787551319493,1.2410390707187546,1.390789151181389,1.2148187033566942,1.2620175345333362,1.1503787551319493,1.2410390707187546,0.8868414319551048,0.8935225608357998,0.8811092986775626,0.8883209151199956
2019-01-17,1.400332731009289,1.2201770486709322,1.2602189347216497,1.148549854090404,1.2443338647118132,1.400332731009289,1.2201770486709322,1.2602189347216497,1.148549854090404,1.2443338647118132,0.8951452268331096,0.9024564594022036,0.8896850191850879,0.8972351487739949
2019-01-18,1.4153840347319533,1.231659267259943,1.2758067997562659,1.163790696103281,1.2575130406840478,1.4153840347319533,1.231659267259943,1.2758067997562659,1.163790696103281,1.2575130406840478,0.8978781299367963,0.9056431428562381,0.8918980451832138,0.9004068024094654
2019-01-21,1.4233178135418048,1.2416105467310525,1.2788044661090767,1.172325567630492,1.2723396136528118,1.4233178135418048,1.2416105467310525,1.2788044661090767,1.172325567630492,1.2723396136528118,0.8914542818650547,0.8997209351863034,0.8848433059232824,0.8945238870969718
2019-01-22,1.4127298928884267,1.2301283281420419,1.272209600132893,1.1644003297837962,1.262455231673636,1.4127298928884267,1.2301283281420419,1.272209600132893,1.1644003297837962,1.262455231673636,0.8923554401083343,0.9003221715536964,0.8840562276648812,0.8951102772900328
2019-01-23,1.403442627236729,1.2240044548672693,1.272209600132893,1.1607425277007057,1.2591604376805772,1.403442627236729,1.2240044548672693,1.272209600132893,1.1607425277007057,1.2591604376805772,0.8863648659018452,0.8937473739283093,0.8777159777077588,0.8885738068556938
2019-01-24,1.4138396485588747,1.2270664499062394,1.2704110003212066,1.1656195971448264,1.2646517610023416,1.4138396485588747,1.2270664499062394,1.2704110003212066,1.1656195971448264,1.2646517610023416,0.8889819223771696,0.896659337944863,0.8808140610517917,0.8914611732169847
2019-01-25,1.4253245879822942,1.2400796076131513,1.283001199003012,1.1802508054771883,1.278929201638929,1.4253245879822942,1.2400796076131513,1.283001199003012,1.1802508054771883,1.278929201638929,0.8880348864872235,0.8962572857609782,0.8806883212360184,0.8910600031673057
2019-01-28,1.4168063222499105,1.2308938561025762,1.2746077332151418,1.1729352013110073,1.2723396136528118,1.4168063222499105,1.2308938561025762,1.2746077332151418,1.1729352013110073,1.2723396136528118,0.8832960753999008,0.8927984881695042,0.877260404054112,0.8876255797267133
2019-01-29,1.4194095848473438,1.2316592672599431,1.2746077332151418,1.1680581318668866,1.2706922166562826,1.4194095848473438,1.2316592672599431,1.2746077332151418,1.1680581318668866,1.2706922166562826,0.8904070666921943,0.8991783815468614,0.8830169322863017,0.8939696338291487
2019-01-30,1.4028411470431856,1.2270664499062394,1.2698114670506444,1.1680581318668866,1.2673974226632239,1.4028411470431856,1.2270664499062394,1.2698114670506444,1.1680581318668866,1.2673974226632239,0.8794385530443002,0.8872015198209898,0.8715017840608209,0.8820547322778541
2019-01-31,1.4225012912630708,1.2408451355736858,1.2824016657324495,1.1753737360330674,1.2756344076458705,1.4225012912630708,1.2408451355736858,1.2824016657324495,1.1753737360330674,1.2756344076458705,0.8821848268150667,0.8927177546422699,0.8773344134840801,0.8875455697156922
2019-02-01,1.4173234511656168,1.237017729377349,1.2830011990030117,1.1656195971448262,1.257513040684048,1.4173234511656168,1.237017729377349,1.2830011990030117,1.1656195971448262,1.257513040684048,0.8885527010657831,0.8987815855573869,0.8855347145625286,0.8917041071634944
2019-02-04,1.4437026778505568,1.2507962982416276,1.288396998438071,1.172935201311007,1.2728887459849885,1.4437026778505568,1.2507962982416276,1.288396998438071,1.172935201311007,1.2728887459849885,0.8980907275909721,0.9107577193980907,0.8975852094745616,0.9028335671554948
2019-02-05,1.449379536507227,1.251561826202162,1.2859988653558225,1.172325567630492,1.272339613652812,1.449379536507227,1.251561826202162,1.2859988653558225,1.172325567630492,1.272339613652812,0.9010872308970928,0.9141591605593767,0.9014731494406536,0.9071610000356262
2019-02-06,1.4479309187649427,1.251561826202162,1.288396998438071,1.1509883888124643,1.2734378783171647,1.4479309187649427,1.251561826202162,1.288396998438071,1.1509883888124643,1.2734378783171647,0.8990748419536833,0.9119135670913037,0.8986977786370357,0.904517228163278
2019-02-07,1.4331581058880942,1.2408451355736858,1.2812025991913252,1.1406246162437081,1.261356967009283,1.4331581058880942,1.2408451355736858,1.2812025991913252,1.1406246162437081,1.261356967009283,0.890601007929614,0.9024704385092368,0.8887561223531935,0.8942596439178295
2019-02-08,1.4031745161436204,1.2171151704351302,1.256621735098277,1.1351379131190724,1.2333512180682846,1.4031745161436204,1.2171151704351302,1.256621735098277,1.1351379131190724,1.2333512180682846,0.8879711538419629,0.899453445933957,0.8857429646664886,0.890358316939646
2019-02-12,1.4353746048569869,1.2423760746915873,1.287797465167509,1.1543565233357254,1.2591604376805774,1.4353746048569869,1.2423760746915873,1.287797465167509,1.1543565233357254,1.2591604376805774,0.8976845979084552,0.9071581337438432,0.8934774815160007,0.8986433090050432
2019-02-13,1.4496475125786625,1.2576856994769348,1.3045843967432493,1.1655157163647496,1.272339613652812,1.4496475125786625,1.2576856994769348,1.3045843967432493,1.1655157163647496,1.272339613652812,0.9019120147647972,0.9139587768637802,0.901488905833475,0.9056240831508087
2019-02-14,1.4492087969403669,1.2576856994769348,1.3039848634726872,1.166755626701308,1.2772818046424,1.4492087969403669,1.2576856994769348,1.3039848634726872,1.166755626701308,1.2772818046424,0.9030734039382611,0.9137888300088968,0.9020069937853419,0.9060787196329703
2019-02-15,1.438547557118218,1.246968892045291,1.2895960649791953,1.156216388840563,1.2668482903310476,1.438547557118218,1.246968892045291,1.2895960649791953,1.156216388840563,1.2668482903310476,0.8970149275872117,0.9075105435950965,0.8948878073460018,0.8994061050156433
2019-02-18,1.4654284221914473,1.2676369789480442,1.3141769290722436,1.1735751335523785,1.2838713926285172,1.4654284221914473,1.2676369789480442,1.3141769290722436,1.1735751335523785,1.2838713926285172,0.9016595140224059,0.913029525229569,0.9016701677847301,0.9060571469856126
2019-02-19,1.4693019775821081,1.272229796301748,1.31597552888393,1.175434999057216,1.287166186621576,1.4693019775821081,1.272229796301748,1.31597552888393,1.175434999057216,1.287166186621576,0.9036037703052984,0.9139570216799658,0.9030088333419188,0.9066256143020074
2019-02-20,1.4727482777406682,1.276057202498085,1.3219708615895516,1.1791547300668908,1.289911848282458,1.4727482777406682,1.276057202498085,1.3219708615895516,1.1791547300668908,1.289911848282458,0.9043304022236925,0.9158071327817662,0.9052337223470212,0.9084573515215733
2019-02-21,1.4734441736763604,1.276057202498085,1.3255680612129244,1.1828744610765656,1.2882644512859287,1.4734441736763604,1.276057202498085,1.3255680612129244,1.1828744610765656,1.2882644512859287,0.9078816890384185,0.9200199355779947,0.909116867186073,0.9136357178233019
2019-02-22,1.4686510221621105,1.2729953242622825,1.3231699281306757,1.17977468523517,1.2833222602963408,1.4686510221621105,1.2729953242622825,1.3231699281306757,1.17977468523517,1.2833222602963408,0.9013863995443866,0.9115776500578429,0.9010490243781573,0.905966112868462
2019-02-25,1.481191721665289,1.2829466037333919,1.3303643273774217,1.1878341024227987,1.289911848282458,1.481191721665289,1.2829466037333919,1.3303643273774217,1.1878341024227987,1.289911848282458,0.9083151660687362,0.9195363054983758,0.9089638719891897,0.9134457309735499
2019-02-26,1.477972436270135,1.279119197537055,1.3249685279423622,1.1847343265814032,1.2866170542893995,1.477972436270135,1.279119197537055,1.3249685279423622,1.1847343265814032,1.2866170542893995,0.9070801527997667,0.9181006655462697,0.9066773339869781,0.9121194540182905
2019-02-27,1.482232724085863,1.2829466037333919,1.3327624604596702,1.188454057591078,1.2904609806146348,1.482232724085863,1.2829466037333919,1.3327624604596702,1.188454057591078,1.2904609806146348,0.9100163396473518,0.9220545150599064,0.9101702003015161,0.916375953950332
2019-02-28,1.4729517922785473,1.272229796301748,1.3201722617778648,1.1766749093937747,1.2778309369745766,1.4729517922785473,1.272229796301748,1.3201722617778648,1.1766749093937747,1.2778309369745766,0.9119212118546858,0.9249872866065075,0.9126953225885808,0.9198150138207265
2019-03-01,1.4795558786087202,1.2791191975370548,1.335760126812481,1.1748150438889373,1.2789292016389293,1.4795558786087202,1.2791191975370548,1.335760126812481,1.1748150438889373,1.2789292016389293,0.9120158452643757,0.9258457074758787,0.9147427818151568,0.9208569958433606
2019-03-04,1.49169706271116,1.2883049490476297,1.3495493920354105,1.1797746852351705,1.2855187896250464,1.49169706271116,1.2883049490476297,1.3495493920354105,1.1797746852351705,1.2855187896250464,0.9125850362546224,0.9276363183380701,0.9167448762934083,0.9222100027421322
2019-03-05,1.4828714602975057,1.2821810757728571,1.3411559262475403,1.1704753577109837,1.2783800693067526,1.4828714602975057,1.2821810757728571,1.3411559262475403,1.1704753577109837,1.2783800693067526,0.911672192314895,0.926491588960664,0.9150612201608149,0.9214519950750297
2019-03-06,1.4812428101848854,1.27835366957652,1.335760126812481,1.1661356715330298,1.2767326723102232,1.4812428101848854,1.27835366957652,1.335760126812481,1.1661356715330298,1.2767326723102232,0.9103829399015456,0.9252477922518079,0.9132641272815291,0.9202777548928132
2019-03-07,1.4662938650309576,1.2661059230269749,1.3249685279423622,1.1562163888405639,1.2586113053484007,1.4662938650309576,1.2661059230269749,1.3249685279423622,1.1562163888405639,1.2586113053484007,0.9074875105720163,0.9205777460209486,0.9096665037828489,0.9157588005839137
2019-03-08,1.4300956382383574,1.2439070138094879,1.2985890640376274,1.1369977786239112,1.2333512180682844,1.4300956382383574,1.2439070138094879,1.2985890640376274,1.1369977786239112,1.2333512180682844,0.8939755180548339,0.9070159512002586,0.8968108343907977,0.9019743674036566
2019-03-11,1.4347591920587637,1.2507962982416272,1.3051839300138113,1.1431973303067022,1.2410390707187546,1.4347591920587637,1.2507962982416272,1.3051839300138113,1.1431973303067022,1.2410390707187546,0.9010159454304716,0.9114394334464475,0.9004116586923536,0.9063825261055592
2019-03-12,1.4603817922748599,1.2722297963017473,1.3303643273774217,1.158076254345401,1.2619060993414595,1.4603817922748599,1.2722297963017473,1.3303643273774217,1.158076254345401,1.2619060993414595,0.9036204000685372,0.9162321450408687,0.904882313793105,0.9121551378508187
2019-03-13,1.4467898687991485,1.257685699476934,1.3135773958016814,1.1438172854749813,1.2459812617083428,1.4467898687991485,1.257685699476934,1.3135773958016814,1.1438172854749813,1.2459812617083428,0.8982823038204243,0.9113908627639489,0.900735657563808,0.9076212168788436
2019-03-14,1.444037657026555,1.2599821665553699,1.3183736619661786,1.1456771509798187,1.2476286587048722,1.444037657026555,1.2599821665553699,1.3183736619661786,1.1456771509798187,1.2476286587048722,0.8936611735229433,0.905290623291259,0.8931200569534189,0.9005146272780975
2019-03-15,1.4523917707985778,1.2676369789480435,1.3261675944834865,1.1537365681674472,1.256414776019695,1.4523917707985778,1.2676369789480435,1.3261675944834865,1.1537365681674472,1.256414776019695,0.9000420044643279,0.9097920482191069,0.8976263493844792,0.9048094152748389
2019-03-18,1.4646375880894438,1.2752917913407171,1.3327624604596704,1.1599361198502383,1.2630043640058124,1.4646375880894438,1.2752917913407171,1.3327624604596704,1.1599361198502383,1.2630043640058124,0.906341975165078,0.9154560566253996,0.9024976239460956,0.9101667618790339
2019-03-19,1.463541109043427,1.2768227304586184,1.3321629271891082,1.162415940523355,1.2679465549954003,1.463541109043427,1.2768227304586184,1.3321629271891082,1.162415940523355,1.2679465549954003,0.902726346921264,0.9101112038889334,0.8971389523429943,0.9043440244462472
2019-03-20,1.4686796966924864,1.277588141615985,1.334561060271357,1.162415940523355,1.2673974226632239,1.4686796966924864,1.277588141615985,1.334561060271357,1.162415940523355,1.2673974226632239,0.909913996364212,0.9179824617136199,0.9056193689813599,0.9121853634601277
2019-03-22,1.4757387647705724,1.2783536695765194,1.3303643273774217,1.1642758060281924,1.271241348988459,1.4757387647705724,1.2783536695765194,1.3303643273774217,1.1642758060281924,1.271241348988459,0.9093773892759445,0.9154754454569122,0.9038558498610473,0.9098006535717237
2019-03-25,1.4379563310913397,1.2446725417700217,1.2937927978731303,1.1382376889604693,1.238842541390049,1.4379563310913397,1.2446725417700217,1.2937927978731303,1.1382376889604693,1.238842541390049,0.8982544310292004,0.9016505869720935,0.8897687613215289,0.8954932246717557
2019-03-26,1.4755697726423926,1.2783536695765194,1.3243689946718002,1.166755626701309,1.2673974226632239,1.4755697726423926,1.2783536695765194,1.3243689946718002,1.166755626701309,1.2673974226632239,0.9152419279975867,0.9201387307917964,0.9086998761506436,0.9150146935171835
2019-03-27,1.4868086854940175,1.2837120148907575,1.3279661942951733,1.1686154922061462,1.2706922166562824,1.4868086854940175,1.2837120148907575,1.3279661942951733,1.1686154922061462,1.2706922166562824,0.9191223717080556,0.9246729540224495,0.9142173928867745,0.9187635194470323
2019-03-28,1.4633387568470133,1.2645749839090732,1.3105797294488708,1.15187670266261,1.2509234526979307,1.4633387568470133,1.2645749839090732,1.3105797294488708,1.15187670266261,1.2509234526979307,0.9101318956797155,0.9163699700702399,0.9070411184041736,0.910526965660648
2019-03-29,1.4720407392442565,1.2714643851443803,1.3207717950484275,1.156836344008843,1.2591604376805772,1.4720407392442565,1.2714643851443803,1.3207717950484275,1.156836344008843,1.2591604376805772,0.9142525757033766,0.9236863319013964,0.915676457525343,0.9177472429155307
2019-04-01,1.496507070101355,1.2928977664013328,1.3393573264358545,1.1760549542254959,1.2816748632998112,1.496507070101355,1.2928977664013328,1.3393573264358545,1.1760549542254959,1.2816748632998112,0.9142096410605124,0.9257324729378833,0.9189576219671306,0.9198994538921371
2019-04-02,1.4946233093684647,1.2913668272834316,1.341755459518103,1.1791547300668916,1.2899118482824579,1.4946233093684647,1.2913668272834316,1.341755459518103,1.1791547300668916,1.2899118482824579,0.9054517195992304,0.9176027513791245,0.9098952112170394,0.9114965509576908
2019-04-03,1.5041016101921083,1.297490700558204,1.350748458576535,1.1834944162448455,1.2778309369745762,1.5041016101921083,1.297490700558204,1.350748458576535,1.1834944162448455,1.2778309369745762,0.9077068211883541,0.9182504461655344,0.9121679523697277,0.9119172764053267
2019-04-04,1.5056399453357467,1.2959597614403027,1.3525470583882215,1.186594192086241,1.2789292016389289,1.5056399453357467,1.2959597614403027,1.3525470583882215,1.186594192086241,1.2789292016389289,0.911187257546054,0.9208109596201722,0.9138327855840177,0.9144915283165046
2019-04-05,1.5112324433027908,1.299021639676105,1.3567437912821565,1.1952735644421488,1.3067702108802743,1.5112324433027908,1.299021639676105,1.3567437912821565,1.1952735644421488,1.3067702108802743,0.9093528076147197,0.9193969755633801,0.9106736161574349,0.9130467716835836
2019-04-08,1.5047736785423462,1.2959597614403024,1.35494519147047,1.1878341024227994,1.2984006322452597,1.5047736785423462,1.2959597614403024,1.35494519147047,1.1878341024227994,1.2984006322452597,0.9077768790686899,0.918657854303604,0.9090859681978847,0.9124748001029875
2019-04-09,1.4964283556340472,1.2921323552439656,1.3555447247410324,1.1816345507400083,1.293378885064251,1.4964283556340472,1.2921323552439656,1.3555447247410324,1.1816345507400083,1.293378885064251,0.8920351393056425,0.9004578667142349,0.8925153041430312,0.894142365098965
2019-04-10,1.4916968089570306,1.2852429540086587,1.3489498587648487,1.174195088720659,1.2833353907022336,1.4916968089570306,1.2852429540086587,1.3489498587648487,1.174195088720659,1.2833353907022336,0.8960243091192135,0.9039447733313177,0.8980830351396852,0.8975598407023591
2019-04-11,1.4903642324482376,1.2867740099297276,1.3519475251176594,1.175434999057217,1.2788716154302258,1.4903642324482376,1.2867740099297276,1.3519475251176594,1.175434999057217,1.2788716154302258,0.9023468532228995,0.9097938549507085,0.9062366130022322,0.9033934216041009
2019-04-12,1.487404917885645,1.284477542851292,1.3615400574466539,1.1710953128792632,1.273849868249217,1.487404917885645,1.284477542851292,1.3615400574466539,1.1710953128792632,1.273849868249217,0.9046683654323233,0.9136378878948939,0.9118034773967721,0.9072182754341578
2019-04-15,1.5155750214374861,1.3013181067545407,1.3807251221046426,1.18039464040345,1.2911469974282472,1.5155750214374861,1.3013181067545407,1.3807251221046426,1.18039464040345,1.2911469974282472,0.9111705984833841,0.9193421019822944,0.9190093129656259,0.9128994925488226
2019-04-16,1.5102817688974572,1.3005525787940062,1.3831232551868913,1.185974236917962,1.2928209131552502,1.5102817688974572,1.3005525787940062,1.3831232551868913,1.185974236917962,1.2928209131552502,0.9095660027295549,0.915870866850119,0.9151511930175247,0.9094795708654958
2019-04-17,1.5160108649887978,1.3051455129508773,1.3873199880808262,1.190933878264195,1.3000745479722629,1.5160108649887978,1.3051455129508773,1.3873199880808262,1.190933878264195,1.3000745479722629,0.9066912154263922,0.9111231372826754,0.9090341756748614,0.9046513812317294
2019-04-18,1.4937506662860158,1.291366827283431,1.3747297893990211,1.185974236917962,1.2905890255192465,1.4937506662860158,1.291366827283431,1.3747297893990211,1.185974236917962,1.2905890255192465,0.8959469414241787,0.8976680358108132,0.895366435425276,0.8911007627453635
2019-04-19,1.4989386079694689,1.2921323552439654,1.381924188645767,1.1847343265814037,1.2911469974282475,1.4989386079694689,1.2921323552439654,1.381924188645767,1.1847343265814037,1.2911469974282475,0.8980607190212131,0.9017456069616772,0.8995182985232273,0.8953052401716977
2019-04-22,1.4983677822072616,1.294428822322401,1.3837227884574534,1.1834944162448453,1.2866832221562396,1.4983677822072616,1.294428822322401,1.3837227884574534,1.1834944162448453,1.2866832221562396,0.9028523207829962,0.9053440945051336,0.9049621294383824,0.8988537581639263
2019-04-23,1.5019830514195882,1.298256228518738,1.3861209215397021,1.1872141472545201,1.2889151097922436,1.5019830514195882,1.298256228518738,1.3861209215397021,1.1872141472545201,1.2889151097922436,0.908374695564165,0.9109377751270459,0.9126148916862208,0.9043870433071692
2019-04-24,1.4922731076584157,1.2883049490476286,1.382523721916329,1.1748150438889375,1.2744078401582182,1.4922731076584157,1.2883049490476286,1.382523721916329,1.1748150438889375,1.2744078401582182,0.906422993022121,0.9104364308744101,0.91179625892059,0.9039425487569731
2019-04-25,1.5028862605689985,1.2944288223224012,1.389118587892513,1.1760549542254957,1.2777556716122238,1.5028862605689985,1.2944288223224012,1.389118587892513,1.1760549542254957,1.2777556716122238,0.9136459720741337,0.9195220531167009,0.921132024507197,0.9130905443311467
2019-04-26,1.4964402987910455,1.2928977664013324,1.3861209215397023,1.1748150438889373,1.274407840158218,1.4964402987910455,1.2928977664013324,1.3861209215397023,1.1748150438889373,1.274407840158218,0.9100476400750857,0.9166661776394556,0.9176808487653053,0.9102341783620324
2019-05-07,1.478799464686874,1.2783536695765192,1.3663363236111512,1.1580762543454008,1.255436795252185,1.478799464686874,1.2783536695765192,1.3663363236111512,1.1580762543454008,1.255436795252185,0.9084558779045749,0.914430369132046,0.9149970742141961,0.9078768361921359
2019-05-08,1.4532576214544919,1.2576856994769336,1.345952192412038,1.1351379131190733,1.2286541436201384,1.4532576214544919,1.2576856994769336,1.345952192412038,1.1351379131190733,1.2286541436201384,0.8981091617774126,0.9045348313425575,0.9042715088842318,0.8979274930165209
2019-05-09,1.4265965964790686,1.239314079652616,1.335160593541919,1.1159193029024206,1.2096830987141054,1.4265965964790686,1.239314079652616,1.335160593541919,1.1159193029024206,1.2096830987141054,0.8816529590495319,0.888045844670404,0.8880163423779038,0.881257319039828
2019-05-10,1.4279516872104463,1.2385486684952494,1.331563393918546,1.112819527061025,1.2052193234420976,1.4279516872104463,1.2385486684952494,1.331563393918546,1.112819527061025,1.2052193234420976,0.8816050421074785,0.885414675718128,0.885123798466351,0.8782842305010451
2019-05-13,1.415743383703812,1.2331903231810113,1.320172261777865,1.1097197512196295,1.1929439414440761,1.415743383703812,1.2331903231810113,1.320172261777865,1.1097197512196295,1.1929439414440761,0.8790254858725132,0.8779124763026874,0.8768227889807956,0.8705858273018481
2019-05-14,1.4112019033496297,1.22859738902414,1.3141769290722436,1.1097197512196295,1.1895961099900703,1.4112019033496297,1.22859738902414,1.3141769290722436,1.1097197512196295,1.1895961099900703,0.8835118049076884,0.8762198346519483,0.874146386109959,0.8685563732915379
2019-05-15,1.421652483798664,1.233955734338378,1.320172261777865,1.112819527061025,1.1890381380810693,1.421652483798664,1.233955734338378,1.320172261777865,1.112819527061025,1.1890381380810693,0.8899789176553924,0.8832631742898537,0.8809511872102146,0.8757443241720815
2019-05-16,1.4145249475099029,1.2308938561025755,1.3129778625311193,1.1084798408830712,1.1840163909000605,1.4145249475099029,1.2308938561025755,1.3129778625311193,1.1084798408830712,1.1840163909000605,0.8967581027802692,0.8908021039623272,0.8887688175927979,0.8832116577142582
2019-05-17,1.4305935862260795,1.2431414858489531,1.3255680612129244,1.1165392580706999,1.1895961099900703,1.4305935862260795,1.2431414858489531,1.3255680612129244,1.1165392580706999,1.1895961099900703,0.9087728043515692,0.9028506712932929,0.9019216730162195,0.8950894442775141
2019-05-20,1.4252923373334976,1.2446725417700217,1.3291652608362974,1.1183991235755373,1.1907120538080722,1.4252923373334976,1.2446725417700217,1.3291652608362974,1.1183991235755373,1.1907120538080722,0.9115935606444259,0.9047567251288672,0.9024173965222712,0.8972054406608514
2019-05-21,1.418872813698674,1.2400796076131504,1.3255680612129246,1.1190190787438163,1.1884801661720683,1.418872813698674,1.2400796076131504,1.3255680612129246,1.1190190787438163,1.1884801661720683,0.9094037673283646,0.9024296128759602,0.9013967250393083,0.8947438952623323
2019-05-22,1.4188296848626154,1.2362522014168136,1.326167594483487,1.1190190787438163,1.1890381380810693,1.4188296848626154,1.2362522014168136,1.326167594483487,1.1190190787438163,1.1890381380810693,0.9040176923634834,0.8982260452126584,0.8970613833595511,0.890670326002845
2019-05-23,1.4110468500908722,1.2324247952204765,1.3171745954250547,1.112199571892746,1.1806685594460549,1.4110468500908722,1.2324247952204765,1.3171745954250547,1.112199571892746,1.1806685594460549,0.9095253162203877,0.9036676879648634,0.9034998935265691,0.8959271285066318
2019-05-24,1.4138459084055817,1.2339557343383778,1.3159755288839303,1.1090997960513505,1.178436671810051,1.4138459084055817,1.2339557343383778,1.3159755288839303,1.1090997960513505,1.178436671810051,0.912238191180317,0.9048460983722761,0.9056859339834652,0.8971326840350767
2019-05-27,1.418763089747232,1.2393140796526159,1.3201722617778655,1.112199571892746,1.1823424751730578,1.418763089747232,1.2393140796526159,1.3201722617778655,1.112199571892746,1.1823424751730578,0.916782925653376,0.9097011727045,0.9103840007234315,0.9019098327113759
2019-05-28,1.4223044690970301,1.2408451355736847,1.3249685279423629,1.1165392580706999,1.1868062504450656,1.4223044690970301,1.2408451355736847,1.3249685279423629,1.1165392580706999,1.1868062504450656,0.915441698769373,0.9079985871596105,0.9084975898018424,0.9001301096428586
2019-05-29,1.4098258170386146,1.229362916984674,1.3087811296371847,1.1090997960513505,1.177320727992049,1.4098258170386146,1.229362916984674,1.3087811296371847,1.1090997960513505,1.177320727992049,0.9121658929103258,0.9024262211775014,0.9031497256352037,0.8941582941185882
2019-05-30,1.4073625291537604,1.2247699828278027,1.3033853302021254,1.1134394822293043,1.179552615628053,1.4073625291537604,1.2247699828278027,1.3033853302021254,1.1134394822293043,1.179552615628053,0.9071382124689552,0.894837817213587,0.8937478971282938,0.8867326082180707
2019-05-31,1.3922842230476107,1.2102258860029895,1.2836007322735743,1.0954607823492097,1.1644873740850268,1.3922842230476107,1.2102258860029895,1.2836007322735743,1.0954607823492097,1.1644873740850268,0.9028411790991303,0.8916386105400965,0.8912594542783093,0.8837515272676986
2019-06-03,1.3700040492158483,1.2002746065318801,1.271010533591769,1.086161454825023,1.1499801044510014,1.3700040492158483,1.2002746065318801,1.271010533591769,1.086161454825023,1.1499801044510014,0.8967198459225205,0.8859489173580682,0.8838574636420924,0.8783350207361384
2019-06-04,1.3807033872526604,1.1987436674139789,1.2716100668623311,1.0911210961712559,1.16058157072202,1.3807033872526604,1.1987436674139789,1.2716100668623311,1.0911210961712559,1.16058157072202,0.8892505982506387,0.8788306910652279,0.8769122584405687,0.8714678408653146
2019-06-05,1.4137317695093496,1.2247699828278025,1.293792797873131,1.1103397063879086,1.1829004470820588,1.4137317695093496,1.2247699828278025,1.293792797873131,1.1103397063879086,1.1829004470820588,0.9049008911388402,0.8937284082784615,0.894615092051597,0.886266662866935
2019-06-06,1.4030588226124685,1.2201770486709311,1.293792797873131,1.1084798408830712,1.178436671810051,1.4030588226124685,1.2201770486709311,1.293792797873131,1.1084798408830712,1.178436671810051,0.9094679797070614,0.9004806598710597,0.9003463862521963,0.8931942289276862
2019-06-07,1.4131947768580695,1.2263009219457035,1.302186263661001,1.1134394822293041,1.1840163909000605,1.4131947768580695,1.2263009219457035,1.302186263661001,1.1134394822293041,1.1840163909000605,0.9087816847822483,0.8999525800104643,0.8999978305434793,0.8927064000746778
2019-06-10,1.432127893852446,1.2439070138094868,1.3165750621544927,1.1196390339120952,1.191827997626074,1.432127893852446,1.2439070138094868,1.3165750621544927,1.1196390339120952,1.191827997626074,0.9174043314647955,0.9100187473934146,0.9120806217969035,0.902780582115433
2019-06-11,1.4405417169505859,1.2500308870842594,1.3231699281306764,1.1276984510997237,1.2018714919880913,1.4405417169505859,1.2500308870842594,1.3231699281306764,1.1276984510997237,1.2018714919880913,0.9193043150493291,0.910316728885825,0.9126869205109603,0.9030057135292541
2019-06-12,1.4360986953247346,1.2431414858489525,1.3177741286956168,1.1245986752583281,1.1990816324430864,1.4360986953247346,1.2431414858489525,1.3177741286956168,1.1245986752583281,1.1990816324430864,0.9183299738842845,0.9069263068021375,0.9090721971267832,0.8993555890935437
2019-06-13,1.4200425088025623,1.2331903231810106,1.3093806629077467,1.113439482229304,1.186806250445065,1.4200425088025623,1.2331903231810106,1.3093806629077467,1.113439482229304,1.186806250445065,0.913550053374071,0.9026224019800786,0.9048482806388114,0.8952021733426105
2019-06-14,1.4266556274012567,1.2377831405347144,1.3153759956133682,1.1152993477341413,1.187364222354066,1.4266556274012567,1.2377831405347144,1.3153759956133682,1.1152993477341413,1.187364222354066,0.922719528954633,0.9109949323711259,0.9144606332606724,0.9034578591913167
2019-06-17,1.4162053824161955,1.230893856102575,1.3177741286956166,1.1146793925658622,1.1806685594460542,1.4162053824161955,1.230893856102575,1.3177741286956166,1.1146793925658622,1.1806685594460542,0.9201825147196133,0.9076696712623223,0.9106929652558761,0.900311912698524
2019-06-18,1.3985339258549185,1.222473515749367,1.3099801961783086,1.10909979605135,1.1734149246290415,1.3985339258549185,1.222473515749367,1.3099801961783086,1.10909979605135,1.1734149246290415,0.9159760839203839,0.9017654553998736,0.9050652368667037,0.8942185143616143
2019-06-19,1.4265441793921505,1.2446725417700215,1.3291652608362976,1.1264585407631653,1.1951758290800794,1.4265441793921505,1.2446725417700215,1.3291652608362976,1.1264585407631653,1.1951758290800794,0.9221057294536669,0.9077275985160681,0.9118319180558385,0.9002670776011944
2019-06-20,1.4336901497540422,1.2484999479663585,1.3363596600830434,1.1264585407631653,1.1968497448070823,1.4336901497540422,1.2484999479663585,1.3363596600830434,1.1264585407631653,1.1968497448070823,0.9232748010427272,0.9086289563519765,0.911957716758016,0.9010954836577586
2019-06-21,1.4240749807770388,1.2370177293773479,1.3243689946718002,1.1239787200900488,1.1923859695350745,1.4240749807770388,1.2370177293773479,1.3243689946718002,1.1239787200900488,1.1923859695350745,0.9163229030120444,0.8999429772814528,0.9034407207196398,0.8923436004371574
2019-06-24,1.4253776861071827,1.239314079652616,1.3255680612129246,1.1239787200900488,1.1962917728980813,1.4253776861071827,1.239314079652616,1.3255680612129246,1.1239787200900488,1.1962917728980813,0.9186171339514876,0.9032384174521512,0.9074679037354154,0.8955976103727742
2019-06-25,1.4203862611857068,1.233955734338378,1.318973195236741,1.120878944248653,1.1907120538080715,1.4203862611857068,1.233955734338378,1.318973195236741,1.120878944248653,1.1907120538080715,0.921563795304193,0.9067107713902838,0.910014939625313,0.8988805303999254
2019-06-26,1.412784715203981,1.2278318610636054,1.31597552888393,1.1177791684072576,1.1884801661720676,1.412784715203981,1.2278318610636054,1.31597552888393,1.1177791684072576,1.1884801661720676,0.9113325632733562,0.8972763259483829,0.8996946940913165,0.889509083326646
2019-06-27,1.4339841936564963,1.244672541770022,1.330364327377422,1.1332780476142357,1.204103379624095,1.4339841936564963,1.244672541770022,1.330364327377422,1.1332780476142357,1.204103379624095,0.9149626537726206,0.900733234131141,0.9049109294144497,0.8930313836155324
2019-06-28,1.432606286895696,1.2439070138094876,1.3255680612129248,1.1301782717728401,1.201871491988091,1.432606286895696,1.2439070138094876,1.3255680612129248,1.1301782717728401,1.201871491988091,0.9165776636726144,0.9017810826334762,0.9074398785372928,0.8941367972939291
2019-07-01,1.468154008701199,1.2714643851443803,1.3567437912821567,1.1537365681674467,1.2297700874381396,1.468154008701199,1.2714643851443803,1.3567437912821567,1.1537365681674467,1.2297700874381396,0.9302993874609281,0.9143572604651998,0.9218058409643336,0.9067261369091079
2019-07-02,1.4771420997393487,1.2745262633801828,1.3549451914704702,1.1574562991771216,1.2336758908011465,1.4771420997393487,1.2745262633801828,1.3549451914704702,1.1574562991771216,1.2336758908011465,0.9366208111534762,0.9212725048506105,0.9277377944540515,0.9135949506493481
2019-07-03,1.471696942702164,1.2630440447911722,1.3471512589531622,1.1475370164846557,1.2191686211671213,1.471696942702164,1.2630440447911722,1.3471512589531622,1.1475370164846557,1.2191686211671213,0.9352077102858731,0.9202579876173949,0.9243549242360486,0.9125833527130675
2019-07-04,1.4829590588758699,1.2737607354196485,1.3285657275657354,1.1537365681674467,1.226422255984134,1.4829590588758699,1.2737607354196485,1.3285657275657354,1.1537365681674467,1.226422255984134,0.9374911684815102,0.9214266664236883,0.9239165530547407,0.9137388310143328
2019-07-05,1.4865030267392245,1.2752917913407176,1.330364327377422,1.159316164681959,1.2291005211473387,1.4865030267392245,1.2752917913407176,1.330364327377422,1.159316164681959,1.2291005211473387,0.9405461305964055,0.9240007404112489,0.9257787573761584,0.9162737427746491
2019-07-08,1.4720275206118234,1.2408451355736856,1.3446931725438576,1.1555964336722844,1.2246269978674575,1.4720275206118234,1.2408451355736856,1.3446931725438576,1.1555964336722844,1.2246269978674575,0.933924578704362,0.9192583681003383,0.9210839960500652,0.9115917119460364
2019-07-09,1.4633641416917869,1.2362522014168142,1.3434718345124825,1.1506367923260514,1.2212718554075468,1.4633641416917869,1.2362522014168142,1.3434718345124825,1.1506367923260514,1.2212718554075468,0.9335932461793374,0.9156120236486616,0.9168517752606016,0.9078004289691299
2019-07-10,1.4607061142261764,1.2586808484486156,1.3446931725438576,1.1500168371577724,1.217916712947636,1.4607061142261764,1.2586808484486156,1.3446931725438576,1.1500168371577724,1.217916712947636,0.9419300213782089,0.9238520763075553,0.9263815939338558,0.9159838941893658
2019-07-11,1.4713116803706199,1.2657125370787057,1.350189193685045,1.153116612999168,1.2212718554075468,1.4713116803706199,1.2657125370787057,1.350189193685045,1.153116612999168,1.2212718554075468,0.9555179215384471,0.9380934410308412,0.9444830367238826,0.9301797792843884
2019-07-12,1.4637301305422303,1.2633686011294973,1.352631869747795,1.153736568167447,1.2195942841775913,1.4637301305422303,1.2633686011294973,1.352631869747795,1.153736568167447,1.2195942841775913,0.9520440180401643,0.9348461840247809,0.9412208874747147,0.9270544320227285
2019-07-16,1.4586137826091468,1.2563369124994073,1.34408250352817,1.1500168371577724,1.2173575225376507,1.4586137826091468,1.2563369124994073,1.34408250352817,1.1500168371577724,1.2173575225376507,0.9543965302986934,0.9366040462874041,0.9420449007774856,0.9287089912555768
2019-07-17,1.454461057539173,1.2555555607771596,1.3398078204183577,1.1493968819894933,1.2117656184377994,1.454461057539173,1.2555555607771596,1.3398078204183577,1.1493968819894933,1.2117656184377994,0.9584597202453352,0.9414224617854787,0.9450291128953004,0.9335533171240877
2019-07-18,1.4176809650575186,1.2282099195439777,1.3123277147124206,1.1270784959314448,1.1871612403984533,1.4176809650575186,1.2282099195439777,1.3123277147124206,1.1270784959314448,1.1871612403984533,0.9409919323834512,0.9236576330989885,0.92551529393417,0.9159573999752746
2019-07-19,1.4474550644413362,1.2524303923232383,1.3379758133712953,1.147537016484656,1.2078512855679033,1.4474550644413362,1.2524303923232383,1.3379758133712953,1.147537016484656,1.2078512855679033,0.9534760966206924,0.9363779336713455,0.9390028144414274,0.9287526420446613
2019-07-22,1.442736600396408,1.2453985844756135,1.3355331373085455,1.1450571958115394,1.2039369526980073,1.442736600396408,1.2453985844756135,1.3355331373085455,1.1450571958115394,1.2039369526980073,0.9458204130571507,0.9279719696341083,0.931725335392472,0.9203384284421208
2019-07-23,1.4567158004293128,1.25711814500412,1.3483571866379827,1.1537365681674472,1.2140023800777398,1.4567158004293128,1.25711814500412,1.3483571866379827,1.1537365681674472,1.2140023800777398,0.9535144225122116,0.9360110187703978,0.9392706122861351,0.9283635268104653
2019-07-24,1.4604360375014593,1.2618060169025365,1.3526318697477953,1.156836344008843,1.2179167129476358,1.4604360375014593,1.2618060169025365,1.3526318697477953,1.156836344008843,1.2179167129476358,0.9612594220736689,0.9449781465231958,0.9473132736776125,0.9374305829901907
2019-07-25,1.4681430731555511,1.2641499528517448,1.358127890888983,1.1555964336722848,1.2179167129476358,1.4681430731555511,1.2641499528517448,1.358127890888983,1.1555964336722848,1.2179167129476358,0.9653699067820054,0.9494724357477933,0.9508809991212751,0.9420688748010155
2019-07-26,1.4602438290802209,1.2586808484486154,1.3501891936850454,1.146917061316377,1.2089696663878735,1.4602438290802209,1.2586808484486154,1.3501891936850454,1.146917061316377,1.2089696663878735,0.9653974145215212,0.9481799334520711,0.9498800188517377,0.9405821196709312
2019-07-29,1.4579572436524308,1.2578994967263677,1.347135848606608,1.1376177337921902,1.1994634294181261,1.4579572436524308,1.2578994967263677,1.347135848606608,1.1376177337921902,1.1994634294181261,0.9640575327849534,0.9493875190809727,0.9498599116059675,0.9417746188640418
2019-07-30,1.4681191854528644,1.2633686011294973,1.353242538763483,1.1431973303067022,1.2022593814680518,1.4681191854528644,1.2633686011294973,1.353242538763483,1.1431973303067022,1.2022593814680518,0.9655183473300962,0.9511013489589846,0.9520179187223071,0.9435057762466756
2019-07-31,1.4592786465844878,1.2539929765501991,1.3428611654967957,1.1357578682873528,1.1927531444983044,1.4592786465844878,1.2539929765501991,1.3428611654967957,1.1357578682873528,1.1927531444983044,0.966377919875484,0.9513533478185696,0.9515592882875762,0.943746567502744
2019-08-01,1.455902926755535,1.2555555607771598,1.3428611654967957,1.132658092445957,1.1888388116284083,1.455902926755535,1.2555555607771598,1.3428611654967957,1.132658092445957,1.1888388116284083,0.96205432786129,0.9465051714906129,0.943811437626818,0.938981008974478
2019-08-02,1.4177707974757006,1.227428687039265,1.3153810597908586,1.1060000202099547,1.1586425294892106,1.4177707974757006,1.227428687039265,1.3153810597908586,1.1060000202099547,1.1586425294892106,0.9490811432713868,0.9335631406446239,0.9283870693378157,0.9261616678133056
2019-08-05,1.3894320575170405,1.2055521502092126,1.293396975226109,1.08802132032986,1.1345973418598496,1.3894320575170405,1.2055521502092126,1.293396975226109,1.08802132032986,1.1345973418598496,0.9396783676034716,0.9240174495265211,0.917356775280037,0.9165980562538061
2019-08-06,1.385167254516719,1.2008642783107961,1.2848476090064842,1.112819527061025,1.1312421993999389,1.385167254516719,1.2008642783107961,1.2848476090064842,1.112819527061025,1.1312421993999389,0.9319886286943269,0.9170187924438207,0.9111338009506005,0.909683174719224
2019-08-07,1.3847220597542094,1.2016456300330438,1.2799622568809843,1.122738809753491,1.1290054377599983,1.3847220597542094,1.2016456300330438,1.2799622568809843,1.122738809753491,1.1290054377599983,0.9317929288463953,0.9179568926782559,0.913548018669304,0.910711077158619
2019-08-08,1.387154636397156,1.2000830458060832,1.2866796160535467,1.0818217686470688,1.1250911048901022,1.387154636397156,1.2000830458060832,1.2866796160535467,1.0818217686470688,1.1250911048901022,0.9319440092489226,0.9187177899005154,0.9110706832056151,0.9115417481245347
2019-08-09,1.3888257279045089,1.2055521502092126,1.2903436301476718,1.0942208720126512,1.1250911048901022,1.3888257279045089,1.2055521502092126,1.2903436301476718,1.0942208720126512,1.1250911048901022,0.9373114390846411,0.9204088323969113,0.9137401411675087,0.9130459327106252
2019-08-13,1.3703628214675572,1.1922700054537454,1.275687573771172,1.066358766475292,1.107756202180563,1.3703628214675572,1.1922700054537454,1.275687573771172,1.066358766475292,1.107756202180563,0.9403122919414968,0.920652677807075,0.9138673929067892,0.9132191708867947
2019-08-14,1.3863713517186755,1.200083045806083,1.2872902850692345,1.0733242928596318,1.1172624391503103,1.3863713517186755,1.200083045806083,1.2872902850692345,1.0733242928596318,1.1172624391503103,0.9498340075571865,0.9305208343357765,0.9240968705206112,0.9229677483247497
2019-08-15,1.3692794397802717,1.1875821335553287,1.2714128906613598,1.066358766475292,1.1066378213605927,1.3692794397802717,1.1875821335553287,1.2714128906613598,1.066358766475292,1.1066378213605927,0.9466173236738447,0.9254002242718629,0.9195574434469012,0.9176785647123076
2019-08-16,1.36942572492223,1.1907073020092498,1.2750769047554849,1.0720578335170248,1.1099929638205035,1.36942572492223,1.1907073020092498,1.2750769047554849,1.0720578335170248,1.1099929638205035,0.9449986030045567,0.9217396008148473,0.9113833940856959,0.9139903124637124
2019-08-19,1.3798464029852304,1.1977391098568746,1.2836262709751096,1.0790233599013646,1.1211767720202064,1.3798464029852304,1.1977391098568746,1.2836262709751096,1.0790233599013646,1.1211767720202064,0.9390025242507373,0.9153310268320853,0.9059022456803364,0.907757502436195
2019-08-20,1.3947665425050202,1.2078960861584205,1.2897329611319848,1.084722426943097,1.1250911048901024,1.3947665425050202,1.2078960861584205,1.2897329611319848,1.084722426943097,1.1250911048901024,0.951567425358513,0.9290017762736201,0.9194510105444909,0.9215461314366155
2019-08-21,1.384105185392818,1.199301694083835,1.2866796160535474,1.081556278586579,1.1194992007902511,1.384105185392818,1.199301694083835,1.2866796160535474,1.081556278586579,1.1194992007902511,0.9423544282463886,0.9205700223505043,0.9103462239257081,0.9132814525140724
2019-08-22,1.3819600702226837,1.2008642783107957,1.28606894703786,1.0828227379291862,1.1200583912002362,1.3819600702226837,1.2008642783107957,1.28606894703786,1.0828227379291862,1.1200583912002362,0.9437456948920272,0.922437037433873,0.9121699485798932,0.9151970977350442
2019-08-23,1.3860700944638473,1.2039895659822515,1.2927863062104223,1.0859888862857043,1.1217359624301917,1.3860700944638473,1.2039895659822515,1.2927863062104223,1.0859888862857043,1.1217359624301917,0.9432069934943536,0.9234891308665751,0.9130394424156085,0.9162514748932722
2019-08-26,1.3581715653114252,1.1844569651014072,1.2653062005044853,1.0720578335170248,1.1055194405406226,1.3581715653114252,1.1844569651014072,1.2653062005044853,1.0720578335170248,1.1055194405406226,0.9329769912641118,0.9128680960200514,0.9030699314813061,0.9056654789644392
2019-08-27,1.3707833141980827,1.192270005453745,1.2756875737711728,1.0802898192439718,1.1144664871003847,1.3707833141980827,1.192270005453745,1.2756875737711728,1.0802898192439718,1.1144664871003847,0.9383278346711168,0.9172288899009553,0.9115634206952868,0.9100378624483781
2019-08-28,1.3657522304874616,1.1938325896807056,1.2775195808182354,1.0828227379291864,1.1167032487403252,1.3657522304874616,1.1938325896807056,1.2775195808182354,1.0828227379291864,1.1167032487403252,0.9367976707808109,0.9150536274010567,0.9095876602918916,0.9078377369856131
2019-08-29,1.3643414532171387,1.1946138221854186,1.2775195808182354,1.081556278586579,1.115584867920355,1.3643414532171387,1.1946138221854186,1.2775195808182354,1.081556278586579,1.115584867920355,0.9325530934165721,0.9111023845135319,0.9055418293740392,0.9039317123502445
2019-08-30,1.3922438148087846,1.2125838388393022,1.2927863062104226,1.0942208720126514,1.1334789610398794,1.3922438148087846,1.2125838388393022,1.2927863062104226,1.0942208720126514,1.1334789610398794,0.9411179885343347,0.9201360237325666,0.9159385263039278,0.9129003594203386
2019-09-02,1.3819167712565885,1.206333382713925,1.2872902850692352,1.094854101683955,1.1306830089899538,1.3819167712565885,1.206333382713925,1.2872902850692352,1.094854101683955,1.1306830089899538,0.9349672739043628,0.912862570108218,0.9091399618586473,0.9056454839701903
2019-09-03,1.3909337436789835,1.2118026063345892,1.2872902850692352,1.0980202500404732,1.1385116747297457,1.3909337436789835,1.2118026063345892,1.2872902850692352,1.0980202500404732,1.1385116747297457,0.9367651765536237,0.9171369456071083,0.9132829800743268,0.909886221478884
2019-09-04,1.3820805239827323,1.209458670385381,1.2903436301476727,1.0935876423413478,1.132360580219909,1.3820805239827323,1.209458670385381,1.2903436301476727,1.0935876423413478,1.132360580219909,0.9371089676460974,0.9153279431072789,0.9126945800373009,0.907921872648237
2019-09-05,1.4101587027644324,1.2289912712662252,1.3166023978222348,1.1106848434665453,1.1541690062093295,1.4101587027644324,1.2289912712662252,1.3166023978222348,1.1106848434665453,1.1541690062093295,0.9514037126051299,0.9302230770187361,0.9293367721723852,0.922692260478407
2019-09-06,1.409671200024305,1.2321164397201465,1.3208770809320471,1.1163839105082778,1.1586425294892106,1.409671200024305,1.2321164397201465,1.3208770809320471,1.1163839105082778,1.1586425294892106,0.952047071742146,0.9297963159172022,0.9294555175178779,0.9222562736792146
2019-09-09,1.4234401364164848,1.2422734160216924,1.329426447151672,1.1258823555778321,1.1670303856389876,1.4234401364164848,1.2422734160216924,1.329426447151672,1.1258823555778321,1.1670303856389876,0.960407246509041,0.9391206822978219,0.9391567724135624,0.9314154533336071
2019-09-10,1.4327136368156757,1.2493051046517825,1.3343117992771718,1.1423463270317262,1.1921939540883189,1.4327136368156757,1.2493051046517825,1.3343117992771718,1.1423463270317262,1.1921939540883189,0.9502636589828907,0.9311678899374184,0.9295223277010123,0.9235362018153147
2019-09-11,1.4574905433409382,1.2696190572548742,1.3465251795909217,1.1657758248699601,1.2229494266375016,1.4574905433409382,1.2696190572548742,1.3465251795909217,1.1657758248699601,1.2229494266375016,0.9549553847476162,0.9388008779687658,0.937148893958753,0.9312228962529082
2019-09-12,1.4641716007313001,1.2797760335564201,1.359349228920359,1.1746410402682108,1.2296597115573233,1.4641716007313001,1.2797760335564201,1.359349228920359,1.1746410402682108,1.2296597115573233,0.9596898162945999,0.9435069872350805,0.9424255448326997,0.9359384761963798
2019-09-13,1.4742681978148973,1.2914955940849266,1.3721732782497966,1.1809733369812472,1.2352516156571747,1.4742681978148973,1.2914955940849266,1.3721732782497966,1.1809733369812472,1.2352516156571747,0.9632239322246968,0.9455358787904649,0.9441690411222785,0.9379409235895632
2019-09-17,1.4804971349741753,1.2930581783118873,1.3721732782497966,1.1841394853377654,1.236369996477145,1.4804971349741753,1.2930581783118873,1.3721732782497966,1.1841394853377654,1.236369996477145,0.9644083791937829,0.9481010990152577,0.9470499574674128,0.9406465151523608
2019-09-18,1.471876853747522,1.2875890739087579,1.370341271202734,1.1771739589534256,1.2302189019673087,1.471876853747522,1.2875890739087579,1.370341271202734,1.1771739589534256,1.2302189019673087,0.9612433763368193,0.9438292317478664,0.9425587054743376,0.9364067998768419
2019-09-19,1.4868101708779646,1.2954021142610956,1.3758372923439215,1.1759074996108183,1.2318964731972641,1.4868101708779646,1.2954021142610956,1.3758372923439215,1.1759074996108183,1.2318964731972641,0.9748038699855481,0.955417701115174,0.9534359142152558,0.9478435652107885
2019-09-20,1.4910344131145108,1.294620762538848,1.376447961359609,1.174641040268211,1.2302189019673087,1.4910344131145108,1.294620762538848,1.376447961359609,1.174641040268211,1.2302189019673087,0.9763838642268827,0.9558385629024385,0.9545309791057779,0.9482011043022642
2019-09-24,1.498346995076243,1.3016525703864728,1.3795013064380464,1.1803401073099438,1.2318964731972641,1.498346995076243,1.3016525703864728,1.3795013064380464,1.1803401073099438,1.2318964731972641,0.9847837848340312,0.963648499885251,0.9620995562231013,0.9561898447613222
2019-09-25,1.4964364379001003,1.2993086344372646,1.374005285296859,1.175274269939515,1.2296597115573236,1.4964364379001003,1.2993086344372646,1.374005285296859,1.175274269939515,1.2296597115573236,0.9890138363650999,0.9674336531062182,0.9655752806179846,0.959972338969998
2019-09-26,1.5028487955388374,1.298527282715017,1.3746159543125465,1.180340107309944,1.2324556636072492,1.5028487955388374,1.298527282715017,1.3746159543125465,1.180340107309944,1.2324556636072492,0.9864663730068659,0.9676865421265961,0.9662420674931906,0.9599913333169411
2019-09-27,1.495432338049218,1.2969646984880563,1.3733946162811714,1.1816065666525513,1.2285413307373532,1.495432338049218,1.2969646984880563,1.3733946162811714,1.1816065666525513,1.2285413307373532,0.9890270771523568,0.9687822920496534,0.965638124731522,0.9608466385438938
2019-09-30,1.4821448773038883,1.283682553732589,1.3648452500615467,1.167042284212568,1.2190350937676058,1.4821448773038883,1.283682553732589,1.3648452500615467,1.167042284212568,1.2190350937676058,0.9856509043459999,0.9652113125031977,0.9637235025299096,0.9571303568516826
2019-10-01,1.5019304909905447,1.297746050210304,1.3758372923439217,1.1847727150090692,1.236369996477145,1.5019304909905447,1.297746050210304,1.3758372923439217,1.1847727150090692,1.236369996477145,0.9914259124093309,0.97150917686332,0.9677475457394479,0.963437123633411
2019-10-02,1.5003314647957067,1.2922768265896398,1.3691199331713593,1.181606566652551,1.227982140327368,1.5003314647957067,1.2922768265896398,1.3691199331713593,1.181606566652551,1.227982140327368,1.0049824818591357,0.9820619495263481,0.9804509617251719,0.9739505358965688
2019-10-03,1.471345097131054,1.2688377055326268,1.3410291584497347,1.1594435281569244,1.211765618437799,1.471345097131054,1.2688377055326268,1.3410291584497347,1.1594435281569244,1.211765618437799,0.9916367363195008,0.9685736394218164,0.9660599621058287,0.9603865999421513
2019-10-04,1.475069003436115,1.2727442257087958,1.3459145105752348,1.1626096765134424,1.1871612403984528,1.475069003436115,1.2727442257087958,1.3459145105752348,1.1626096765134424,1.1871612403984528,0.991924037278848,0.9687664185590544,0.9649412979990878,0.9604963534850013
2019-10-07,1.4777612752498208,1.2704004089771221,1.3434718345124848,1.1594435281569244,1.2046639002309878,1.4777612752498208,1.2704004089771221,1.3434718345124848,1.1594435281569244,1.2046639002309878,0.9941818644274352,0.9705303447913578,0.9666451563026729,0.962281275350306
2019-10-08,1.494224063324171,1.2844637862373023,1.3581278908889847,1.1689419732264785,1.2131874655628108,1.494224063324171,1.2844637862373023,1.3581278908889847,1.1689419732264785,1.2131874655628108,0.9984471064804067,0.9760556680487139,0.9721821697070203,0.9677676503683653
2019-10-09,1.4925472260325185,1.2797760335564206,1.3489678556536722,1.163242906184746,1.2148921786291755,1.4925472260325185,1.2797760335564206,1.3489678556536722,1.163242906184746,1.2148921786291755,1.0018050081872936,0.9797070849719997,0.9752166154391327,0.9712485754484427
2019-10-10,1.4863783557511505,1.2805572660611335,1.3544638767948594,1.165142595198657,1.207505088674929,1.4863783557511505,1.2805572660611335,1.3544638767948594,1.165142595198657,1.207505088674929,0.9975405579747135,0.9769914373623186,0.9710938105491617,0.9686366580506995
2019-10-11,1.4944245240487235,1.2914955940849269,1.369119933171359,1.1822397963238547,1.2290981208488807,1.4944245240487235,1.2914955940849269,1.369119933171359,1.1822397963238547,1.2290981208488807,1.0016058347915897,0.9830028179945798,0.9758741562063584,0.9746500941795444
2019-10-15,1.5188684599514013,1.311809427470484,1.3947680318302338,1.2037696051481777,1.2501229153340443,1.5188684599514013,1.311809427470484,1.3947680318302338,1.2037696051481777,1.2501229153340443,1.0104706484591968,0.994810988990243,0.987243817497814,0.9865791412940169
2019-10-16,1.5275772383321784,1.3188412353181085,1.411256095253796,1.2069357535046958,1.2569417675995027,1.5275772383321784,1.3188412353181085,1.411256095253796,1.2069357535046958,1.2569417675995027,1.014601510647154,0.9980737391514456,0.9931526911918412,0.9896226194162889
2019-10-17,1.5219017807738775,1.3125907791927314,1.411256095253796,1.2025031458055706,1.2523958660891972,1.5219017807738775,1.3125907791927314,1.411256095253796,1.2025031458055706,1.2523958660891972,1.0114216788240702,0.9939973492784263,0.98932175957727,0.9855563967963418
2019-10-18,1.5245312216527156,1.3125907791927314,1.414920109347921,1.199970227120356,1.2506911530228326,1.5245312216527156,1.3125907791927314,1.414920109347921,1.199970227120356,1.2506911530228326,1.0132423536788846,0.995243313233162,0.991178881248981,0.9868221430915929
2019-10-21,1.533736537727769,1.3180598835958608,1.417362785410671,1.2075689831759995,1.2586464806658675,1.533736537727769,1.3180598835958608,1.417362785410671,1.2075689831759995,1.2586464806658675,1.0270770702174916,1.006933016527957,1.0026472485297857,0.9984778679824048
2019-10-23,1.5461776288468734,1.3258729239481986,1.4240801445832334,1.212001590875125,1.2671700459976905,1.5461776288468734,1.3258729239481986,1.4240801445832334,1.212001590875125,1.2671700459976905,1.0364156907949218,1.016880954397931,1.0128452414191067,1.0082671881385568
2019-10-24,1.5519204434910434,1.330560795846615,1.4307975037557958,1.2215000359446793,1.2762618490183018,1.5519204434910434,1.330560795846615,1.4307975037557958,1.2215000359446793,1.2762618490183018,1.0340166104208475,1.0151532316446814,1.0110614271336467,1.0066279993937937
2019-10-25,1.5594074086523397,1.333685964300536,1.4326295108028582,1.2189671172594647,1.2734206605743608,1.5594074086523397,1.333685964300536,1.4326295108028582,1.2189671172594647,1.2734206605743608,1.0331161340402903,1.0138226198334994,1.011329971378607,1.0054212204126258
2019-10-28,1.5613278544605962,1.3344673160227836,1.4369041939126705,1.2221332656159827,1.2785347997734546,1.5613278544605962,1.3344673160227836,1.4369041939126705,1.2221332656159827,1.2785347997734546,1.0236533469301543,1.0058367081483395,1.0018937372228855,0.9974461256355308
2019-10-29,1.5739922735696654,1.34618687655129,1.4442322221009205,1.2373307777272693,1.2944454550595244,1.5739922735696654,1.34618687655129,1.4442322221009205,1.2373307777272693,1.2944454550595244,1.026793323475005,1.0083010952550666,1.0028659575817964,0.9998339290369187
2019-10-30,1.578476259459707,1.3493120450052112,1.4356828558812955,1.2347978590420547,1.2927407419931598,1.578476259459707,1.3493120450052112,1.4356828558812955,1.2347978590420547,1.2927407419931598,1.0334589878362839,1.0125276797086293,1.0074659477029173,1.0042994611382412
2019-10-31,1.5773405244053025,1.3469681090560028,1.441178877022483,1.2366975480559654,1.2944454550595246,1.5773405244053025,1.3469681090560028,1.441178877022483,1.2366975480559654,1.2944454550595246,1.0407155581431284,1.0199466449892187,1.0156051719640318,1.0116411482402052
2019-11-01,1.574615870911362,1.3469681090560028,1.436293524896983,1.237330777727269,1.2893313158604307,1.574615870911362,1.3469681090560028,1.436293524896983,1.237330777727269,1.2893313158604307,1.0411916552525011,1.019678129430866,1.0129410068803786,1.0120562814170408
2019-11-05,1.6002152867344743,1.370407230113016,1.4625522925715453,1.259493816222896,1.309787872656806,1.6002152867344743,1.370407230113016,1.4625522925715453,1.259493816222896,1.309787872656806,1.0571204550653446,1.0347494588671422,1.0262022403681041,1.0264703003723017
2019-11-06,1.602298651367116,1.370407230113016,1.4643842996186078,1.2601270458941995,1.315470249544688,1.602298651367116,1.370407230113016,1.4643842996186078,1.2601270458941995,1.315470249544688,1.04925363208399,1.028274063373218,1.021235236467683,1.0198442442520692
2019-11-07,1.6058497316971942,1.3743137502891847,1.4656056376499829,1.2632931942507175,1.3149020118558998,1.6058497316971942,1.3743137502891847,1.4656056376499829,1.2632931942507175,1.3149020118558998,1.047893787689039,1.0277941277277955,1.0206675593047023,1.019080055262305
2019-11-08,1.60945031955294,1.3782202704653537,1.4692696517441077,1.2696254909637539,1.3228573394989347,1.60945031955294,1.3782202704653537,1.4692696517441077,1.2696254909637539,1.3228573394989347,1.0371070014759747,1.0179134826876726,1.0119543183540909,1.0097933992516877
2019-11-11,1.6147640960348109,1.3790016221876014,1.4662163066656702,1.2702587206350575,1.3234255771877228,1.6147640960348109,1.3790016221876014,1.4662163066656702,1.2702587206350575,1.3234255771877228,1.044382367935432,1.0247977528804377,1.0168030895561302,1.0169253565280105
2019-11-12,1.6216941622520624,1.3821267906415227,1.479651025010795,1.2765910173480939,1.3296761917643931,1.6216941622520624,1.3821267906415227,1.479651025010795,1.2765910173480939,1.3296761917643931,1.0468321466963437,1.0264604857157353,1.0177159123729886,1.0189715404481263
2019-11-13,1.6097756518387072,1.3743137502891851,1.4668269756813577,1.2683590316211468,1.3194479133662056,1.6097756518387072,1.3743137502891851,1.4668269756813577,1.2683590316211468,1.3194479133662056,1.0422961679538028,1.0233022129383904,1.0154181376054123,1.0158215744636911
2019-11-14,1.5922814239500553,1.3618129572559656,1.4552242643832953,1.2537947491811636,1.3035372580801359,1.5922814239500553,1.3618129572559656,1.4552242643832953,1.2537947491811636,1.3035372580801359,1.040290870823663,1.0206799420560684,1.0119446259537808,1.0122182394636878
2019-11-15,1.6090812758172885,1.3735325177844722,1.4649949686342953,1.2607602755655034,1.3126290611007472,1.6090812758172885,1.3735325177844722,1.4649949686342953,1.2607602755655034,1.3126290611007472,1.0525917568956715,1.0323569357370126,1.0238212210231763,1.022586105904621
2019-11-18,1.6128122126988176,1.3766576862383932,1.4704909897754828,1.2594938162228961,1.3075149219016535,1.6128122126988176,1.3766576862383932,1.4704909897754828,1.2594938162228961,1.3075149219016535,1.0598684685691129,1.0384487011465438,1.0309251348503898,1.0283778319559262
2019-11-19,1.6112147213390164,1.373532517784472,1.4643842996186078,1.256327667866378,1.3086513972792297,1.6112147213390164,1.373532517784472,1.4643842996186078,1.256327667866378,1.3086513972792297,1.0632636857574567,1.0423903871251983,1.0343502770115698,1.0322806484707956
2019-11-20,1.603439364505146,1.3680634133813425,1.4552242643832953,1.24619599312552,1.3035372580801359,1.603439364505146,1.3680634133813425,1.4552242643832953,1.24619599312552,1.3035372580801359,1.0670219786438795,1.044955399730301,1.0356836549152908,1.034988338960224
2019-11-21,1.6013973057098347,1.3657194774321342,1.4478962361950454,1.2455627634542163,1.2989913565698301,1.6013973057098347,1.3657194774321342,1.4478962361950454,1.2455627634542163,1.2989913565698301,1.0680204548397523,1.0473682718281598,1.0388693343857525,1.0370312114053617
2019-11-22,1.6055755324254093,1.3688446458860555,1.4533922573362328,1.249362141482038,1.301832545013771,1.6055755324254093,1.3688446458860555,1.4533922573362328,1.249362141482038,1.301832545013771,1.0691236324080244,1.046523398584728,1.0372152442063145,1.035012418456595
2019-11-25,1.6186519387551295,1.376657686238393,1.4649949686342951,1.2550612085237705,1.313197298789535,1.6186519387551295,1.376657686238393,1.4649949686342951,1.2550612085237705,1.313197298789535,1.06970732134169,1.047100678329747,1.0370559871612042,1.0348184398774756
2019-11-26,1.619292949643729,1.3782202704653537,1.4692696517441075,1.2594938162228957,1.3126290611007467,1.619292949643729,1.3782202704653537,1.4692696517441075,1.2594938162228957,1.3126290611007467,1.0743757012078199,1.0511959019026338,1.0413024841047105,1.038893513576979
2019-11-27,1.6290047280693496,1.3852520783129783,1.4741550038696076,1.2632931942507173,1.3194479133662051,1.6290047280693496,1.3852520783129783,1.4741550038696076,1.2632931942507173,1.3194479133662051,1.0794174022847947,1.055348071694416,1.0445080362642123,1.0422965901710604
2019-11-28,1.6223634592213552,1.3821267906415224,1.47110165879117,1.2594938162228957,1.3137655364783232,1.6223634592213552,1.3821267906415224,1.47110165879117,1.2594938162228957,1.3137655364783232,1.079283371694471,1.0562124745986532,1.0443375944592928,1.043865102623403
2019-11-29,1.619490664944203,1.372751166062224,1.4643842996186076,1.2537947491811632,1.3109243480343822,1.619490664944203,1.372751166062224,1.4643842996186076,1.2537947491811632,1.3109243480343822,1.0665566217139042,1.043878444222285,1.0320903053068766,1.0318887149519889
2019-12-02,1.6323674983493721,1.3883772467668996,1.4796510250107948,1.267092572278539,1.318879675677417,1.6323674983493721,1.3883772467668996,1.4796510250107948,1.267092572278539,1.318879675677417,1.0748621342357871,1.052202547135638,1.0383711204087283,1.040024987930584
2019-12-03,1.6239288576527264,1.3813455581368095,1.46865898272842,1.260760275565503,1.310356110345594,1.6239288576527264,1.3813455581368095,1.46865898272842,1.260760275565503,1.310356110345594,1.0690191942383303,1.0455438604783154,1.0310394137675716,1.0329091303669384
2019-12-04,1.6249023468012667,1.37587645373368,1.4527815883205453,1.2601270458941993,1.3058102088352885,1.6249023468012667,1.37587645373368,1.4527815883205453,1.2601270458941993,1.3058102088352885,1.0743638259861656,1.0528851030574724,1.0363678746879885,1.039177064998743
2019-12-05,1.633291182680982,1.3844707265907306,1.4649949686342951,1.26899226129245,1.318879675677417,1.633291182680982,1.3844707265907306,1.4649949686342951,1.26899226129245,1.318879675677417,1.0783502540342753,1.0554771516072399,1.0390552370974622,1.0384320148397903
2019-12-06,1.6410185739463286,1.3844707265907306,1.46865898272842,1.2696254909637537,1.318311437988629,1.6410185739463286,1.3844707265907306,1.46865898272842,1.2696254909637537,1.318311437988629,1.0847447455518533,1.060047689121373,1.041887476251597,1.0402173560995576
2019-12-09,1.649661909160252,1.3930651186653158,1.4723229968225449,1.277224247019397,1.3279714786980281,1.649661909160252,1.3930651186653158,1.4723229968225449,1.277224247019397,1.3279714786980281,1.090205382684437,1.065549669870282,1.0484097778736319,1.0454642420404272
2019-12-10,1.6517263276689493,1.3907211827161075,1.4723229968225449,1.2765910173480934,1.3245620525652988,1.6517263276689493,1.3907211827161075,1.4723229968225449,1.2765910173480934,1.3245620525652988,1.0937812573241854,1.0667481069758262,1.0489211644455905,1.0524392489448928
2019-12-11,1.6459608740101992,1.3868146625399387,1.46865898272842,1.2753245580054862,1.319447913366205,1.6459608740101992,1.3868146625399387,1.46865898272842,1.2753245580054862,1.319447913366205,1.0940847864173322,1.0667439513987225,1.0465443350918926,1.0517678569660942
2019-12-12,1.6395405640621188,1.3868146625399387,1.4723229968225449,1.2759577876767898,1.319447913366205,1.6395405640621188,1.3868146625399387,1.4723229968225449,1.2759577876767898,1.319447913366205,1.0921189595176868,1.0652128334013293,1.0441383573642833,1.0447167347246162
2019-12-13,1.6579666025616209,1.4079098476477434,1.5107951448108567,1.2981208261724164,1.3381997570962156,1.6579666025616209,1.4079098476477434,1.5107951448108567,1.2981208261724164,1.3381997570962156,1.100802671542451,1.0738693681694236,1.0544707331576992,1.0537094488671293
2019-12-16,1.6561134492648109,1.4047846791938223,1.5065204617010444,1.2943214481445946,1.3353585686522746,1.6561134492648109,1.4047846791938223,1.5065204617010444,1.2943214481445946,1.3353585686522746,1.1016692027419008,1.0756696061584883,1.0553284630838027,1.0622090999220233
2019-12-17,1.6671428055112716,1.41259771954616,1.5132378208736068,1.2943214481445946,1.3381997570962156,1.6671428055112716,1.41259771954616,1.5132378208736068,1.2943214481445946,1.3381997570962156,1.1044750520564177,1.0776868223115994,1.0585549940557895,1.0696986919047422
2019-12-18,1.6564918166537477,1.4055659116985355,1.5040777856382945,1.2911552997880764,1.336495044029851,1.6564918166537477,1.4055659116985355,1.5040777856382945,1.2911552997880764,1.336495044029851,1.098042719836046,1.0732026639145427,1.0544858464268902,1.0643730810498735
2019-12-19,1.6547638828993125,1.4047846791938225,1.4998031025284821,1.2886223811028619,1.33365385558591,1.6547638828993125,1.4047846791938225,1.4998031025284821,1.2886223811028619,1.33365385558591,1.100218287192203,1.0753628871761367,1.0552156576947642,1.0646892693663115
2019-12-20,1.6595831153868221,1.4008781590176538,1.4979710954814198,1.2860894624176475,1.330244429453181,1.6595831153868221,1.4008781590176538,1.4979710954814198,1.2860894624176475,1.330244429453181,1.0973511660905932,1.073424935428137,1.0547484960343132,1.061854723563698
2019-12-23,1.6527890048293863,1.397752871346198,1.4967497574500448,1.2791239360333078,1.3222891018101461,1.6527890048293863,1.397752871346198,1.4967497574500448,1.2791239360333078,1.3222891018101461,1.0944767741750512,1.0700518324972181,1.0533712334133518,1.0609084053259084
2019-12-24,1.6533401982559994,1.397752871346198,1.4973604264657325,1.2727916393202716,1.3171749626110523,1.6533401982559994,1.397752871346198,1.4973604264657325,1.2727916393202716,1.3171749626110523,1.0884610491535107,1.0635570260031155,1.047359770182257,1.0569760353468798
2019-12-25,1.6438031294974662,1.3922837669430685,1.4961390884343577,1.2715251799776643,1.3097878726568057,1.6438031294974662,1.3922837669430685,1.4961390884343577,1.2715251799776643,1.3097878726568057,1.088173169622701,1.0613103216621322,1.045738861559677,1.0550352171364668
2019-12-26,1.6572513946201868,1.4000968072954063,1.5022457785912327,1.2778574766907005,1.316038487233476,1.6572513946201868,1.4000968072954063,1.5022457785912327,1.2778574766907005,1.316038487233476,1.0926018912926727,1.0662354960959965,1.0506627948931966,1.0594154752592175
2019-12-27,1.6675974580064514,1.4063472634207834,1.5010244405598576,1.281656854718522,1.3228573394989345,1.6675974580064514,1.4063472634207834,1.5010244405598576,1.281656854718522,1.3228573394989345,1.095747349417374,1.0676779345407983,1.0534473157856075,1.0607697063166956
2019-12-30,1.6554669670161453,1.3930651186653165,1.4906430672931703,1.2740580986628787,1.3137655364783232,1.6554669670161453,1.3930651186653165,1.4906430672931703,1.2740580986628787,1.3137655364783232,1.0919731443460143,1.0639667613204757,1.0494746776255757,1.058807810242121
2020-01-06,1.6305050834201373,1.3743137502891851,1.4601096165087957,1.2544279788524666,1.2944454550595244,1.6305050834201373,1.3743137502891851,1.4601096165087957,1.2544279788524666,1.2944454550595244,1.0813589679546531,1.0528526144986277,1.036862088643388,1.0472386600408983
2020-01-07,1.6568619674306047,1.3977528713461982,1.483925708120608,1.2708919503063607,1.3133677700961717,1.6568619674306047,1.3977528713461982,1.483925708120608,1.2708919503063607,1.3133677700961717,1.0952332949669097,1.0677458555074435,1.0520119347664307,1.062813372323462
2020-01-08,1.627906004544477,1.3790016221876016,1.4613309545401707,1.253794749181163,1.2917344908314752,1.627906004544477,1.3790016221876016,1.4613309545401707,1.253794749181163,1.2917344908314752,1.0824998628158575,1.0533882536031112,1.038383635711796,1.0487065259716999
2020-01-09,1.6541205701385455,1.401659391522367,1.4924750743402329,1.2734248689915753,1.315075660564437,1.6541205701385455,1.401659391522367,1.4924750743402329,1.2734248689915753,1.315075660564437,1.0975154677020398,1.066353598805851,1.0523502553144406,1.0611856922388896
2020-01-10,1.6566632707848385,1.4063472634207834,1.5010244405598578,1.272158409648968,1.3053976145775992,1.6566632707848385,1.4063472634207834,1.5010244405598578,1.272158409648968,1.3053976145775992,1.0946989208874884,1.0633574043825504,1.050684122905209,1.0581479233422062
2020-01-14,1.6542577649653714,1.4102537835969522,1.5101844757951703,1.279123936033308,1.3053976145775992,1.6542577649653714,1.4102537835969522,1.5101844757951703,1.279123936033308,1.3053976145775992,1.0893851063700613,1.0607254201997893,1.0470098322719983,1.057575757929273
2020-01-15,1.6512925758549717,1.4032220949668621,1.5040777856382954,1.279123936033308,1.3025511304638233,1.6512925758549717,1.4032220949668621,1.5040777856382954,1.279123936033308,1.3025511304638233,1.0855576212484506,1.056516245831637,1.0423012505445497,1.0534691299344443
2020-01-16,1.647378491028239,1.4000968072954063,1.5065204617010453,1.2721584096489682,1.301412536818313,1.647378491028239,1.4000968072954063,1.5065204617010453,1.2721584096489682,1.301412536818313,1.0863032284691823,1.0567443825069116,1.0403701804537182,1.053957845622573
2020-01-17,1.6520355799125763,1.4063472634207834,1.5138484898892952,1.284189773403737,1.311659879627906,1.6520355799125763,1.4063472634207834,1.5138484898892952,1.284189773403737,1.311659879627906,1.0923573584935877,1.0627299622974467,1.045850797907665,1.0595734817415754
2020-01-20,1.6607188877045405,1.4118163678239128,1.5150698279206702,1.2917885294593805,1.3201993319692336,1.6607188877045405,1.4118163678239128,1.5150698279206702,1.2917885294593805,1.3201993319692336,1.1021222535127622,1.0720490940343042,1.0547767546718867,1.0676557838896668
2020-01-21,1.656008981044018,1.4063472634207834,1.5004137715441703,1.2829233140611298,1.3133677700961717,1.656008981044018,1.4063472634207834,1.5004137715441703,1.2829233140611298,1.3133677700961717,1.1002069976538742,1.0705066990622087,1.0515665936248004,1.0653522851966464
2020-01-22,1.66381934557807,1.4149416554953684,1.5120164828422327,1.2873559217602553,1.314506363741682,1.66381934557807,1.4149416554953684,1.5120164828422327,1.2873559217602553,1.314506363741682,1.1075802422386727,1.075987294539768,1.0570228573097067,1.0701124676777278
2020-01-23,1.6481307457951715,1.4000968072954063,1.4967497574500455,1.2765910173480937,1.300843239995558,1.6481307457951715,1.4000968072954063,1.4967497574500455,1.2765910173480937,1.300843239995558,1.1001160621470367,1.0700285024911658,1.050627279482389,1.0642752772135662
2020-01-24,1.6397731853202182,1.4016593915223667,1.4991924335127953,1.2740580986628791,1.2985660527045373,1.6397731853202182,1.4016593915223667,1.4991924335127953,1.2740580986628791,1.2985660527045373,1.100582586677829,1.0713054941033051,1.0505764110601423,1.0657154597368659
2020-01-27,1.6084724617203368,1.3774390379606407,1.4723229968225457,1.257594127208985,1.2792099607308616,1.6084724617203368,1.3774390379606407,1.4723229968225457,1.257594127208985,1.2792099607308616,1.092134135070573,1.0612159078891288,1.0407562253591933,1.0557078438654144
2020-01-28,1.600668422473167,1.3696259976083032,1.4619416235558582,1.2506286008246452,1.2718091020350444,1.600668422473167,1.3696259976083032,1.4619416235558582,1.2506286008246452,1.2718091020350444,1.0865877113145326,1.054910168170601,1.0358572771136958,1.049316693001177
2020-01-29,1.602151117825758,1.3750951020114326,1.471712327806858,1.2544279788524668,1.2780713670853512,1.602151117825758,1.3750951020114326,1.471712327806858,1.2544279788524668,1.2780713670853512,1.088709981747501,1.0590539825725895,1.0389044527040063,1.0540240803568983
2020-01-30,1.5748230633356513,1.356343852852836,1.4442322221009207,1.2398636964124836,1.2638389465164719,1.5748230633356513,1.356343852852836,1.4442322221009207,1.2398636964124836,1.2638389465164719,1.075379744648387,1.04478444358172,1.025453575811884,1.0409372016421026
2020-01-31,1.586295039698414,1.3649381257098867,1.4601096165087954,1.244296304111609,1.2723783988577995,1.586295039698414,1.3649381257098867,1.4601096165087954,1.244296304111609,1.2723783988577995,1.0817598066657403,1.0509334554946375,1.0302353077526705,1.0465230440359183
2020-02-03,1.5721660954526984,1.3539999169036279,1.446064229147983,1.2354310887133584,1.2644082433392272,1.5721660954526984,1.3539999169036279,1.446064229147983,1.2354310887133584,1.2644082433392272,1.0664713512796986,1.0352620818338134,1.0118839204314094,1.0331581469068147
2020-02-04,1.5899472268426607,1.3649381257098867,1.4515602502891705,1.2417633854263945,1.2678240242757581,1.5899472268426607,1.3649381257098867,1.4515602502891705,1.2417633854263945,1.2678240242757581,1.0716897528496556,1.0413783613869338,1.0184490630937848,1.0398710054795228
2020-02-05,1.607122175529741,1.3790016221876014,1.4686589827284202,1.2563276678663777,1.2814871480218823,1.607122175529741,1.3790016221876014,1.4686589827284202,1.2563276678663777,1.2814871480218823,1.0771043820215054,1.04604777184998,1.0234070992884634,1.0453617562071258
2020-02-06,1.6346000320944234,1.4071286151430307,1.5034671166226072,1.2677258019498427,1.3099519891596407,1.6346000320944234,1.4071286151430307,1.5034671166226072,1.2677258019498427,1.3099519891596407,1.0954913576330156,1.061133272091945,1.0382832883083566,1.0613875941378577
2020-02-07,1.6268075792131265,1.4016593915223665,1.4991924335127949,1.2759577876767898,1.3014125368183131,1.6268075792131265,1.4016593915223665,1.4991924335127949,1.2759577876767898,1.3014125368183131,1.0950375150636884,1.0580107388855697,1.0338013341819794,1.0580436416007977
2020-02-10,1.6137488189839746,1.393065118665316,1.4900323982774826,1.2714672373933622,1.294011678122496,1.6137488189839746,1.393065118665316,1.4900323982774826,1.2714672373933622,1.294011678122496,1.0850979956519686,1.0480711272291483,1.024669272679926,1.0475768035329152
2020-02-12,1.6109161464091628,1.3915025344383554,1.5022457785912322,1.2637691511932005,1.2826257416673925,1.6109161464091628,1.3915025344383554,1.5022457785912322,1.2637691511932005,1.2826257416673925,1.0794481333722197,1.04372916319579,1.0190766362832457,1.0423758672754049
2020-02-13,1.6083307414569459,1.3860333108176914,1.4991924335127946,1.262486136826507,1.2763634766170857,1.6083307414569459,1.3860333108176914,1.4991924335127946,1.262486136826507,1.2763634766170857,1.0823759318542459,1.0474169130305313,1.0220812286167864,1.0450142688097033
2020-02-14,1.5969928460124236,1.379782973909849,1.4894217292617948,1.2560710649930389,1.2689626179212685,1.5969928460124236,1.379782973909849,1.4894217292617948,1.2560710649930389,1.2689626179212685,1.0758622769139243,1.0402640382861965,1.01598267350027,1.038244340620844
2020-02-17,1.573494604047646,1.3680634133813425,1.4808723630421698,1.2528635290763048,1.2644082433392272,1.573494604047646,1.3680634133813425,1.4808723630421698,1.2528635290763048,1.2644082433392272,1.0667692701747578,1.0311114267134625,1.007656327383636,1.031363816428639
2020-02-18,1.5503103194776018,1.3485308125004984,1.4594989474931077,1.239391878226022,1.2552994941751445,1.5503103194776018,1.3485308125004984,1.4594989474931077,1.239391878226022,1.2552994941751445,1.0536467678522576,1.0200422753682743,0.9971652619409217,1.0211000654184517
2020-02-19,1.5569961405799724,1.3532185651813802,1.4729336658382326,1.2413163997760623,1.2524530100613687,1.5569961405799724,1.3532185651813802,1.4729336658382326,1.2413163997760623,1.2524530100613687,1.0532786500588505,1.0199237981785896,0.9959760044795724,1.0211268816590764
2020-02-20,1.5532760402328378,1.356343852852836,1.4784296869794202,1.24580695005949,1.2524530100613687,1.5532760402328378,1.356343852852836,1.4784296869794202,1.24580695005949,1.2524530100613687,1.0560334901742703,1.0209051800741058,0.9973496531985819,1.0228839034659942
2020-02-21,1.5501769544885404,1.3555625011305883,1.4717123278068578,1.2502975003429175,1.2558687909978996,1.5501769544885404,1.3555625011305883,1.4717123278068578,1.2502975003429175,1.2558687909978996,1.0563635719085511,1.0233438726937287,0.9986546259384788,1.027307166467938
2020-02-25,1.4889743020399624,1.3102468432435228,1.424690813598921,1.2175806339922306,1.219433794341569,1.4889743020399624,1.3102468432435228,1.424690813598921,1.2175806339922306,1.219433794341569,1.025746374897475,0.9901108327780875,0.9669558779822788,0.9944214945613408
2020-02-26,1.4778701973609405,1.301652570386472,1.4118667642694835,1.2111655621587625,1.2080478578864657,1.4778701973609405,1.301652570386472,1.4118667642694835,1.2111655621587625,1.2080478578864657,1.0208626567231007,0.984848069344983,0.9631543030623234,0.9898951085479893
2020-02-27,1.4357308025861721,1.268837705532626,1.382554651516484,1.1880713035582777,1.1807216103942177,1.4357308025861721,1.268837705532626,1.382554651516484,1.1880713035582777,1.1807216103942177,0.9949993792739387,0.9590197895327884,0.9379934773756662,0.9650196984251738
2020-02-28,1.3746811046437093,1.2235221668630953,1.330647785183047,1.1405997719906145,1.1408708328013561,1.3746811046437093,1.2235221668630953,1.330647785183047,1.1405997719906145,1.1408708328013561,0.9601836892079133,0.9243779298269182,0.9072710603356048,0.9303493813109079
2020-03-02,1.4090029343448935,1.235241727391602,1.3459145105752344,1.144448815090695,1.153964659724725,1.4090029343448935,1.235241727391602,1.3459145105752344,1.144448815090695,1.153964659724725,0.96271532383019,0.9297326575935525,0.9147930048811505,0.9360770905784899
2020-03-03,1.3843578767626337,1.2196156466869268,1.330647785183047,1.1303356570570655,1.129484896346253,1.3843578767626337,1.2196156466869268,1.330647785183047,1.1303356570570655,1.129484896346253,0.9471655777321402,0.9134669153719147,0.8974973986046259,0.9197272450403158
2020-03-04,1.3822008838358744,1.2164903590154708,1.3300371161673594,1.1303356570570655,1.1283463027007425,1.3822008838358744,1.2164903590154708,1.3300371161673594,1.1303356570570655,1.1283463027007425,0.9500546936430846,0.9153160910016983,0.8967132031602079,0.9217256601496888
2020-03-05,1.3860327642883992,1.2313352072154333,1.3434718345124843,1.1367507288905334,1.1311927868145184,1.3860327642883992,1.2313352072154333,1.3434718345124843,1.1367507288905334,1.1311927868145184,0.9547178528074762,0.9188047089736652,0.8985298628198913,0.9253835821175891
2020-03-06,1.3362641486534033,1.1914886537314973,1.304389017508485,1.1008263266231124,1.091911306044412,1.3362641486534033,1.1914886537314973,1.304389017508485,1.1008263266231124,1.091911306044412,0.9267690841127265,0.8908499012248233,0.8696640620378853,0.8970846415752255
2020-03-09,1.250795403152901,1.1242964590143794,1.2372154257828607,1.0443736944885937,1.027580765073078,1.250795403152901,1.1242964590143794,1.2372154257828607,1.0443736944885937,1.027580765073078,0.8764298520213682,0.8397450127220861,0.8189084822319823,0.845422005051439
2020-03-10,1.2711138556395396,1.1399225397190547,1.250039475112298,1.0777320680226274,1.0418131856419572,1.2711138556395396,1.1399225397190547,1.250039475112298,1.0777320680226274,1.0418131856419572,0.8822694668258063,0.8471685485930828,0.8267047642613689,0.8528369351425923
2020-03-11,1.2462046061625478,1.121171290560458,1.2231700384220483,1.0328265651883513,1.0264421714275678,1.2462046061625478,1.121171290560458,1.2231700384220483,1.0328265651883513,1.0264421714275678,0.8632165230543369,0.8284877848333317,0.809911386851707,0.8340574280238492
2020-03-12,1.1883061753791235,1.0758556326733926,1.1688204960258615,1.013581349687947,0.9717896764430717,1.1883061753791235,1.0758556326733926,1.1688204960258615,1.013581349687947,0.9717896764430717,0.8272278460921021,0.7922467132428754,0.7756559366408168,0.7975395635123882
2020-03-13,1.1208015224483798,1.0203831177023157,1.1004255662688622,0.9475061098032265,0.9678045986837855,1.1208015224483798,1.0203831177023157,1.1004255662688622,0.9475061098032265,0.9678045986837855,0.7765397236609652,0.7410749943886645,0.7292875702588617,0.7462545770115334
2020-03-16,1.1092034654052343,0.996162644923055,1.0711134535158626,0.9436570667031456,0.9279538210909238,1.1092034654052343,0.996162644923055,1.0711134535158626,0.9436570667031456,0.9279538210909238,0.7689849773012409,0.7336061041774922,0.7181390686895754,0.7386545211571566
2020-03-17,1.1559994253981034,1.0281961580546533,1.0698921154844876,0.9513551529033073,0.9393397575460272,1.1559994253981034,1.0281961580546533,1.0698921154844876,0.9513551529033073,0.9393397575460272,0.7829004890125812,0.7494650415186813,0.7348144574704367,0.7543780419113154
2020-03-18,1.1480578760428803,1.0375717826339517,1.0955402141433623,0.9378835020530245,0.9279538210909238,1.1480578760428803,1.0375717826339517,1.0955402141433623,0.9378835020530245,0.9279538210909238,0.7812111123471529,0.7493236110286698,0.7355213849745829,0.7537314413604146
2020-03-19,1.1553706822678205,1.04694740721325,1.0430226787942378,0.9622607750202029,0.9233994465088825,1.1553706822678205,1.04694740721325,1.0430226787942378,0.9622607750202029,0.9233994465088825,0.7876095616150416,0.7513218501396833,0.741471362174559,0.754709782338635
2020-03-23,1.1784404127838295,1.057885616019509,1.0613427492648626,0.965468310936937,0.9313696020274549,1.1784404127838295,1.057885616019509,1.0613427492648626,0.965468310936937,0.9313696020274549,0.8067000656051158,0.7679665426396787,0.7585885265510696,0.771767509791064
2020-03-24,1.2241874744194046,1.0797621528495613,1.1370657072101116,1.0257699861715364,0.9695124891520511,1.2241874744194046,1.0797621528495613,1.1370657072101116,1.0257699861715364,0.9695124891520511,0.828495244509451,0.7919292595155113,0.7807550708806321,0.7961991811757696
2020-03-25,1.3006068883112416,1.1524234519698087,1.2280553905475482,1.0668264459057317,1.0361202174144057,1.3006068883112416,1.1524234519698087,1.2280553905475482,1.0668264459057317,1.0361202174144057,0.8746618671311839,0.841200606183261,0.826548093641258,0.8459187455132856
2020-03-26,1.2850499460696903,1.1375787229873808,1.1761485242141112,1.0642604171723447,1.0224570936682817,1.2850499460696903,1.1375787229873808,1.1761485242141112,1.0642604171723447,1.0224570936682817,0.8653056006111535,0.827956148461658,0.8150370976876913,0.8324973336405418
2020-03-27,1.34005510141148,1.1782065089760299,1.1987432777945484,1.0777320680226277,1.0418131856419575,1.34005510141148,1.1782065089760299,1.1987432777945484,1.0777320680226277,1.0418131856419575,0.904701802518685,0.8648530306993114,0.852682945419733,0.869561670537711
2020-03-30,1.3289440925200056,1.1797690932029905,1.2072926440141734,1.0809396039393617,1.0577534966791022,1.3289440925200056,1.1797690932029905,1.2072926440141734,1.0809396039393617,1.0577534966791022,0.9077653716792045,0.8656815756838181,0.8528541604438048,0.8703529768075488
2020-03-31,1.30542205337259,1.150860867742848,1.203017960904361,1.0726000105558533,1.0281500618958335,1.30542205337259,1.150860867742848,1.203017960904361,1.0726000105558533,1.0281500618958335,0.8875976272987488,0.8508349450612178,0.8395769145810248,0.8549715059292865
2020-04-01,1.2548266280353206,1.1055452098557825,1.1450044044140493,1.0251284789881898,0.9900071747712372,1.2548266280353206,1.1055452098557825,1.1450044044140493,1.0251284789881898,0.9900071747712372,0.8489298675780013,0.8152778317495091,0.8033717477050292,0.8230366010196482
2020-04-02,1.2243756837803825,1.0914817133780679,1.132180355084612,1.0071662778544794,0.9655274113927651,1.2243756837803825,1.0914817133780679,1.132180355084612,1.0071662778544794,0.9655274113927651,0.8274797317164622,0.7970597585803036,0.7842492413103421,0.8061232582591015
2020-04-03,1.2059785743233826,1.090700480873355,1.1327910241002992,1.0039587419377454,0.9621116304562342,1.2059785743233826,1.090700480873355,1.1327910241002992,1.0039587419377454,0.9621116304562342,0.8250193128681785,0.7963885044663048,0.7807410678919333,0.808507809814179
2020-04-06,1.252349626716044,1.131328266862004,1.1816445453552986,1.0302605364549644,0.9746361605568479,1.252349626716044,1.131328266862004,1.1816445453552986,1.0302605364549644,0.9746361605568479,0.8557591251686448,0.8243608812760221,0.8077000519815877,0.834557815088613
2020-04-07,1.2867807265720346,1.1524234519698087,1.2048499679514235,1.0488642447720218,1.0126082586346177,1.2867807265720346,1.1524234519698087,1.2048499679514235,1.0488642447720218,1.0126082586346177,0.8695487783619189,0.835497397770991,0.8180966819601215,0.8462980309697787
2020-04-08,1.3083951855805616,1.1711747011284053,1.2292767285789234,1.0649019243556919,1.012025965213896,1.3083951855805616,1.1711747011284053,1.2292767285789234,1.0649019243556919,1.012025965213896,0.8698740734245746,0.8373835079084029,0.8216064945173659,0.8505084041168709
2020-04-09,1.3126710551806005,1.161017844044394,1.2268340525161736,1.048222737588675,1.0114436717931747,1.3126710551806005,1.161017844044394,1.2268340525161736,1.048222737588675,1.0114436717931747,0.863738204569828,0.8315837881042348,0.816308669268095,0.8443336722673838
2020-04-10,1.328632200033052,1.174299988799861,1.2366047567671734,1.0565623309721834,1.0248364204697682,1.328632200033052,1.174299988799861,1.2366047567671734,1.0565623309721834,1.0248364204697682,0.8795992307492634,0.8454823639409742,0.8294353163075369,0.8568959176284388
2020-04-13,1.3059481038233502,1.150860867742848,1.2079033130298613,1.0469397232219815,1.0091144981102889,1.3059481038233502,1.150860867742848,1.2079033130298613,1.0469397232219815,1.0091144981102889,0.8734513561998876,0.8396562307571398,0.8233327646858958,0.8512811801679092
2020-04-14,1.329856030143944,1.174299988799861,1.245764792002486,1.0539963022387964,1.0213426599454394,1.329856030143944,1.174299988799861,1.245764792002486,1.0539963022387964,1.0213426599454394,0.8830949344729981,0.8481189410959371,0.8332129432372423,0.8601270060187842
2020-04-15,1.3154748453337857,1.17820650897603,1.2414901088926735,1.0495057519553688,1.0155197257382247,1.3154748453337857,1.17820650897603,1.2414901088926735,1.0495057519553688,1.0155197257382247,0.8786045417678096,0.8436218914185359,0.8293620330107538,0.8568422521443143
2020-04-16,1.3273311740792435,1.1672681809522365,1.2268340525161736,1.0405246513885136,1.0027092704823526,1.3273311740792435,1.1672681809522365,1.2268340525161736,1.0405246513885136,1.0027092704823526,0.8967972365604894,0.8601704792176734,0.8456319313637968,0.8714816954083258
2020-04-17,1.3382579346934942,1.182113029152199,1.2622528554260484,1.0572038381555304,1.0120259652138959,1.3382579346934942,1.182113029152199,1.2622528554260484,1.0572038381555304,1.0120259652138959,0.9001467708643545,0.8600789464594816,0.8469180043044279,0.8728422513359942
2020-04-20,1.340974242895901,1.175862573026822,1.2500394751122985,1.045656708855288,1.0079499112688457,1.340974242895901,1.175862573026822,1.2500394751122985,1.045656708855288,1.0079499112688457,0.8935801995598808,0.8530792644144843,0.8416136845715162,0.8659529693102859
2020-04-21,1.3209025969199852,1.1617990765491073,1.2256127144847988,1.0347510867383922,0.996886336275138,1.3209025969199852,1.1617990765491073,1.2256127144847988,1.0347510867383922,0.996886336275138,0.8909591782037553,0.8508689907465237,0.8391841185694657,0.8640463022421266
2020-04-22,1.3066670246098682,1.1516421002475614,1.215842010233799,1.0341095795550455,0.9881519349643161,1.3066670246098682,1.1516421002475614,1.215842010233799,1.0341095795550455,0.9881519349643161,0.8914870736436982,0.851557722725048,0.8388028696851096,0.8668398423410781
2020-04-23,1.3367848460148524,1.1680495326744844,1.2323300736573612,1.038600129838473,1.0067853244274028,1.3367848460148524,1.1680495326744844,1.2323300736573612,1.038600129838473,1.0067853244274028,0.9098908434441919,0.8673568935072957,0.8524637847560841,0.8817389365575629
2020-04-24,1.3328098260996697,1.1657055967252763,1.223170038422049,1.0366756082884325,1.003291563903074,1.3328098260996697,1.1657055967252763,1.223170038422049,1.0366756082884325,1.003291563903074,0.907034404026861,0.8650956258730361,0.8518139505159201,0.8791436902155858
2020-04-27,1.357057945085516,1.1852381976061206,1.2549248272377986,1.0559208237888364,1.0254187138904893,1.357057945085516,1.1852381976061206,1.2549248272377986,1.0559208237888364,1.0254187138904893,0.9101608257927513,0.8685629488463601,0.8563749227833054,0.8820205861356923
2020-04-28,1.3650072628503094,1.1891447177822894,1.2555354962534861,1.0604113740722643,1.0277478875733752,1.3650072628503094,1.1891447177822894,1.2555354962534861,1.0604113740722643,1.0277478875733752,0.9189825585139855,0.8744808523258215,0.863677450196759,0.8877396108577246
2020-04-30,1.386991523291541,1.1977391098568746,1.2824049329437357,1.0790150823893216,1.046381277036462,1.386991523291541,1.1977391098568746,1.2824049329437357,1.0790150823893216,1.046381277036462,0.9240146863230443,0.874192838778971,0.8613988356679136,0.8850594492363613
2020-05-01,1.3578920959849594,1.1735186370776138,1.2475967990495487,1.0495057519553688,1.0155197257382247,1.3578920959849594,1.1735186370776138,1.2475967990495487,1.0495057519553688,1.0155197257382247,0.9160804541710899,0.8682688222161523,0.8557306024847503,0.8804269785621303
2020-05-07,1.3612331618491789,1.1719560528506532,1.2482074680652362,1.0187134071547221,1.0003800967994667,1.3612331618491789,1.1719560528506532,1.2482074680652362,1.0187134071547221,1.0003800967994667,0.9243043853675414,0.8767192917924144,0.8658703853410931,0.8901847158613323
2020-05-08,1.3936405219215142,1.1946138221854188,1.2811835949123607,1.0424491729385539,1.0219249533661607,1.3936405219215142,1.1946138221854188,1.2811835949123607,1.0424491729385539,1.0219249533661607,0.9332319930359513,0.881395994828824,0.8712637104324502,0.8954296750924837
2020-05-11,1.429043441095997,1.2133651905615501,1.2946183132574856,1.0693924746391197,1.046381277036462,1.429043441095997,1.2133651905615501,1.2946183132574856,1.0693924746391197,1.046381277036462,0.9422807229545327,0.8883933212580799,0.8757149784842865,0.9013692491122243
2020-05-12,1.4248419450647836,1.2110212546123418,1.295228982273173,1.0642604171723453,1.0393937559878046,1.4248419450647836,1.2110212546123418,1.295228982273173,1.0642604171723453,1.0393937559878046,0.9463654986319885,0.892386460189158,0.8784256933874532,0.9057192358294283
2020-05-13,1.4203572652886818,1.2086773186631334,1.2866796160535483,1.0533547950554496,1.0324062349391472,1.4203572652886818,1.2086773186631334,1.2866796160535483,1.0533547950554496,1.0324062349391472,0.927765277761567,0.8767400699938237,0.8692741452988206,0.8904241415435805
2020-05-14,1.3858598849483212,1.186800781833081,1.2640848624731111,1.0276945077215776,1.0102790849517318,1.3858598849483212,1.186800781833081,1.2640848624731111,1.0276945077215776,1.0102790849517318,0.92313142259883,0.8713457066778618,0.8615114934629642,0.8833014501787307
2020-05-15,1.3963069493946312,1.1946138221854188,1.2714128906613609,1.0334680723716987,1.0155197257382251,1.3963069493946312,1.1946138221854188,1.2714128906613609,1.0334680723716987,1.0155197257382251,0.92417135175428,0.870852732357158,0.8616402058294738,0.8835831602857436
2020-05-18,1.4045684417707038,1.1977391098568746,1.2787409188496108,1.0379586226551263,1.0096967915310104,1.4045684417707038,1.1977391098568746,1.2787409188496108,1.0379586226551263,1.0096967915310104,0.9235359426018458,0.8708872017411842,0.8603990505214161,0.881772918830532
2020-05-19,1.4295665824892367,1.2180529432424316,1.2995036653829857,1.0623358956223048,1.034735408622033,1.4295665824892367,1.2180529432424316,1.2995036653829857,1.0623358956223048,1.034735408622033,0.9225029069690807,0.8702590546103155,0.8600208552489292,0.88521941013306
2020-05-20,1.441928252800918,1.2250847510900562,1.3080530316026104,1.064901924355692,1.0382291691463617,1.441928252800918,1.2250847510900562,1.3080530316026104,1.064901924355692,1.0382291691463617,0.9269705267702064,0.8738643916918986,0.8644622931780379,0.890468694102984
2020-05-21,1.4441059390260578,1.2243033993678085,1.306221024555548,1.0597698668889177,1.0364822888841974,1.4441059390260578,1.2243033993678085,1.306221024555548,1.0597698668889177,1.0364822888841974,0.9253179280662176,0.872221472445096,0.8621759889536675,0.8872606436964304
2020-05-22,1.4324054414814578,1.2110212546123413,1.2946183132574856,1.045656708855288,1.0225072467868823,1.4324054414814578,1.2110212546123413,1.2946183132574856,1.045656708855288,1.0225072467868823,0.9192246890005911,0.8683865957314822,0.8586510059220667,0.8838956647803792
2020-05-25,1.4613496449415424,1.2321164397201463,1.3166023978222354,1.0616943884389578,1.0364822888841974,1.4613496449415424,1.2321164397201463,1.3166023978222354,1.0616943884389578,1.0364822888841974,0.9348149018353608,0.8812970422922082,0.870075080191723,0.8971935719297983
2020-05-26,1.4900436625734532,1.2594620809533281,1.3507998627007352,1.0886376901395234,1.0603563191337773,1.4900436625734532,1.2594620809533281,1.3507998627007352,1.0886376901395234,1.0603563191337773,0.9429060274020089,0.8878577410886181,0.8763488991001129,0.9033099286325768
2020-05-27,1.5077287420663026,1.2704004089771215,1.360570566951735,1.1040338625398465,1.0848126428040785,1.5077287420663026,1.2704004089771215,1.360570566951735,1.1040338625398465,1.0848126428040785,0.9468176910036266,0.8909816159670695,0.8799280882514634,0.9058086803049465
2020-05-28,1.524769279528743,1.2969646984880556,1.3923253557674846,1.1232790780402504,1.1040283256878867,1.524769279528743,1.2969646984880556,1.3923253557674846,1.1232790780402504,1.1040283256878867,0.9500207138755744,0.892818585666823,0.8819861197545682,0.9077805488734961
2020-05-29,1.513426203841115,1.28133861778338,1.3892720106890473,1.1072413984565803,1.0848126428040785,1.513426203841115,1.28133861778338,1.3892720106890473,1.1072413984565803,1.0848126428040785,0.9580706209465919,0.8976104277023637,0.8869369689871486,0.9147417530402605
2020-06-01,1.5176919716356303,1.2860264896817966,1.4002640529714223,1.1040338625398463,1.0871418164869644,1.5176919716356303,1.2860264896817966,1.4002640529714223,1.1040338625398463,1.0871418164869644,0.9618053627224613,0.9022458578245578,0.8916232747043441,0.9210490806755549
2020-06-02,1.5375529087313333,1.3008712186642242,1.4198054614734221,1.114939484656742,1.0952939243770647,1.5375529087313333,1.3008712186642242,1.4198054614734221,1.114939484656742,1.0952939243770647,0.9624949777262931,0.9035165584663701,0.8944271261400689,0.921966739630659
2020-06-03,1.5448317049312552,1.3125907791927305,1.4411788770224845,1.1322601786071056,1.111015846736544,1.5448317049312552,1.3125907791927305,1.4411788770224845,1.1322601786071056,1.111015846736544,0.9648261381596914,0.9051866295075123,0.8952337264160992,0.924900243990088
2020-06-04,1.5448968982862024,1.3164972993688993,1.4411788770224845,1.1367507288905334,1.1075220862122153,1.5448968982862024,1.3164972993688993,1.4411788770224845,1.1367507288905334,1.1075220862122153,0.9631544276790268,0.9047775604418238,0.8940742409391439,0.9248066511243533
2020-06-05,1.5527403385946252,1.320403819545068,1.4515602502891718,1.1521469012908567,1.1255731822545805,1.5527403385946252,1.320403819545068,1.4515602502891718,1.1521469012908567,1.1255731822545805,0.9522257157150386,0.8960995909914902,0.8868200604920169,0.9150081701359011
2020-06-08,1.5743598083193733,1.336811251971991,1.4698803207597966,1.1739581455246482,1.1517763861870463,1.5743598083193733,1.336811251971991,1.4698803207597966,1.1739581455246482,1.1517763861870463,0.9547217459330238,0.8961256633738481,0.8868635261472037,0.9142761116457077
2020-06-09,1.570504484041606,1.336811251971991,1.4674376446970465,1.170750609607914,1.148864919083439,1.570504484041606,1.336811251971991,1.4674376446970465,1.170750609607914,1.148864919083439,0.952644397142973,0.8954979320871731,0.8875709522298889,0.914031151846843
2020-06-10,1.5704696286893765,1.334467316022783,1.466826975681359,1.1630525234077524,1.1395482243518957,1.5704696286893765,1.334467316022783,1.466826975681359,1.1630525234077524,1.1395482243518957,0.9535027849654668,0.8951078059363995,0.8878835804906848,0.9162526168209416
2020-06-11,1.5285333131284387,1.3055590905626404,1.428354827693047,1.1232790780402506,1.1051929125293296,1.5285333131284387,1.3055590905626404,1.428354827693047,1.1232790780402506,1.1051929125293296,0.949736493793698,0.8935340670487371,0.8877579984585992,0.9142378931853562
2020-06-12,1.5033373745160867,1.2852451379595484,1.4143094403322347,1.113014963106702,1.0906355770112932,1.5033373745160867,1.2852451379595484,1.4143094403322347,1.113014963106702,1.0906355770112932,0.9376275146303695,0.8830814497694639,0.8781944193808742,0.9040969506462064
2020-06-15,1.462679426467927,1.2578994967263666,1.372783947265485,1.0969772835230318,1.0621031993959418,1.462679426467927,1.2578994967263666,1.372783947265485,1.0969772835230318,1.0621031993959418,0.9262133813146769,0.8744840628797756,0.8681461799922959,0.8919441372751763
2020-06-16,1.5283370632390516,1.307121674789601,1.4344615178499218,1.1373922360738802,1.1075220862122157,1.5283370632390516,1.307121674789601,1.4344615178499218,1.1373922360738802,1.1075220862122157,0.9528525167974055,0.8966489098760635,0.8909383691779229,0.9143033277203135
2020-06-17,1.523296630884602,1.300871218664224,1.4271334896616719,1.1296941498737185,1.0976230980599508,1.523296630884602,1.300871218664224,1.4271334896616719,1.1296941498737185,1.0976230980599508,0.949067262754538,0.8942536715198416,0.8894309108717031,0.9133231598129342
2020-06-18,1.5226670342226731,1.3000898669419763,1.419805461473422,1.1175055133901293,1.0906355770112934,1.5226670342226731,1.3000898669419763,1.419805461473422,1.1175055133901293,1.0906355770112934,0.9535322011052411,0.8985264860540229,0.8952581618251708,0.9183627146423922
2020-06-19,1.522793698001495,1.2993086344372633,1.4277441586773594,1.112373455923355,1.0842303493833574,1.522793698001495,1.2993086344372633,1.4277441586773594,1.112373455923355,1.0842303493833574,0.9609419130588096,0.9038582816313855,0.9008807247972483,0.9242497202271462
2020-06-22,1.5219956732174886,1.296964698488055,1.4259121516302968,1.1130149631067017,1.0807365888590286,1.5219956732174886,1.296964698488055,1.4259121516302968,1.1130149631067017,1.0807365888590286,0.9675277768654967,0.9087014738407231,0.904114533982491,0.9295678357765491
2020-06-23,1.530902130459013,1.300871218664224,1.4314081727714842,1.12135455649021,1.0824834691211929,1.530902130459013,1.300871218664224,1.4314081727714842,1.12135455649021,1.0824834691211929,0.97657300480346,0.9142190618615108,0.9090132181073891,0.9362299606617436
2020-06-24,1.5191347821694439,1.2946207625388468,1.4326295108028593,1.118147020573476,1.0743313612310925,1.5191347821694439,1.2946207625388468,1.4326295108028593,1.118147020573476,1.0743313612310925,0.9725299137269726,0.9106178609681728,0.905312505417366,0.9331178280398187
2020-06-25,1.5010227414005075,1.2813386177833797,1.4155307783636095,1.1104489343733144,1.0527865046643985,1.5010227414005075,1.2813386177833797,1.4155307783636095,1.1104489343733144,1.0527865046643985,0.965760279476357,0.903834321820562,0.8998315988032807,0.9257471521640815
2020-06-26,1.516566286917624,1.296964698488055,1.429576165724422,1.111731948740008,1.0591917322923345,1.516566286917624,1.296964698488055,1.429576165724422,1.111731948740008,1.0591917322923345,0.9861271061298956,0.9211958828288709,0.9174006936641472,0.9468791620374316
2020-06-29,1.4914520867021122,1.2719629932040812,1.4002640529714223,1.111731948740008,1.0423052230914123,1.4914520867021122,1.2719629932040812,1.4002640529714223,1.111731948740008,1.0423052230914123,0.9807056872351466,0.9178225471847381,0.9119128622257534,0.9484595826378681
2020-06-30,1.4994132001479585,1.2750881616580025,1.416141447379297,1.1072413984565803,1.0568625586094487,1.4994132001479585,1.2750881616580025,1.416141447379297,1.1072413984565803,1.0568625586094487,0.9841903148001415,0.9224333908594647,0.9154638828403188,0.9562241865611986
2020-07-01,1.4754114135608527,1.2649311853564567,1.4057600741126097,1.1091659200066208,1.0417229296706907,1.4754114135608527,1.2649311853564567,1.4057600741126097,1.1091659200066208,1.0417229296706907,0.9672761634834894,0.9095449753855491,0.9031546728229615,0.9438659125822726
2020-07-02,1.4652160573279467,1.2696190572548731,1.4082027501753596,1.1091659200066208,1.048128157298627,1.4652160573279467,1.2696190572548731,1.4082027501753596,1.1091659200066208,1.048128157298627,0.95640111401091,0.9030825835388653,0.8967752924841714,0.9323085954629996
2020-07-03,1.4750416197172542,1.2758695133802502,1.418584123442047,1.082864125489402,1.046963570457184,1.4750416197172542,1.2758695133802502,1.418584123442047,1.082864125489402,1.046963570457184,0.9685951118229543,0.9134891105159462,0.9071589089240012,0.9448500741317077
2020-07-06,1.5055101747050912,1.2961833467658075,1.4430108840695468,1.102750848173153,1.0638500796581063,1.5055101747050912,1.2961833467658075,1.4430108840695468,1.102750848173153,1.0638500796581063,0.9775003504092904,0.9223995532477947,0.9170875458453108,0.9578468436363867
2020-07-07,1.5009963627034435,1.2914955940849255,1.4130881023008597,1.093128240422951,1.0527865046643985,1.5009963627034435,1.2914955940849255,1.4130881023008597,1.093128240422951,1.0527865046643985,0.9797427407326046,0.9265714425345521,0.9232618998795471,0.9624983189236231
2020-07-08,1.4873556857749424,1.279776033556419,1.4282937607914783,1.0841471398560958,1.0469635704571838,1.4873556857749424,1.279776033556419,1.4282937607914783,1.0841471398560958,1.0469635704571838,0.9799445552549311,0.9256635316497492,0.9190480950089188,0.9575058652690793
2020-07-09,1.4790588966536804,1.2532116248279501,1.4345037336644846,1.0828641254894023,1.043469809932855,1.4790588966536804,1.2532116248279501,1.4345037336644846,1.0828641254894023,1.043469809932855,0.9857335084508677,0.9314521192452613,0.9241346935686875,0.9627227538796219
2020-07-10,1.451991826753257,1.2625092143777528,1.4195997987692692,1.0751660392892406,1.028330180994097,1.451991826753257,1.2625092143777528,1.4195997987692692,1.0751660392892406,1.028330180994097,0.9762744552809529,0.9221297406442404,0.9118653809061544,0.9530672451396994
2020-07-13,1.4955364254214198,1.2928158396147669,1.4469236794104976,1.0989018050730723,1.0533687980851196,1.4955364254214198,1.2928158396147669,1.4469236794104976,1.0989018050730723,1.0533687980851196,1.0061166579845302,0.9486246677795237,0.9371639826256792,0.9789322997274121
2020-07-14,1.488658497673099,1.2856378874375611,1.4369877228136871,1.1008263266231129,1.0551156783472841,1.488658497673099,1.2856378874375611,1.4369877228136871,1.1008263266231129,1.0551156783472841,1.0051703708527076,0.9473887354714786,0.9354641430366522,0.9731689962510048
2020-07-15,1.5134293717812004,1.3047789715481721,1.458101630581909,1.1142979774733959,1.0702553072860421,1.5134293717812004,1.3047789715481721,1.458101630581909,1.1142979774733959,1.0702553072860421,1.0126916024613049,0.9548571229310069,0.9426422405274901,0.9802541126552455
2020-07-16,1.5070670560611654,1.2976010193709664,1.4481656739850988,1.1149394846567426,1.0754959480725355,1.5070670560611654,1.2976010193709664,1.4481656739850988,1.1149394846567426,1.0754959480725355,0.9899356546094542,0.9353581461845891,0.9225743625617464,0.9636270174997819
2020-07-17,1.4999301346761489,1.2928158396147669,1.442576698399393,1.1110904415566618,1.0650146664995492,1.4999301346761489,1.2928158396147669,1.442576698399393,1.1110904415566618,1.0650146664995492,0.9890352084540706,0.9375608252208594,0.9249851435588816,0.9665660524481825
2020-07-20,1.5051315165842443,1.2944108995335002,1.4438186929739945,1.110448934373315,1.067343840182435,1.5051315165842443,1.2944108995335002,1.4438186929739945,1.110448934373315,1.067343840182435,0.9971862320558942,0.940112583878404,0.9293744660568296,0.9729110558945929
2020-07-21,1.5136001292341585,1.3007912609037038,1.454996644145406,1.1008263266231129,1.0586094388716132,1.5136001292341585,1.3007912609037038,1.454996644145406,1.1008263266231129,1.0586094388716132,1.006085291546002,0.9472106936186536,0.9370114856452276,0.9847134498680223
2020-07-22,1.5019251684649269,1.2912206580007626,1.4469236794104976,1.0989018050730723,1.054533384926563,1.5019251684649269,1.2912206580007626,1.4469236794104976,1.0989018050730723,1.054533384926563,1.0036197886496905,0.9436246043894301,0.9331907509916425,0.9818828015926695
2020-07-27,1.5075313430714223,1.296005959452233,1.444439690261295,1.1014678338064594,1.0551156783472846,1.5075313430714223,1.296005959452233,1.444439690261295,1.1014678338064594,1.0551156783472846,1.0081697888618057,0.9449495409870414,0.9351680884660512,0.986428380739847
2020-07-28,1.4971097561880675,1.2896255980820295,1.442576698399393,1.0912037188729107,1.048128157298627,1.4971097561880675,1.2896255980820295,1.442576698399393,1.0912037188729107,1.048128157298627,1.0056817703612682,0.9442167468779223,0.9387366186383332,0.9724430998775273
2020-07-29,1.4722290862615095,1.2720796955854228,1.425188774354975,1.11943003494017,1.034153115201312,1.4722290862615095,1.2720796955854228,1.425188774354975,1.11943003494017,1.034153115201312,0.9974528865908177,0.9373628599420466,0.9338849898361693,0.9591303650477345
2020-07-30,1.4594872727147128,1.2641042742964859,1.421462790631171,1.0912037188729107,1.0207603665247185,1.4594872727147128,1.2641042742964859,1.421462790631171,1.0912037188729107,1.0207603665247185,1.0116510866473494,0.9443698343490872,0.9408276850636509,0.9674255352680441
2020-07-31,1.4110562784861755,1.2298099384150034,1.3829609588185312,1.0366756082884325,0.9834935875985451,1.4110562784861755,1.2298099384150034,1.3829609588185312,1.0366756082884325,0.9834935875985451,0.9863823673890812,0.9219136304783907,0.918641841589036,0.9438961710062078
2020-08-03,1.4387197790738877,1.2489510225256144,1.409663842172459,1.0539963022387964,0.9957217494336957,1.4387197790738877,1.2489510225256144,1.409663842172459,1.0539963022387964,0.9957217494336957,0.9920888131824073,0.9305275812903577,0.9309776747344458,0.9530874045347463
2020-08-04,1.4731772642563883,1.2768649970368933,1.4351247309517854,1.0732415177392005,1.0260010073112116,1.4731772642563883,1.2768649970368933,1.4351247309517854,1.0732415177392005,1.0260010073112116,0.9974097694568264,0.9361451401691887,0.9367634163503639,0.9598792799797449
2020-08-05,1.474750524615025,1.2760674062298911,1.4307777499406809,1.0751660392892408,1.0225072467868828,1.474750524615025,1.2760674062298911,1.4307777499406809,1.0751660392892408,1.0225072467868828,1.0012002384805607,0.9375628706038466,0.9420652985515505,0.958494536934619
2020-08-06,1.472629145983375,1.272877286392425,1.4245677770676743,1.0520717806887558,1.024254127049047,1.472629145983375,1.272877286392425,1.4245677770676743,1.0520717806887558,1.024254127049047,1.0022077876758355,0.9382578504149806,0.9418906563605411,0.9574265256313604
2020-08-07,1.467677064231035,1.2720796955854228,1.4195997987692692,1.0700339818224662,1.0230895402076041,1.467677064231035,1.2720796955854228,1.4195997987692692,1.0700339818224662,1.0230895402076041,0.990165214745414,0.9293206697010536,0.9325952936330937,0.9461121357580914
2020-08-11,1.5085728759571841,1.30398138074117,1.4456816848358962,1.111867931020168,1.0650146664995492,1.5085728759571841,1.30398138074117,1.4456816848358962,1.111867931020168,1.0650146664995492,0.9981763731444454,0.9380767247097226,0.9362386702004055,0.9550091818837332
2020-08-12,1.5289554273086283,1.3183371634003103,1.4518916577089027,1.132131250162805,1.0853949362248003,1.5289554273086283,1.3183371634003103,1.4518916577089027,1.132131250162805,1.0853949362248003,0.9952992943593725,0.9375795694814044,0.9363535128463549,0.9554703189999839
2020-08-13,1.5438071915191578,1.3350854750899148,1.4779735437755297,1.1360531829000895,1.0906355770112934,1.5438071915191578,1.3350854750899148,1.4779735437755297,1.1360531829000895,1.0906355770112934,1.0083192754973356,0.948501413018093,0.948471542036774,0.9675978291097047
2020-08-14,1.5424259021531164,1.3326929460594508,1.479215538350131,1.1327849056190191,1.0865595230662433,1.5424259021531164,1.3326929460594508,1.479215538350131,1.1327849056190191,1.0865595230662433,1.0106414619069701,0.9504499028759799,0.9516363590449624,0.9710549333973677
2020-08-17,1.5303220520974308,1.3215272832377765,1.46865858446602,1.1275556619693063,1.082483469121193,1.5303220520974308,1.3215272832377765,1.46865858446602,1.1275556619693063,1.082483469121193,1.0025877317942031,0.9431342786386951,0.9444146156427334,0.963069945289227
2020-08-18,1.5326756887315203,1.3223248740447786,1.465553598029517,1.1216727628633796,1.074913654651814,1.5326756887315203,1.3223248740447786,1.465553598029517,1.1216727628633796,1.074913654651814,1.0147277914590889,0.9533752704014746,0.952151979223288,0.9727995891993559
2020-08-19,1.537471278644615,1.325514993882245,1.470521576327922,1.12494104014445,1.0772428283347,1.537471278644615,1.325514993882245,1.470521576327922,1.12494104014445,1.0772428283347,1.0130608585661665,0.9537411287371498,0.9533102339507452,0.9725478653313703
2020-08-20,1.5240998462519848,1.3119568020301067,1.4549966441454059,1.1203654519509514,1.0725844809689284,1.5240998462519848,1.3119568020301067,1.4549966441454059,1.1203654519509514,1.0725844809689284,0.9984295534175556,0.943646502579031,0.9456600143241157,0.9600262792299334
2020-08-21,1.5338476865994808,1.3183371634003103,1.459964622443811,1.1229800737758078,1.0760782414932573,1.5338476865994808,1.3183371634003103,1.459964622443811,1.1229800737758078,1.0760782414932573,0.9985405724066135,0.9439664233600709,0.9477045023923362,0.9591043699457109
2020-08-24,1.536007422277303,1.3207298141260457,1.4612066170184121,1.1236337292320218,1.0714198941274857,1.536007422277303,1.3207298141260457,1.4612066170184121,1.1236337292320218,1.0714198941274857,1.0111332677418787,0.9562154216143574,0.9620513664094963,0.9662640226954603
2020-08-25,1.5562481331035738,1.332692946059451,1.4798365356374314,1.1432433929184445,1.0923824572734582,1.5562481331035738,1.332692946059451,1.4798365356374314,1.1432433929184445,1.0923824572734582,1.0129629521915142,0.9585831863356198,0.9626999948111467,0.9688013892802465
2020-08-26,1.557142197935138,1.334288005978184,1.4792155383501306,1.1393214601811599,1.0923824572734582,1.557142197935138,1.334288005978184,1.4792155383501306,1.1393214601811599,1.0923824572734582,1.00912707880581,0.9537761514634715,0.9621327994360819,0.9638091230475956
2020-08-27,1.5481997996332162,1.325514993882245,1.474868557339026,1.1288629728817345,1.0801542954383077,1.5481997996332162,1.325514993882245,1.474868557339026,1.1288629728817345,1.0801542954383077,1.0024274264262487,0.9473117505335755,0.9550438139525492,0.9566116700725652
2020-08-28,1.5329540710870564,1.315944512674575,1.4562386387200068,1.1301702837941627,1.0842303493833578,1.5329540710870564,1.315944512674575,1.4562386387200068,1.1301702837941627,1.0842303493833578,0.9903591646696841,0.9370060159556606,0.9424134473464868,0.9466761288734713
2020-08-31,1.5534146428453117,1.323919933963512,1.4717635709025227,1.1353995274438753,1.0918001638527366,1.5534146428453117,1.323919933963512,1.4717635709025227,1.1353995274438753,1.0918001638527366,0.9947535732287748,0.9431967280837943,0.9519806533847495,0.9529443409384503
2020-09-01,1.5521024679373858,1.3263125846892472,1.4717635709025227,1.1282093174255203,1.0918001638527366,1.5521024679373858,1.3263125846892472,1.4717635709025227,1.1282093174255203,1.0918001638527366,0.9962413255900497,0.9409167005748539,0.9546970910332654,0.9507856151263028
2020-09-02,1.558549099091513,1.333490415171182,1.477973543775529,1.125594695600664,1.0883064033284078,1.558549099091513,1.333490415171182,1.477973543775529,1.125594695600664,1.0883064033284078,1.0075210130080925,0.9509433374911546,0.9701295235939462,0.9626721669028124
2020-09-03,1.5626551063967111,1.3382757166226524,1.4922564813834438,1.1321312501628047,1.0976230980599513,1.5626551063967111,1.3382757166226524,1.4922564813834438,1.1321312501628047,1.0976230980599513,1.013331021419569,0.9545126488360959,0.9726457654263629,0.9667972950285474
2020-09-04,1.5524885005725075,1.3271100538009784,1.4754895546263265,1.1321312501628047,1.0976230980599513,1.5524885005725075,1.3271100538009784,1.4754895546263265,1.1321312501628047,1.0976230980599513,1.0053566576094954,0.9471118939478139,0.9624279315794503,0.9581332707019364
2020-09-07,1.5537296906568137,1.3223248740447788,1.46927958175332,1.1295166283379483,1.0976230980599513,1.5537296906568137,1.3223248740447788,1.46927958175332,1.1295166283379483,1.0976230980599513,0.9976726514303763,0.9429071729354878,0.9530008373123018,0.9518666497599443
2020-09-08,1.5733417339219686,1.3318953552524486,1.4792155383501302,1.1373604938125175,1.1057752059500516,1.5733417339219686,1.3318953552524486,1.4792155383501302,1.1373604938125175,1.1057752059500516,1.0034798016779443,0.9473536768249805,0.9527312637270553,0.9581378759456289
2020-09-09,1.5617704310304286,1.3167421034815772,1.4649326007422154,1.1275556619693061,1.093547044114901,1.5617704310304286,1.3167421034815772,1.4649326007422154,1.1275556619693061,1.093547044114901,0.9978676862707181,0.9431782690568782,0.9489018051722974,0.9543282618746054
2020-09-10,1.5767672896795748,1.3342880059781839,1.4767315492009276,1.1432433929184442,1.1069397927914946,1.5767672896795748,1.3342880059781839,1.4767315492009276,1.1432433929184442,1.1069397927914946,1.014197661482541,0.9582222061885016,0.9645395564339068,0.9678693281544015
2020-09-11,1.5916973562627785,1.3446560779928558,1.4872885030850387,1.1432433929184442,1.1133450204194306,1.5916973562627785,1.3446560779928558,1.4872885030850387,1.1432433929184442,1.1133450204194306,1.0190809661247167,0.9613824751504229,0.9695052461783201,0.9744493704988902
2020-09-14,1.6097993204161112,1.3550240283122565,1.4978454569691495,1.1510872583930132,1.1284846493581886,1.6097993204161112,1.3550240283122565,1.4978454569691495,1.1510872583930132,1.1284846493581886,1.0314700062248783,0.9720346364928111,0.980505608959375,0.9837376351074087
2020-09-15,1.6031995501808158,1.346251137911589,1.4897724922342412,1.143243392918444,1.1220794217302525,1.6031995501808158,1.346251137911589,1.4897724922342412,1.143243392918444,1.1220794217302525,1.0325903147957929,0.9726637506557688,0.9813846923685088,0.9827924251482671
2020-09-16,1.6108688912557787,1.3502388485560572,1.4916354840961432,1.1353995274438748,1.1098512598951018,1.6108688912557787,1.3502388485560572,1.4916354840961432,1.1353995274438748,1.1098512598951018,1.0434916871833968,0.9803731288283992,0.9955359559473247,0.9928466844933004
2020-09-17,1.6101111470200287,1.3454535471045868,1.4835625193612347,1.1269020065130917,1.1028637388464444,1.6101111470200287,1.3454535471045868,1.4835625193612347,1.1269020065130917,1.1028637388464444,1.045891694210982,0.9832049156685425,0.9994816595296858,0.9975658169249315
2020-09-18,1.625598260956935,1.3510363176677882,1.4860465085104373,1.1223264183195931,1.1034460322671658,1.625598260956935,1.3510363176677882,1.4860465085104373,1.1223264183195931,1.1034460322671658,1.051879784487547,0.9907502245120777,1.0125555440817815,1.0025053626650462
2020-09-23,1.617733852577308,1.349441257749055,1.4854255112231367,1.11382889738881,1.0947116309563438,1.617733852577308,1.349441257749055,1.4854255112231367,1.11382889738881,1.0947116309563438,1.0393316327016329,0.9865688029055338,1.0084091887586422,0.9950157125391541
2020-09-24,1.5955468090813258,1.336680656703919,1.4680375871787188,1.1007557882645282,1.0830657625419147,1.5955468090813258,1.336680656703919,1.4680375871787188,1.1007557882645282,1.0830657625419147,1.0254396662489587,0.9735196699688602,0.99361793151504,0.9869941793751985
2020-09-25,1.6113618756099384,1.3422634272671206,1.4754895546263265,1.1014094437207425,1.0830657625419147,1.6113618756099384,1.3422634272671206,1.4754895546263265,1.1014094437207425,1.0830657625419147,1.0409361679541678,0.9869003574367845,1.0074838465456966,1.0026007643990704
2020-09-28,1.6435013572358272,1.3661896911339309,1.4941194732453456,1.1197117964947372,1.0982053914806726,1.6435013572358272,1.3661896911339309,1.4941194732453456,1.1197117964947372,1.0982053914806726,1.0585059388408815,1.0052847727277534,1.0242175322661622,1.0185027654876664
2020-09-29,1.649726099184744,1.3741651124228678,1.5052974244167572,1.133438561075233,1.106357499370773,1.649726099184744,1.3741651124228678,1.5052974244167572,1.133438561075233,1.106357499370773,1.0619808360170724,1.009173098404271,1.02642680996691,1.0222903300154624
2020-09-30,1.613555095522765,1.3446560779928558,1.482941522073934,1.117750830126095,1.082483469121193,1.613555095522765,1.3446560779928558,1.482941522073934,1.117750830126095,1.082483469121193,1.0411507309998405,0.9868103437204734,1.0064647722745792,1.002021160987632
2020-10-02,1.5931079769302885,1.3326929460594505,1.4723845681898229,1.1157898637574528,1.1016991520050012,1.5931079769302885,1.3326929460594505,1.4723845681898229,1.1157898637574528,1.1016991520050012,1.0272780367441459,0.9724881090889359,0.9884394804417893,0.9879027841215496
2020-10-05,1.6288685410020962,1.3550240283122568,1.489772492234241,1.1347458719876615,1.0952939243770652,1.6288685410020962,1.3550240283122568,1.489772492234241,1.1347458719876615,1.0952939243770652,1.0280495292921406,0.9851265584609378,0.9980666903425671,0.9912999518573418
2020-10-06,1.635571510239672,1.3622019804894627,1.4978454569691493,1.1510872583930138,1.0918001638527364,1.635571510239672,1.3622019804894627,1.4978454569691493,1.1510872583930138,1.0918001638527364,1.0291316285390844,0.9858632183064658,0.9989217278456909,0.9886718761688585
2020-10-07,1.635002856162953,1.3637970404081958,1.496603462394548,1.1543555356740842,1.1069980221335665,1.635002856162953,1.3637970404081958,1.496603462394548,1.1543555356740842,1.1069980221335665,1.0276637431386424,0.9851847316840414,0.9985860656590156,0.9886545324333271
2020-10-08,1.6445208439006667,1.3709748708901306,1.5115073972897632,1.1563165020427264,1.1075884210787044,1.6445208439006667,1.3709748708901306,1.5115073972897632,1.1563165020427264,1.1075884210787044,1.0398684948064005,0.9955118585338718,1.0091468288829366,1.0002120088722266
2020-10-09,1.6379156204005125,1.3622019804894627,1.5090234081405607,1.1458580147433008,1.096961240066222,1.6379156204005125,1.3622019804894627,1.5090234081405607,1.1458580147433008,1.096961240066222,1.0512912223610407,1.0010781424747055,1.0129558187243297,1.0064709271960204
2020-10-12,1.635495690905125,1.3598093297637275,1.5077814135659595,1.139975115637374,1.091057250614843,1.635495690905125,1.3598093297637275,1.5077814135659595,1.139975115637374,1.091057250614843,1.0498735524308425,0.9981072662281815,1.0110788225073037,1.0061766230932927
2020-10-13,1.6377579915722795,1.3637970404081958,1.50840241085326,1.1438970483746584,1.0934188463953947,1.6377579915722795,1.3637970404081958,1.50840241085326,1.1438970483746584,1.0934188463953947,1.0642476688361673,1.0078568659512808,1.0194634209001925,1.016977596861182
2020-10-14,1.6302055269641451,1.3590117389567253,1.5115073972897635,1.1360531829000893,1.085743660108602,1.6302055269641451,1.3590117389567253,1.5115073972897635,1.1360531829000893,1.085743660108602,1.0638784431151322,1.0088669106415327,1.021145832554397,1.0179004243386673
2020-10-15,1.6144115483822865,1.3502388485560575,1.5040554298421558,1.1353995274438753,1.0780684738218091,1.6144115483822865,1.3502388485560575,1.5040554298421558,1.1353995274438753,1.0780684738218091,1.0567844613791004,1.002578523927055,1.0121657830255315,1.0081786015441394
2020-10-16,1.598858254601974,1.3382757166226522,1.4984664542564499,1.1308239392503767,1.073345282260706,1.598858254601974,1.3382757166226522,1.4984664542564499,1.1308239392503767,1.073345282260706,1.0529534709498125,0.9992345183221698,1.0063163542643994,0.9994610458413544
2020-10-19,1.6226553066801213,1.355821619119259,1.5146123837262666,1.140628771093588,1.084562862218326,1.6226553066801213,1.355821619119259,1.5146123837262666,1.140628771093588,1.084562862218326,1.06023833347444,1.0035753404939258,1.010867008027216,1.0037624704564485
2020-10-20,1.6088221253054575,1.3462511379115891,1.5065394189913581,1.132131250162805,1.0739356812058438,1.6088221253054575,1.3462511379115891,1.5065394189913581,1.132131250162805,1.0739356812058438,1.0601621208347842,1.0035380505031326,1.0109634458708132,1.0023599312197975
2020-10-21,1.6265493449136725,1.3550240283122568,1.5121283945770638,1.147165325655729,1.0892860537794293,1.6265493449136725,1.3550240283122568,1.5121283945770638,1.147165325655729,1.0892860537794293,1.0718741097039208,1.0110604646561718,1.0146150537001575,1.009532290695367
2020-10-22,1.605927174730142,1.3398707765413853,1.501571440692953,1.1412824265498023,1.0810204685474987,1.605927174730142,1.3398707765413853,1.501571440692953,1.1412824265498023,1.0810204685474987,1.0609325572793538,0.9993923500595937,1.001542314975308,0.9998637461923794
2020-10-23,1.6108578888659517,1.3454535471045868,1.5052974244167567,1.1517409138492276,1.089876452724567,1.6108578888659517,1.3454535471045868,1.5052974244167567,1.1517409138492276,1.089876452724567,1.064437869825354,0.999245959986695,1.0012933147830076,1.0012829572372837
2020-10-26,1.603695482382118,1.3398707765413853,1.5021924379802534,1.154355535674084,1.0910572506148426,1.603695482382118,1.3398707765413853,1.5021924379802534,1.154355535674084,1.0910572506148426,1.0587158799552365,0.9936443948648905,0.9947854613022293,0.9954598994317923
2020-10-27,1.6024488005764939,1.3390731857343832,1.5021924379802534,1.1465116701995148,1.0845628622183257,1.6024488005764939,1.3390731857343832,1.5021924379802534,1.1465116701995148,1.0845628622183257,1.065434581253372,0.9965269841414084,1.0007613055987943,0.9985887641125997
2020-10-28,1.591073516954309,1.3342880059781839,1.49908745154375,1.1295166283379485,1.063898899138499,1.591073516954309,1.3342880059781839,1.49908745154375,1.1295166283379485,1.063898899138499,1.0695667433947387,0.999966522507238,1.0059035890532624,1.00473794579969
2020-10-29,1.5865800436717352,1.3358830658969172,1.492256481383443,1.1295166283379485,1.0615373033579474,1.5865800436717352,1.3358830658969172,1.492256481383443,1.1295166283379485,1.0615373033579474,1.0582214634107712,0.990691295352274,0.9992611003152606,0.9951221329215456
2020-10-30,1.5545029493860787,1.3087666821926405,1.4705215763279205,1.1138288973888104,1.0420541381683968,1.5545029493860787,1.3087666821926405,1.4705215763279205,1.1138288973888104,1.0420541381683968,1.0368903022840628,0.9725163979297953,0.9811646200017969,0.9779945547500505
2020-11-02,1.5767855509215585,1.3318953552524488,1.4897724922342404,1.1386678047249459,1.0674412928093264,1.5767855509215585,1.3318953552524488,1.4897724922342404,1.1386678047249459,1.0674412928093264,1.0285146449031635,0.9670839414688253,0.9772620783631819,0.971131248401404
2020-11-04,1.5949424577702205,1.3478461978303227,1.5183383674500701,1.1484726365681572,1.0715740854252918,1.5949424577702205,1.3478461978303227,1.5183383674500701,1.1484726365681572,1.0715740854252918,1.046483844661574,0.9839149008624222,0.9937187765926191,0.9845032401086087
2020-11-05,1.612649303436892,1.3653921003269294,1.5444202535166969,1.1412824265498023,1.0668508938641885,1.612649303436892,1.3653921003269294,1.5444202535166969,1.1412824265498023,1.0668508938641885,1.0573621989584403,0.9918231899381039,1.0045298367422344,1.001297310947657
2020-11-06,1.6248584990242443,1.3733675216158663,1.55684019926271,1.15370188021787,1.075116479096119,1.6248584990242443,1.3733675216158663,1.55684019926271,1.15370188021787,1.075116479096119,1.0563164827578444,0.9915782665424085,1.0036568376317991,1.0046782932785878
2020-11-09,1.6392633092195932,1.3917110149194751,1.5903740527769445,1.1720042329918645,1.0839724632731875,1.6392633092195932,1.3917110149194751,1.5903740527769445,1.1720042329918645,1.0839724632731875,1.0696217588310106,1.004173042511379,1.017383604097431,1.01941035497269
2020-11-10,1.6583079562577383,1.4076618574973487,1.5934790392134477,1.2092625939960677,1.1258907883779785,1.6583079562577383,1.4076618574973487,1.5934790392134477,1.2092625939960677,1.1258907883779785,1.0469522925547732,0.9880159952008081,0.9955623228730238,0.9981288059568473
2020-11-11,1.6810074535206594,1.430790530557157,1.6226659117165778,1.232140534963561,1.1436027567321156,1.6810074535206594,1.430790530557157,1.6226659117165778,1.232140534963561,1.1436027567321156,1.0529949155659144,0.9957469769297084,1.0047202679505232,1.0030699215377523
2020-11-12,1.6720868099918076,1.429195470638424,1.6332228656006886,1.2236430140327779,1.1335659746647713,1.6720868099918076,1.429195470638424,1.6332228656006886,1.2236430140327779,1.1335659746647713,1.057653323945242,0.9963129801670695,1.0082989410740464,1.0062582673207752
2020-11-13,1.6468224127862665,1.410054508223084,1.6232869090038784,1.2040333503463552,1.1129020115849448,1.6468224127862665,1.410054508223084,1.6232869090038784,1.2040333503463552,1.1129020115849448,1.051843821548985,0.9920311428875811,1.0042385421523123,0.9994808822407673
2020-11-16,1.6714845377439402,1.4339807720898945,1.6568207625181133,1.2308332240511328,1.141831559896702,1.6714845377439402,1.4339807720898945,1.6568207625181133,1.2308332240511328,1.141831559896702,1.063225414171608,1.0006622811988313,1.012952537269568,1.0078205005138683
2020-11-17,1.6667518699779915,1.4363734228156297,1.662409738103819,1.2412917113505582,1.1495067461834947,1.6667518699779915,1.4363734228156297,1.662409738103819,1.2412917113505582,1.1495067461834947,1.0554127264455404,0.9930169979332472,1.00424036024714,1.0000132825945849
2020-11-18,1.655192429267032,1.4252077599939557,1.6468848059213028,1.2295259131387046,1.1382891662258745,1.655192429267032,1.4252077599939557,1.6468848059213028,1.2295259131387046,1.1382891662258745,1.0524430973245604,0.9882164033921725,1.0013875340832832,0.9967213523606923
2020-11-19,1.6518875099323553,1.4276004107196907,1.6375698466117932,1.2288722576824904,1.141241160951564,1.6518875099323553,1.4276004107196907,1.6375698466117932,1.2288722576824904,1.141241160951564,1.053665148289334,0.9889660026114543,1.0029801417856727,0.9995159572186822
2020-11-20,1.6594313888496164,1.429195470638424,1.6332228656006886,1.2288722576824904,1.1382891662258745,1.6594313888496164,1.429195470638424,1.6332228656006886,1.2288722576824904,1.1382891662258745,1.057480155657648,0.9951884612267833,1.0078507552155953,1.0039199686547993
2020-11-24,1.686732520717744,1.4571094451497029,1.6735876892752304,1.247174610456485,1.1571819324702872,1.686732520717744,1.4571094451497029,1.6735876892752304,1.247174610456485,1.1571819324702872,1.0777666359982954,1.0138861040127696,1.024696130424507,1.0209047144618195
2020-11-25,1.6822041360175763,1.459502095875438,1.6804186594355375,1.253711165018626,1.1624955229765284,1.6822041360175763,1.459502095875438,1.6804186594355375,1.253711165018626,1.1624955229765284,1.088334628891049,1.021246834914809,1.029353875586548,1.028272494830582
2020-11-26,1.6903746538264266,1.4738578785345786,1.6984275807672562,1.247174610456485,1.1577723314154251,1.6903746538264266,1.4738578785345786,1.6984275807672562,1.247174610456485,1.1577723314154251,1.0988961691007189,1.0307833094115273,1.0401297866676056,1.0401454281207716
2020-11-27,1.7032124284625638,1.477845589179047,1.7033955590656615,1.246520955000271,1.1624955229765284,1.7032124284625638,1.477845589179047,1.7033955590656615,1.246520955000271,1.1624955229765284,1.117971400713721,1.0447081527856206,1.0529208308245885,1.0551502870431462
2020-11-30,1.6685573096764748,1.449931614667768,1.6909756133196487,1.219067425839279,1.129433182048806,1.6685573096764748,1.449931614667768,1.6909756133196487,1.219067425839279,1.129433182048806,1.1041889747259446,1.0288844810271696,1.039905043943445,1.0432640129964534
2020-12-01,1.6899235313281884,1.4634898065199065,1.7145735102370732,1.2223357031203494,1.1406507620064261,1.6899235313281884,1.4634898065199065,1.7145735102370732,1.2223357031203494,1.1406507620064261,1.1144901841355819,1.0377493488085097,1.0475787997365344,1.0537212368248754
2020-12-02,1.6983073610085817,1.4674775171643748,1.71146852380057,1.2354088122446314,1.1495067461834947,1.6983073610085817,1.4674775171643748,1.71146852380057,1.2354088122446314,1.1495067461834947,1.119831837780472,1.04233864554764,1.0523713187330193,1.0572411542804163
2020-12-03,1.7054996571414422,1.4714652278088434,1.7145735102370732,1.240638055894344,1.1565915335251493,1.7054996571414422,1.4714652278088434,1.7145735102370732,1.240638055894344,1.1565915335251493,1.1278138593189477,1.049700613038647,1.0608066885924472,1.0623591585869436
2020-12-04,1.707677698117211,1.4706676370018414,1.7120895210878706,1.2445599886316285,1.1619051240313902,1.707677698117211,1.4706676370018414,1.7120895210878706,1.2445599886316285,1.1619051240313902,1.1335101159757155,1.0528396751865594,1.0640814443787951,1.0672515233076947
2020-12-07,1.687816383790072,1.4587045050684362,1.6978065834799558,1.2465209550002707,1.157772331415425,1.687816383790072,1.4587045050684362,1.6978065834799558,1.2465209550002707,1.157772331415425,1.123544500873451,1.0438890622296413,1.0538906439357019,1.055949329031617
2020-12-08,1.692880748384288,1.457907035956705,1.6934596024688513,1.241291711350558,1.1536395387994596,1.692880748384288,1.457907035956705,1.6934596024688513,1.241291711350558,1.1536395387994596,1.1387771611563249,1.054936779781704,1.0650303838997521,1.067336258413922
2020-12-09,1.7112747328535076,1.4746553476463098,1.7145735102370734,1.2543648204748399,1.16190512403139,1.7112747328535076,1.4746553476463098,1.7145735102370734,1.2543648204748399,1.16190512403139,1.155903668584485,1.0688011464929972,1.078157330822595,1.0837684413161117
2020-12-10,1.7041245916374141,1.4730602877275765,1.7108475265132694,1.2530575095624117,1.1607243261411142,1.7041245916374141,1.4730602877275765,1.7108475265132694,1.2530575095624117,1.1607243261411142,1.1427427876536767,1.0619263610824823,1.0734115960793889,1.0740015460196095
2020-12-11,1.7140052467239981,1.475452938453312,1.7040165563529623,1.2537111650186257,1.1583627303605626,1.7140052467239981,1.475452938453312,1.7040165563529623,1.2537111650186257,1.1583627303605626,1.1519641245569185,1.0678377161403425,1.0820211026237017,1.0831130619010492
2020-12-14,1.72509713627173,1.4842259505492508,1.7096055319386683,1.2595940641245527,1.1701707092633207,1.72509713627173,1.4842259505492508,1.7096055319386683,1.2595940641245527,1.1701707092633207,1.150919019001164,1.0660431110044506,1.0823345011069538,1.083707006487992
2020-12-15,1.7216636689476654,1.4762505292603139,1.7065005455021651,1.2504428877375553,1.161314725086252,1.7216636689476654,1.4762505292603139,1.7065005455021651,1.2504428877375553,1.161314725086252,1.1478701627219672,1.064261951898201,1.07939834927796,1.0799210009722706
2020-12-16,1.7245067829605345,1.4810357090165134,1.7114685238005705,1.2530575095624117,1.1636763208668037,1.7245067829605345,1.4810357090165134,1.7114685238005705,1.2530575095624117,1.1636763208668037,1.1565784277724571,1.071524986062677,1.0868652918361827,1.0857672660984798
2020-12-17,1.7183843560724132,1.4850234196609817,1.7151945075243744,1.247828265912699,1.16190512403139,1.7183843560724132,1.4850234196609817,1.7151945075243744,1.247828265912699,1.16190512403139,1.1667357205973063,1.0794770482752463,1.09574765402435,1.0923276712957024
2020-12-18,1.7186318416604225,1.485821010467984,1.7120895210878713,1.249135576825127,1.1654475177022172,1.7186318416604225,1.485821010467984,1.7120895210878713,1.249135576825127,1.1654475177022172,1.178957455480518,1.089267909914598,1.1010472599186998,1.104274477837067
2020-12-21,1.71454219539741,1.4818332998235157,1.7071215427894662,1.2458672995440565,1.1595435282508382,1.71454219539741,1.4818332998235157,1.7071215427894662,1.2458672995440565,1.1595435282508382,1.177878528141657,1.087665953790173,1.0980178585864167,1.104222532080379
2020-12-22,1.6780742195556015,1.4579070359567052,1.6884916241704468,1.2334478458759888,1.142421958841839,1.6780742195556015,1.4579070359567052,1.6884916241704468,1.2334478458759888,1.142421958841839,1.147056143771124,1.0620523491953455,1.0712495443367176,1.0765603656764033
2020-12-23,1.6821792180484787,1.4626922157129048,1.695322594330754,1.2262576358576338,1.135337171500184,1.6821792180484787,1.4626922157129048,1.695322594330754,1.2262576358576338,1.135337171500184,1.15492935615678,1.0668750866875312,1.0778842100184571,1.0856034313266547
2020-12-24,1.6947306244988571,1.4698701678901103,1.704016556352963,1.234101501332203,1.141831559896701,1.6947306244988571,1.4698701678901103,1.704016556352963,1.234101501332203,1.141831559896701,1.1564316524509208,1.0689364576496418,1.0803541057519928,1.08735892192422
2020-12-25,1.7058693142383257,1.4714652278088434,1.7046375536402636,1.2412917113505582,1.14773554934808,1.7058693142383257,1.4714652278088434,1.7046375536402636,1.2412917113505582,1.14773554934808,1.166125074961975,1.0769897885801565,1.08690101981583,1.099203841276295
2020-12-28,1.7019002949824873,1.480238239904782,1.7145735102370736,1.247174610456485,1.1506875440737696,1.7019002949824873,1.480238239904782,1.7145735102370736,1.247174610456485,1.1506875440737696,1.1744642205122495,1.0829646303615974,1.0893959101333552,1.107697930835359
2020-12-29,1.7307267290218609,1.5057595636903258,1.764253293221125,1.2713598623364062,1.1683995124279065,1.7307267290218609,1.5057595636903258,1.764253293221125,1.2713598623364062,1.1683995124279065,1.1914570222516714,1.1004639047307805,1.1053864519102277,1.1217781911886688
2020-12-30,1.7213031900808702,1.4953914916756537,1.7599063122100205,1.2609013750369809,1.1613147250862517,1.7213031900808702,1.4953914916756537,1.7599063122100205,1.2609013750369809,1.1613147250862517,1.1907302886569417,1.0975844844881064,1.104055851943973,1.1200452156957117
2021-01-04,1.7061459926910654,1.486618479579715,1.7474863664640077,1.2543648204748399,1.1512779430189073,1.7061459926910654,1.486618479579715,1.7474863664640077,1.2543648204748399,1.1512779430189073,1.1957803844607653,1.097497106852118,1.1012644703884023,1.119410939455789
2021-01-05,1.7061637743776255,1.4850234196609817,1.738171407154498,1.2458672995440567,1.1436027567321145,1.7061637743776255,1.4850234196609817,1.738171407154498,1.2458672995440567,1.1436027567321145,1.2076651726526122,1.106369309241849,1.1074244388678691,1.1238438618649225
2021-01-06,1.7173799016379625,1.4898087211124522,1.733203428856093,1.2595940641245527,1.1583627303605621,1.7173799016379625,1.4898087211124522,1.733203428856093,1.2595940641245527,1.1583627303605621,1.2047569017252617,1.1048671325222932,1.1054084892405844,1.119814167983931
2021-01-07,1.7398872212163505,1.5153300448979956,1.7580433203481185,1.2844329714606881,1.1900081138199536,1.7398872212163505,1.5153300448979956,1.7580433203481185,1.2844329714606881,1.1900081138199536,1.2225059624441414,1.126111487152091,1.1247405510755162,1.1377080933750152
2021-01-08,1.7636622081843367,1.5392563087648061,1.8002711358845622,1.3073109124281812,1.2036183508253535,1.7636622081843367,1.5392563087648061,1.8002711358845622,1.3073109124281812,1.2036183508253535,1.2491691475544655,1.1469385569235682,1.1463456241511625,1.1627597460133805
2021-01-12,1.7671048639575853,1.5392563087648061,1.8033761223210654,1.3079645678843952,1.2101275946105448,1.7671048639575853,1.5392563087648061,1.8033761223210654,1.3079645678843952,1.2101275946105448,1.2688801714882667,1.1632994396663763,1.159326997740503,1.1791754518137347
2021-01-13,1.7754557181444743,1.5448390793280078,1.8213850436527839,1.3177693997276065,1.2219625833108925,1.7754557181444743,1.5448390793280078,1.8213850436527839,1.3177693997276065,1.2219625833108925,1.2989721159283938,1.1867109184809568,1.1795275343093383,1.2060434269380675
2021-01-14,1.7778483170715882,1.554409560535678,1.8375309731226004,1.3236522988335335,1.2278800776610663,1.7778483170715882,1.554409560535678,1.8375309731226004,1.3236522988335335,1.2278800776610663,1.2905092432452203,1.1788167935600087,1.1737927955023524,1.2028573845457031
2021-01-15,1.762440084703819,1.536863658039071,1.8232480355146856,1.319730366096249,1.2237378316159446,1.762440084703819,1.536863658039071,1.8232480355146856,1.319730366096249,1.2237378316159446,1.2696851305908343,1.1601798548660858,1.1541720447433215,1.186939385079558
2021-01-18,1.7564069160238058,1.5304832966688675,1.8089650979067708,1.3027353242346826,1.2095358451755274,1.7564069160238058,1.5304832966688675,1.8089650979067708,1.3027353242346826,1.2095358451755274,1.2710111635628216,1.1584604557081644,1.151756676158903,1.1856001681426416
2021-01-19,1.7589171506330912,1.5408513686835392,1.8331839921114959,1.3073109124281812,1.2113110934805795,1.7589171506330912,1.5408513686835392,1.8331839921114959,1.3073109124281812,1.2113110934805795,1.275306910384151,1.1612411260311324,1.152858485788671,1.1898344140659953
2021-01-20,1.7626375254404432,1.5328759473946025,1.8269740192384893,1.3092718787968236,1.216636838395736,1.7626375254404432,1.5328759473946025,1.8269740192384893,1.3092718787968236,1.216636838395736,1.2776452192252867,1.1620175949982057,1.1526819059616855,1.1851902119664057
2021-01-21,1.7720624241672913,1.5416489594905416,1.840014962271803,1.3210376770086771,1.2178203372657708,1.7720624241672913,1.5416489594905416,1.840014962271803,1.3210376770086771,1.2178203372657708,1.2826365588510849,1.167077201335499,1.159624802349353,1.1881829851015426
2021-01-22,1.7662423389285533,1.5384587179578044,1.832562994824195,1.3203840215524631,1.213678091220649,1.7662423389285533,1.5384587179578044,1.832562994824195,1.3203840215524631,1.213678091220649,1.282682238432978,1.1658609978273597,1.159796706877923,1.1872470891978615
2021-01-25,1.7771320249721914,1.5432440194092747,1.8431199487083059,1.3223449879211053,1.216636838395736,1.7771320249721914,1.5432440194092747,1.8431199487083059,1.3223449879211053,1.216636838395736,1.2932721117204113,1.1723654475097884,1.1671509590181512,1.1991150569646796
2021-01-26,1.7676240901721068,1.534471007313336,1.8275950165257897,1.319730366096249,1.2148615900906838,1.7676240901721068,1.534471007313336,1.8275950165257897,1.319730366096249,1.2148615900906838,1.275742901147465,1.1601556531994628,1.1582167871276459,1.18651936838442
2021-01-27,1.7788165690029765,1.5432440194092747,1.8344259866860968,1.3308425088518885,1.2213708338758749,1.7788165690029765,1.5432440194092747,1.8344259866860968,1.3308425088518885,1.2213708338758749,1.2833556705364975,1.1669069134957306,1.168855316945042,1.1972210627112
2021-01-28,1.7728209756255224,1.5233054661869327,1.804618116895666,1.3158084333589644,1.2119028429155967,1.7728209756255224,1.5233054661869327,1.804618116895666,1.3158084333589644,1.2119028429155967,1.2578292828503082,1.1484161621974875,1.1466710765850423,1.1721696435348496
2021-01-29,1.7442521804092885,1.4977841424013891,1.7748102471052352,1.2929304923914713,1.1994761047802316,1.7442521804092885,1.4977841424013891,1.7748102471052352,1.2929304923914713,1.1994761047802316,1.23230865166101,1.1258472672555873,1.1245221419454088,1.1435271771275242
2021-02-01,1.7631011290673317,1.5145324540909941,1.7971661494480582,1.3001207024098262,1.2119028429155967,1.7631011290673317,1.5145324540909941,1.7971661494480582,1.3001207024098262,1.2119028429155967,1.2523482759248015,1.1404801679255345,1.1360476761669414,1.1542877998503922
2021-02-02,1.7878111050203864,1.5312808874758697,1.8157960680670775,1.3086182233406094,1.215453339525701,1.7878111050203864,1.5312808874758697,1.8157960680670775,1.3086182233406094,1.215453339525701,1.2714060801523914,1.1567701821387877,1.1523054736025176,1.1779341858595556
2021-02-03,1.8072884364571675,1.553612091423947,1.8369099758352994,1.3386863743264577,1.238531567491379,1.8072884364571675,1.553612091423947,1.8369099758352994,1.3386863743264577,1.238531567491379,1.2660050030311916,1.1562001740746384,1.1541907735834032,1.173634215665308
2021-02-04,1.8068570383760079,1.5480293208607452,1.815175070779777,1.341300996151314,1.236756319186327,1.8068570383760079,1.5480293208607452,1.815175070779777,1.341300996151314,1.236756319186327,1.2588294516957388,1.1524781322160758,1.1488403927646607,1.1707947569706705
2021-02-05,1.8285787170796661,1.5687653431948185,1.842498951421005,1.3563350716442382,1.255692301106883,1.8285787170796661,1.5687653431948185,1.842498951421005,1.3563350716442382,1.255692301106883,1.2609638227910587,1.1565802628806603,1.1552007299526204,1.1705283866535594
2021-02-08,1.8568321319175598,1.5958818485943662,1.8785167940844425,1.3582960380128803,1.2835045245527,1.8568321319175598,1.5958818485943662,1.8785167940844425,1.3582960380128803,1.2835045245527,1.2677081048514889,1.1656060287864962,1.1670253412286409,1.1832081248486683
2021-02-09,1.8559576171481165,1.5958818485943662,1.8878317533939524,1.3759447353306609,1.2846880234227347,1.8559576171481165,1.5958818485943662,1.8878317533939524,1.3759447353306609,1.2846880234227347,1.281640058357164,1.1751528858482945,1.1779324806662999,1.1995233034889383
2021-02-10,1.8585088558103098,1.6022620882692993,1.8940417262669589,1.3799195395733108,1.2894220189028738,1.8585088558103098,1.6022620882692993,1.8940417262669589,1.3799195395733108,1.2894220189028738,1.2758401440656633,1.1704071869150592,1.1688695340079245,1.1929203553397214
2021-02-12,1.8604979748948778,1.603059679076301,1.8909367398304557,1.3805820069470858,1.291197267207926,1.8604979748948778,1.603059679076301,1.8909367398304557,1.3805820069470858,1.291197267207926,1.2904217872876096,1.180829943224284,1.1793852207947173,1.2162937350972365
2021-02-15,1.8714024502519122,1.62140317237991,1.9281965770684941,1.3905190175537108,1.2982982604281346,1.8714024502519122,1.62140317237991,1.9281965770684941,1.3905190175537108,1.2982982604281346,1.3015288165211956,1.1929792598134983,1.189796894425874,1.2301587464743338
2021-02-16,1.8716718136298307,1.629378593668847,1.9468264956875134,1.4011184955341107,1.3042157547783084,1.8716718136298307,1.629378593668847,1.9468264956875134,1.4011184955341107,1.3042157547783084,1.30839106131213,1.1976484154172347,1.1936857378799184,1.2298534734831037
2021-02-17,1.8784249873788745,1.6245932922173763,1.9406165228145071,1.3891940828061609,1.3083580008234301,1.8784249873788745,1.6245932922173763,1.9406165228145071,1.3891940828061609,1.3083580008234301,1.2993392598486928,1.1957553126908518,1.1926034172108222,1.227423419956074
2021-02-18,1.8528468879162374,1.6094400404465048,1.9375115363780038,1.3679951268453612,1.291197267207926,1.8528468879162374,1.6094400404465048,1.9375115363780038,1.3679951268453612,1.291197267207926,1.267752584081041,1.1708230404374005,1.1693355934397518,1.1964107297302244
2021-02-19,1.8378901815934416,1.5998695592388346,1.9219866041954878,1.3620329204813864,1.2840962739877173,1.8378901815934416,1.5998695592388346,1.9219866041954878,1.3620329204813864,1.2840962739877173,1.2649140351005834,1.1667925094983935,1.1643683511043335,1.1941495803359907
2021-02-22,1.8549929020375509,1.6062497989137676,1.9281965770684941,1.3679951268453612,1.2965230121230824,1.8549929020375509,1.6062497989137676,1.9281965770684941,1.3679951268453612,1.2965230121230824,1.2814274024007897,1.178903072595174,1.177021938434437,1.2059315290562247
2021-02-24,1.8307188293350354,1.5791334152094907,1.9002516991399654,1.3501085077534363,1.295931262688065,1.8307188293350354,1.5791334152094907,1.9002516991399654,1.3501085077534363,1.295931262688065,1.2377195252601687,1.144785796610966,1.1464528600500021,1.1667422541926007
2021-02-25,1.8470354115483258,1.5998695592388346,1.9344065499415006,1.367332659471586,1.3172342423486907,1.8470354115483258,1.5998695592388346,1.9344065499415006,1.367332659471586,1.3172342423486907,1.2573585087338948,1.164171587211115,1.1643960808678255,1.1812265512687317
2021-02-26,1.8001488513668544,1.5464341392467413,1.8567818890289203,1.3679951268453607,1.274036533592422,1.8001488513668544,1.5464341392467413,1.8567818890289203,1.3679951268453607,1.274036533592422,1.2120715202234666,1.127033737636683,1.1290809921752853,1.148756051352726
2021-03-01,1.8375012047430235,1.5783358244024885,1.9002516991399652,1.354745779369861,1.2947477638180305,1.8375012047430235,1.5783358244024885,1.9002516991399652,1.354745779369861,1.2947477638180305,1.2229674942831905,1.139464329838223,1.1483920336359768,1.160568810879703
2021-03-02,1.829614460746958,1.5711579939205536,1.8816217805209459,1.351433442500986,1.2929725155129783,1.829614460746958,1.5711579939205536,1.8816217805209459,1.351433442500986,1.2929725155129783,1.2207641886201328,1.1414230656084678,1.1521837594135964,1.1642802441662927
2021-03-03,1.8418352337628,1.5807284751282236,1.8909367398304555,1.362032920481386,1.3030322559082737,1.8418352337628,1.5807284751282236,1.8909367398304555,1.362032920481386,1.3030322559082737,1.2175745741247987,1.1402395555462932,1.1518261530118477,1.1685057978665148
2021-03-04,1.8332820532633385,1.5615875127128835,1.8530559053051163,1.357395648864961,1.3000735087331867,1.8332820532633385,1.5615875127128835,1.8530559053051163,1.357395648864961,1.3000735087331867,1.214702487513029,1.1384052933209239,1.1506505619708431,1.1635636730401613
2021-03-05,1.84213474960374,1.575145704565022,1.8480879270067112,1.368657594219136,1.3089497502584473,1.84213474960374,1.575145704565022,1.8480879270067112,1.368657594219136,1.3089497502584473,1.222893235083057,1.1473414383832092,1.1602403156615422,1.1705373563263135
2021-03-08,1.8442282810297361,1.5711579939205536,1.8375309731226002,1.375282267956886,1.324335235568899,1.8442282810297361,1.5711579939205536,1.8375309731226002,1.375282267956886,1.324335235568899,1.2230909064916375,1.1479174871894915,1.1580933459753597,1.1701238262174183
2021-03-09,1.8748219473529302,1.5918941379498976,1.85678188902892,1.3978061586652357,1.352147459014716,1.8748219473529302,1.5918941379498976,1.85678188902892,1.3978061586652357,1.352147459014716,1.2274123280180662,1.1503801117935752,1.1643823162480251,1.1752447758007618
2021-03-10,1.872985878281151,1.593489197868631,1.8598868754654234,1.4011184955341107,1.356881454494855,1.872985878281151,1.593489197868631,1.8598868754654234,1.4011184955341107,1.356881454494855,1.2381054595531098,1.1606907951548657,1.1738778173516673,1.1809674072185972
2021-03-11,1.889863437143692,1.5990719684318326,1.869201834774933,1.4057557671505356,1.3663494454551333,1.889863437143692,1.5990719684318326,1.869201834774933,1.4057557671505356,1.3663494454551333,1.26399028562587,1.1790554930881048,1.189155210871842,1.2018666680274666
2021-03-12,1.9071254993071576,1.6174154617354415,1.9033566855764685,1.4137053756358355,1.3710834409352723,1.9071254993071576,1.6174154617354415,1.9033566855764685,1.4137053756358355,1.3710834409352723,1.293128481435073,1.2029975000845476,1.2101845373872946,1.2261969763283624
2021-03-15,1.9328655112036146,1.6317712443945818,1.9064616720129717,1.4296045926064354,1.388835923985794,1.9328655112036146,1.6317712443945818,1.9064616720129717,1.4296045926064354,1.388835923985794,1.3057655623191398,1.2182452045677081,1.2296687662578434,1.2403454783801222
2021-03-16,1.9483480888399975,1.6413417256022518,1.9188816177589845,1.4315919947277602,1.3876524251157591,1.9483480888399975,1.6413417256022518,1.9188816177589845,1.4315919947277602,1.3876524251157591,1.3065830046495548,1.2188429205897584,1.2304627500719403,1.2389703005366632
2021-03-17,1.9562697389649024,1.6461269053584515,1.915776631322481,1.4342418642228603,1.3876524251157591,1.9562697389649024,1.6461269053584515,1.915776631322481,1.4342418642228603,1.3876524251157591,1.3120762149802234,1.2224335573285665,1.2335956609845544,1.2427595214899956
2021-03-18,1.9735123668100973,1.6668630493877956,1.9344065499415006,1.45411588543611,1.4101389036464196,1.9735123668100973,1.6668630493877956,1.9344065499415006,1.45411588543611,1.4101389036464196,1.324214233836489,1.232491656585045,1.2470569243291003,1.2512811004802993
2021-03-19,1.9865965369948493,1.6708507600322642,1.9064616720129717,1.470677569780485,1.4344006304821322,1.9865965369948493,1.6708507600322642,1.9064616720129717,1.470677569780485,1.4344006304821322,1.33145987772062,1.2387708755225635,1.257793211099014,1.2585972349567083
2021-03-22,1.9787829647933706,1.6533048575356575,1.86609684833843,1.4508035485672353,1.4184233957366628,1.9787829647933706,1.6533048575356575,1.86609684833843,1.4508035485672353,1.4184233957366628,1.3364736797216705,1.2432417381915182,1.2619155668512674,1.261861851421309
2021-03-23,1.9523978262500972,1.6365564241507815,1.8555398944543189,1.4488161464459102,1.4054049081662803,1.9523978262500972,1.6365564241507815,1.8555398944543189,1.4488161464459102,1.4054049081662803,1.3169343982089021,1.2248915937800116,1.2458711483526623,1.2436896622102263
2021-03-24,1.9051411088762362,1.602262088269299,1.8195220517908817,1.4229799188686854,1.3704916915002547,1.9051411088762362,1.602262088269299,1.8195220517908817,1.4229799188686854,1.3704916915002547,1.2965958217389957,1.2038031714602586,1.2190740516250884,1.2240981487343008
2021-03-25,1.9354399526229673,1.62140317237991,1.8393939649845021,1.4421914727081602,1.3977121655110543,1.9354399526229673,1.62140317237991,1.8393939649845021,1.4421914727081602,1.3977121655110543,1.3156145147686908,1.2203517009527536,1.2340569877768843,1.2436974749539083
2021-03-26,1.9606928827243733,1.6477220869724556,1.86609684833843,1.456103287557435,1.4136894002565235,1.9606928827243733,1.6477220869724556,1.86609684833843,1.456103287557435,1.4136894002565235,1.334244037191735,1.237031348338057,1.2496914625981626,1.2574587669701336
2021-03-29,1.9638142730034194,1.649317146891189,1.8785167940844427,1.461403026547635,1.4071801564713322,1.9638142730034194,1.649317146891189,1.8785167940844427,1.461403026547635,1.4071801564713322,1.338516760379252,1.242420571390335,1.2539945889800057,1.2654860250629367
2021-03-30,1.9645791186818264,1.6533048575356575,1.8971467127034618,1.46736523291161,1.4154646485615754,1.9645791186818264,1.6533048575356575,1.8971467127034618,1.46736523291161,1.4154646485615754,1.3487109707948601,1.2489844284486071,1.2764806121936094,1.278091027855392
2021-03-31,1.9407181933031927,1.6365564241507815,1.8816217805209459,1.45014108119346,1.3923864205958976,1.9407181933031927,1.6365564241507815,1.8816217805209459,1.45014108119346,1.3923864205958976,1.3216970100151513,1.2257071907110808,1.2541685557552498,1.2522240769661859
2021-04-01,1.9373977994444709,1.6365564241507815,1.8940417262669589,1.4382166684655102,1.3876524251157585,1.9373977994444709,1.6365564241507815,1.8940417262669589,1.4382166684655102,1.3876524251157585,1.3097588339613,1.2151785591934983,1.2462837150346644,1.2411434060197035
2021-04-02,1.9476975476940424,1.6501146160029199,1.9219866041954878,1.441529005334385,1.3817349307655846,1.9476975476940424,1.6501146160029199,1.9219866041954878,1.441529005334385,1.3817349307655846,1.3122937989195647,1.2204765006612717,1.249798554987212,1.2461755608232108
2021-04-05,1.9615716723800856,1.6572925681801254,1.937511536378004,1.448153679072135,1.3965286666410193,1.9615716723800856,1.6572925681801254,1.937511536378004,1.448153679072135,1.3965286666410193,1.3279312737737357,1.233307980684682,1.263988803859552,1.2599726453206794
2021-04-06,1.9359979940761447,1.6349613642320482,1.9126716448859784,1.4289421252326602,1.3556979556248199,1.9359979940761447,1.6349613642320482,1.9126716448859784,1.4289421252326602,1.3556979556248199,1.3176319136971042,1.2227640495320835,1.251424162427826,1.24949123460975
2021-04-07,1.9608168275224027,1.6445318454397182,1.9157766313224815,1.4415290053343852,1.3875932501722565,1.9608168275224027,1.6445318454397182,1.9157766313224815,1.4415290053343852,1.3875932501722565,1.3415684052871575,1.2439783079246332,1.2706950359185534,1.2711333698102032
2021-04-08,1.9342747115499601,1.6341637734250463,1.9157766313224815,1.4296045926064354,1.3731766969237136,1.9342747115499601,1.6341637734250463,1.9157766313224815,1.4296045926064354,1.3731766969237136,1.333457389319823,1.2360758143222434,1.2598180289324552,1.2622003347417987
2021-04-09,1.9420937883485967,1.6397466656835185,1.9157766313224815,1.4309295273539853,1.3749787660797814,1.9420937883485967,1.6397466656835185,1.9157766313224815,1.4309295273539853,1.3749787660797814,1.3371040045767442,1.2369045114916963,1.2615892912670137,1.264564464472671
2021-04-12,1.9430658990850844,1.63575895503905,1.906461672012972,1.4256297883637854,1.3773815249545387,1.9430658990850844,1.63575895503905,1.906461672012972,1.4256297883637854,1.3773815249545387,1.3287876539901737,1.2301632188191385,1.256801707658166,1.2577755996684457
2021-04-13,1.9478804147031892,1.6397466656835185,1.9157766313224815,1.4335793968490855,1.3779822146732281,1.9478804147031892,1.6397466656835185,1.9157766313224815,1.4335793968490855,1.3779822146732281,1.3281013211713129,1.2295573706922298,1.25643962669669,1.2551582806209134
2021-04-14,1.940493950972198,1.632568713506313,1.909566658449475,1.4249673209900107,1.3683711791741995,1.940493950972198,1.632568713506313,1.909566658449475,1.4249673209900107,1.3683711791741995,1.3287399073284,1.2298764488526899,1.2564580595036359,1.2515359356393192
2021-04-15,1.9435092997704826,1.6405441347952496,1.909566658449475,1.4362292663441854,1.3767808352358495,1.9435092997704826,1.6405441347952496,1.909566658449475,1.4362292663441854,1.3767808352358495,1.3337662761501552,1.2361520532427146,1.2622128162386106,1.259327946917561
2021-04-16,1.9476722151764552,1.6413417256022518,1.9157766313224813,1.4415290053343852,1.3803849735479854,1.9476722151764552,1.6413417256022518,1.9157766313224813,1.4415290053343852,1.3803849735479854,1.3360018019544224,1.2377167533363969,1.2647315153955991,1.261164325033106
2021-04-19,1.9466789052393627,1.6373540149577834,1.9095666584494748,1.4441788748294853,1.3779822146732281,1.9466789052393627,1.6373540149577834,1.9095666584494748,1.4441788748294853,1.3779822146732281,1.3410357263610755,1.2423479648557798,1.268510073561974,1.2660108788719373
2021-04-20,1.918443869056358,1.6102375095582357,1.8754118076479394,1.4236423862424605,1.3605622128312387,1.918443869056358,1.6102375095582357,1.8754118076479394,1.4236423862424605,1.3605622128312387,1.3263659160251735,1.229904422464728,1.2536830470256908,1.2512628957186975
2021-04-21,1.8774258809766153,1.5791334152094902,1.8362889785479988,1.3944938217963607,1.3311284166154635,1.8774258809766153,1.5791334152094902,1.8362889785479988,1.3944938217963607,1.3311284166154635,1.305745755018131,1.2115111575205642,1.2324992272224815,1.2359025719101442
2021-04-22,1.904575762118429,1.6078449805277713,1.8754118076479391,1.4163552451309354,1.3437429007079384,1.904575762118429,1.6078449805277713,1.8754118076479391,1.4163552451309354,1.3437429007079384,1.3131620218880666,1.219416323088742,1.2405494928624883,1.241464846134676
2021-04-23,1.897128281211126,1.6006670283505655,1.8692018347749326,1.4084056366456355,1.3425415212705598,1.897128281211126,1.6006670283505655,1.8692018347749326,1.4084056366456355,1.3425415212705598,1.3056034278297646,1.213708188099168,1.2371024827589823,1.2370475982621651
2021-04-26,1.9005259867408109,1.604654738995034,1.8785167940844423,1.4090681040194104,1.3473470390200741,1.9005259867408109,1.604654738995034,1.8785167940844423,1.4090681040194104,1.3473470390200741,1.2992167553641802,1.2080701930740272,1.2324073129036015,1.2309044387303996
2021-04-27,1.894451640754828,1.593489197868631,1.8692018347749326,1.3971436912914605,1.3401387623958025,1.894451640754828,1.593489197868631,1.8692018347749326,1.3971436912914605,1.3401387623958025,1.2942684108755889,1.20588266961869,1.229720498882908,1.2284083399276906
2021-04-28,1.8887105757624982,1.5950842577873643,1.872306821211436,1.4031058976554356,1.3467463493013847,1.8887105757624982,1.5950842577873643,1.872306821211436,1.4031058976554356,1.3467463493013847,1.3052947831343569,1.2128674418563008,1.2358665176205517,1.2348925796603845
2021-04-30,1.8861937677188156,1.5895014872241628,1.8580238836035212,1.3918439523012607,1.3383366932397347,1.8861937677188156,1.5895014872241628,1.8580238836035212,1.3918439523012607,1.3383366932397347,1.3067305473162025,1.2149620076317225,1.2360501021278316,1.2369765737930218
2021-05-06,1.910319905405446,1.6142252202027045,1.8909367398304555,1.4176801798784855,1.3725760072050242,1.910319905405446,1.6142252202027045,1.8909367398304555,1.4176801798784855,1.3725760072050242,1.3240501925685277,1.2311467621660324,1.2542920601855703,1.25655753732419
2021-05-07,1.9256351460788994,1.6182129308471729,1.8909367398304555,1.4302670599802103,1.3869925604535671,1.9256351460788994,1.6182129308471729,1.8909367398304555,1.4302670599802103,1.3869925604535671,1.3261630585417046,1.2348906731851097,1.2602200442611968,1.2607851730411557
2021-05-10,1.9402101027775311,1.6341637734250465,1.9002516991399654,1.44351640745571,1.3966035959525958,1.9402101027775311,1.6341637734250465,1.9002516991399654,1.44351640745571,1.3966035959525958,1.3362682008942575,1.2429143157477995,1.2675300558075298,1.2732037169983452
2021-05-11,1.899981064673182,1.5958818485943662,1.8480879270067114,1.4190051146260354,1.3749787660797814,1.899981064673182,1.5958818485943662,1.8480879270067114,1.4190051146260354,1.3749787660797814,1.3086036474322675,1.2211542111800173,1.2459354467851689,1.245394094781745
2021-05-12,1.8674411108892341,1.5703604031135519,1.8151750707797774,1.4044308324029855,1.353353936206967,1.8674411108892341,1.5703604031135519,1.8151750707797774,1.4044308324029855,1.353353936206967,1.275416934524638,1.191704876072932,1.2203846619186847,1.2181028402021354
2021-05-13,1.837079367355288,1.5496243807794787,1.7698422688068305,1.4004560281603355,1.3479477287387633,1.837079367355288,1.5496243807794787,1.7698422688068305,1.4004560281603355,1.3479477287387633,1.2550814100883703,1.172369090811093,1.2019330719030823,1.1999951771314574
2021-05-14,1.8692806944168392,1.5775383552907576,1.8089650979067708,1.42761719048511,1.370773938048956,1.8692806944168392,1.5775383552907576,1.8089650979067708,1.42761719048511,1.370773938048956,1.272177259459057,1.1889074870931824,1.2170629882410846,1.2166944252576357
2021-05-17,1.8624500736226701,1.571157993920554,1.7934401657242547,1.42099251674736,1.3659684202994418,1.8624500736226701,1.571157993920554,1.7934401657242547,1.42099251674736,1.3659684202994418,1.2713789633067287,1.1870489065429604,1.2165005527181365,1.2166839242484442
2021-05-18,1.887998961398902,1.5966793177060976,1.8313210002495939,1.44219147270816,1.3839891118601204,1.887998961398902,1.5966793177060976,1.8313210002495939,1.44219147270816,1.3839891118601204,1.288061170299871,1.200170331701385,1.2288290348153683,1.228424489481582
2021-05-19,1.8752251852836428,1.5871088364984276,1.806481108757568,1.43556679897041,1.3731766969237131,1.8752251852836428,1.5871088364984276,1.806481108757568,1.43556679897041,1.3731766969237131,1.2837158478124209,1.19570368422988,1.2260948465281534,1.2236534543740083
2021-05-20,1.8843400687112715,1.5863112456914257,1.8083441006194698,1.42761719048511,1.3737773866424023,1.8843400687112715,1.5863112456914257,1.8083441006194698,1.42761719048511,1.3737773866424023,1.2804049226855532,1.193536803095203,1.221679264771209,1.2205774774731728
2021-05-21,1.8899317156629554,1.5942866669803626,1.8251110273765874,1.42761719048511,1.3713746277676453,1.8899317156629554,1.5942866669803626,1.8251110273765874,1.42761719048511,1.3713746277676453,1.2824800451410685,1.1954569846888226,1.225160544263181,1.2197836297818447
2021-05-24,1.898157095170941,1.6022620882692993,1.8269740192384893,1.4355667989704097,1.385190491297499,1.898157095170941,1.6022620882692993,1.8269740192384893,1.4355667989704097,1.385190491297499,1.2913910854869723,1.204341042632962,1.2348379779137149,1.2268203604683723
2021-05-25,1.8952846295876642,1.6078449805277715,1.840014962271803,1.4402040705868346,1.3863918707348777,1.8952846295876642,1.6078449805277715,1.840014962271803,1.4402040705868346,1.3863918707348777,1.2990072664482921,1.2108403506958454,1.239122980688915,1.2346686527015214
2021-05-26,1.8919407646303161,1.609440040446505,1.844982940570208,1.4428539400819345,1.3809856632666742,1.8919407646303161,1.609440040446505,1.844982940570208,1.4428539400819345,1.3809856632666742,1.2922746590389094,1.2039115558678326,1.2342318180611611,1.226341236429821
2021-05-27,1.874052631635738,1.5990719684318329,1.8387729676972018,1.4355667989704095,1.3665691100181312,1.874052631635738,1.5990719684318329,1.8387729676972018,1.4355667989704095,1.3665691100181312,1.2814503407933093,1.193801943662369,1.2219396759630885,1.2160981785423055
2021-05-28,1.9064101870605459,1.6293785936688472,1.8754118076479396,1.4547783528098843,1.393600147359149,1.9064101870605459,1.6293785936688472,1.8754118076479396,1.4547783528098843,1.393600147359149,1.2980270442578563,1.210084662381212,1.239966041118044,1.2322515102268323
2021-05-31,1.884984499872552,1.6094400404465052,1.8598868754654236,1.4408665379606096,1.372576007205024,1.884984499872552,1.6094400404465052,1.8598868754654236,1.4408665379606096,1.372576007205024,1.2786644252592836,1.191424432217164,1.2197876586253817,1.2140331044014423
2021-06-01,1.8918755248792922,1.61183269117224,1.857402886316221,1.4375542010917346,1.3743780763610915,1.8918755248792922,1.61183269117224,1.857402886316221,1.4375542010917346,1.3743780763610915,1.2827529734300311,1.1916499849281785,1.224662993024026,1.2166463867374862
2021-06-02,1.903867855038413,1.6245932922173767,1.8660968483384301,1.4455038095770347,1.3899960090470131,1.903867855038413,1.6245932922173767,1.8660968483384301,1.4455038095770347,1.3899960090470131,1.2939901112008114,1.2013749701839989,1.2337697087609234,1.230377279907419
2021-06-03,1.918060725470284,1.637354014957784,1.8754118076479398,1.4614030265476345,1.3960029062339059,1.918060725470284,1.637354014957784,1.8754118076479398,1.4614030265476345,1.3960029062339059,1.2988874020243637,1.2073145904766798,1.2398446166177983,1.2327489128589288
2021-06-04,1.9221299649673962,1.639746665683519,1.8660968483384301,1.4647153634165095,1.4020098034207988,1.9221299649673962,1.639746665683519,1.8660968483384301,1.4647153634165095,1.4020098034207988,1.3003081483013699,1.2074031930553433,1.2414498686729687,1.2331168995434723
2021-06-07,1.9248444037834702,1.639746665683519,1.8660968483384301,1.4726649719018094,1.4020098034207988,1.9248444037834702,1.639746665683519,1.8660968483384301,1.4726649719018094,1.4020098034207988,1.2985879393201747,1.2056864434961223,1.239985706349092,1.231544007361601
2021-06-08,1.9331822598244814,1.6437343763279872,1.8692018347749333,1.4686901676591595,1.400207734264731,1.9331822598244814,1.6437343763279872,1.8692018347749333,1.4686901676591595,1.400207734264731,1.2980262827616504,1.206180402617124,1.2419496778157009,1.2302732303094255
2021-06-09,1.9325657930947056,1.6365564241507817,1.861128870040025,1.4600780918000846,1.4008084239834202,1.9325657930947056,1.6365564241507817,1.861128870040025,1.4600780918000846,1.4008084239834202,1.2895486852702902,1.1994504960199344,1.235881830664157,1.2240640298662915
2021-06-10,1.9326046379229345,1.6389490748765168,1.8629918619019272,1.4508035485672348,1.3954022165152167,1.9326046379229345,1.6389490748765168,1.8629918619019272,1.4508035485672348,1.3954022165152167,1.2837676499432085,1.1949936403948964,1.2281490791260106,1.2180965007787126
2021-06-11,1.9271474486780928,1.6365564241507815,1.8660968483384306,1.4468287443245849,1.387593250172256,1.9271474486780928,1.6365564241507815,1.8660968483384306,1.4468287443245849,1.387593250172256,1.2779349455183364,1.190057838494315,1.2210532811786463,1.2156084059325452
2021-06-14,1.9321792587839628,1.6397466656835187,1.8785167940844434,1.44219147270816,1.3839891118601204,1.9321792587839628,1.6397466656835187,1.8785167940844434,1.44219147270816,1.3839891118601204,1.2756901440867758,1.1882825511605954,1.2200057357390028,1.213321024362689
2021-06-15,1.9415938490197755,1.6548999174543904,1.900251699139966,1.44881614644591,1.388794629609635,1.9415938490197755,1.6548999174543904,1.900251699139966,1.44881614644591,1.388794629609635,1.2757469517749986,1.1865652572083445,1.2211736920973542,1.2118206709960155
2021-06-16,1.9474885527614538,1.6548999174543904,1.8909367398304564,1.4534534180623349,1.3978049753899744,1.9474885527614538,1.6548999174543904,1.8909367398304564,1.4534534180623349,1.3978049753899744,1.277420582483865,1.1884894120070082,1.224919182886479,1.2154412563261314
2021-06-17,1.9366285692007963,1.6453294362467203,1.872306821211437,1.44616627695081,1.3942008370778385,1.9366285692007963,1.6453294362467203,1.872306821211437,1.44616627695081,1.3942008370778385,1.274702356886463,1.1852817858968325,1.2217829328925183,1.2120490144492886
2021-06-18,1.9185392792570246,1.6277835337501132,1.869201834774934,1.4289421252326602,1.3725760072050242,1.9185392792570246,1.6277835337501132,1.869201834774934,1.4289421252326602,1.3725760072050242,1.2605431384483954,1.1745756392305378,1.2070247188079104,1.201449673892498
2021-06-21,1.87656976428713,1.5910965471428955,1.8052391141829678,1.3958187565439104,1.334732554927599,1.87656976428713,1.5910965471428955,1.8052391141829678,1.3958187565439104,1.334732554927599,1.2337551908175828,1.153283406555978,1.186047436546494,1.1783787093807576
2021-06-22,1.92896716882996,1.6397466656835182,1.8586448808908231,1.441529005334385,1.3767808352358493,1.92896716882996,1.6397466656835182,1.8586448808908231,1.441529005334385,1.3767808352358493,1.272616206658184,1.1859844293033035,1.2175834370276624,1.2119359879526594
2021-06-23,1.9223444053084884,1.6333663043133149,1.8592658781781237,1.43424186422286,1.3707739380489565,1.9223444053084884,1.6333663043133149,1.8592658781781237,1.43424186422286,1.3707739380489565,1.2657685956999816,1.1771827916974054,1.2083080847631071,1.2060546603070545
2021-06-24,1.9188583068892962,1.6277835337501132,1.8586448808908231,1.4289421252326602,1.3689718688928887,1.9188583068892962,1.6277835337501132,1.8586448808908231,1.4289421252326602,1.3689718688928887,1.267661550054883,1.1809995394007406,1.2124388503238093,1.2088098434315597
2021-06-25,1.9345557829856679,1.6413417256022516,1.8754118076479405,1.4375542010917353,1.37618014551716,1.9345557829856679,1.6413417256022516,1.8754118076479405,1.4375542010917353,1.37618014551716,1.2753268046902866,1.1872708993805663,1.2183901891028242,1.2143785164107448
2021-06-28,1.9439868524398995,1.6437343763279864,1.869201834774934,1.4402040705868353,1.377982214673228,1.9439868524398995,1.6437343763279864,1.869201834774934,1.4402040705868353,1.377982214673228,1.279608120918963,1.1921685453273012,1.2230897171056099,1.2190752344234161
2021-06-29,1.926927313927009,1.6333663043133146,1.8580238836035226,1.4262922557375604,1.3605622128312385,1.926927313927009,1.6333663043133146,1.8580238836035226,1.4262922557375604,1.3605622128312385,1.2603046531896696,1.1767907272385036,1.20764803737557,1.2018207072938862
2021-06-30,1.9232996553193586,1.626985942943111,1.8561608917416206,1.4289421252326604,1.3599615231125493,1.9232996553193586,1.626985942943111,1.8561608917416206,1.4289421252326604,1.3599615231125493,1.2638422209481934,1.177991003027711,1.2103919815555622,1.2058098966983626
2021-07-01,1.9168588073337562,1.625390883024378,1.8505719161559149,1.4243048536162355,1.3563573848004136,1.9168588073337562,1.625390883024378,1.8505719161559149,1.4243048536162355,1.3563573848004136,1.2576029391430383,1.1733185392651229,1.2063077505074973,1.2004191409124803
2021-07-02,1.9350994342617598,1.6405441347952494,1.8542978998797188,1.4322544621015356,1.365968420299442,1.9350994342617598,1.6405441347952494,1.8542978998797188,1.4322544621015356,1.365968420299442,1.2684445502726047,1.1837613385838257,1.2160720723616865,1.2112813401557714
2021-07-05,1.9307039681066782,1.634961364232048,1.840014962271804,1.4342418642228607,1.3647670408620634,1.9307039681066782,1.634961364232048,1.840014962271804,1.4342418642228607,1.3647670408620634,1.2712806813983883,1.18383675780595,1.2155088767234283,1.212255025982804
2021-07-06,1.9337784378867013,1.6397466656835182,1.8462249351448106,1.4388791358392858,1.3647670408620634,1.9337784378867013,1.6397466656835182,1.8462249351448106,1.4388791358392858,1.3647670408620634,1.2801751059901734,1.1922776006041635,1.2219312945835925,1.2212343249792124
2021-07-07,1.9157542072493132,1.625390883024378,1.8064811087575694,1.422979918868686,1.3441633835110207,1.9157542072493132,1.625390883024378,1.8064811087575694,1.422979918868686,1.3441633835110207,1.2701438119828026,1.1804327652762063,1.2112615146041712,1.2099081082117715
2021-07-08,1.8950800116185205,1.5807284751282233,1.813001580274226,1.4150303103833861,1.336330965767568,1.8950800116185205,1.5807284751282233,1.813001580274226,1.4150303103833861,1.336330965767568,1.2574197385464256,1.1679151241102816,1.1995208316309867,1.1971405484876325
2021-07-09,1.8931408378206551,1.6107161078527343,1.8041975490137894,1.4090681040194113,1.3339209910772747,1.8931408378206551,1.6107161078527343,1.8041975490137894,1.4090681040194113,1.3339209910772747,1.2548116556306121,1.1737521428094184,1.2026805950616437,1.195969680208001
2021-07-12,1.9317638198553184,1.637520787578544,1.840042533431282,1.4309295273539862,1.352598294927047,1.9317638198553184,1.637520787578544,1.840042533431282,1.4309295273539862,1.352598294927047,1.2736310021719703,1.1889023965757715,1.218510501455248,1.2148636231178858
2021-07-13,1.9500853344474711,1.6480800979462815,1.8513620021947006,1.448153679072136,1.371275598776819,1.9500853344474711,1.6480800979462815,1.8513620021947006,1.448153679072136,1.371275598776819,1.2873992496577527,1.2014900648452458,1.232102322070381,1.2269062282511487
2021-07-14,1.9491855898792176,1.6440187865921099,1.8444445490615002,1.451466015941011,1.3706731051042458,1.9491855898792176,1.6440187865921099,1.8444445490615002,1.451466015941011,1.3706731051042458,1.2872676968918657,1.2014764489479381,1.2319432713467855,1.2276633554258012
2021-07-15,1.9273256113148713,1.6261490414220319,1.821805611534663,1.4408665379606111,1.35862323165278,1.9273256113148713,1.6261490414220319,1.821805611534663,1.4408665379606111,1.35862323165278,1.2763452991874655,1.1899575274906722,1.2202408608252497,1.2165254911216203
2021-07-16,1.9256114908524393,1.6212755421618577,1.806084127141026,1.4368917337179612,1.3562132569624867,1.9256114908524393,1.6212755421618577,1.806084127141026,1.4368917337179612,1.3562132569624867,1.2783967503759475,1.1903532083521875,1.2206651442891836,1.2168634416173751
2021-07-19,1.89788726755426,1.5977198619428308,1.782816330238443,1.4216549841211363,1.3393434341304344,1.89788726755426,1.5977198619428308,1.782816330238443,1.4216549841211363,1.3393434341304344,1.254890594704853,1.170013012752253,1.2031696908206007,1.1967578644670929
2021-07-20,1.880685261683698,1.5839114281269246,1.767094845844806,1.4196675819998112,1.3242810923161021,1.880685261683698,1.5839114281269246,1.767094845844806,1.4196675819998112,1.3242810923161021,1.232962765225064,1.1502434640608,1.1855479628434054,1.177619354232426
2021-07-21,1.8973992725727464,1.5969076740368282,1.7746411583537518,1.431591994727761,1.3297035353692617,1.8973992725727464,1.5969076740368282,1.7746411583537518,1.431591994727761,1.3297035353692617,1.2403186441003662,1.1552565699193709,1.1900618738451771,1.1825109067133983
2021-07-26,1.922799345790436,1.6139651073595171,1.794135799001862,1.4256297883637863,1.3399459278030075,1.922799345790436,1.6139651073595171,1.794135799001862,1.4256297883637863,1.3399459278030075,1.2484509604966667,1.1631956701245152,1.1997226382615733,1.1901303480640881
2021-07-27,1.9368494258097206,1.6229000419152493,1.8016821115108077,1.4368917337179612,1.3525982949270468,1.9368494258097206,1.6229000419152493,1.8016821115108077,1.4368917337179612,1.3525982949270468,1.2529703050325425,1.1676732286343274,1.2047740068282644,1.1960148514279538
2021-07-28,1.9181803936160817,1.608279296251954,1.7784143146082247,1.4269547231113364,1.3483808392190337,1.9181803936160817,1.608279296251954,1.7784143146082247,1.4269547231113364,1.3483808392190337,1.2435586733604391,1.1601416844114576,1.1970610964574084,1.1878108463475072
2021-07-29,1.923510346333499,1.6131529194535141,1.79162036149888,1.4203300493735864,1.3483808392190337,1.923510346333499,1.6131529194535141,1.79162036149888,1.4203300493735864,1.3483808392190337,1.2449237536219913,1.1614650373184527,1.1967125766029887,1.1882542804246645
2021-07-30,1.8957067861968393,1.5936585505886587,1.7601773927116058,1.4057557671505365,1.330306029041835,1.8957067861968393,1.5936585505886587,1.7601773927116058,1.4057557671505365,1.330306029041835,1.2264521850418,1.145145298254231,1.1794455457831436,1.1718207389232747
2021-08-02,1.9344205297030328,1.6261490414220316,1.7903626427473889,1.434904331596636,1.3616357000156463,1.9344205297030328,1.6261490414220316,1.7903626427473889,1.434904331596636,1.3616357000156463,1.2419356050673436,1.1588496643427637,1.1943612323674646,1.1865602810685956
2021-08-03,1.9241031181221933,1.6188387305610774,1.7821874708626975,1.4355667989704113,1.3562132569624865,1.9241031181221933,1.6188387305610774,1.7821874708626975,1.4355667989704113,1.3562132569624865,1.2367299340208262,1.153357698621684,1.1885121944048174,1.1813703137219014
2021-08-04,1.9075944527218092,1.6107161078527341,1.7784143146082247,1.4209925167473614,1.3513933075819002,1.9075944527218092,1.6107161078527341,1.7784143146082247,1.4209925167473614,1.3513933075819002,1.2282278772580255,1.1459506499735195,1.180772932265441,1.173570284231073
2021-08-05,1.9043725938475224,1.6147774192069058,1.7872183458686615,1.4057557671505365,1.3519958012544735,1.9043725938475224,1.6147774192069058,1.7872183458686615,1.4057557671505365,1.3519958012544735,1.230382742047182,1.148038142257928,1.184780706971079,1.1747339255013298
2021-08-06,1.905682243050541,1.6180264187136886,1.792878080250371,1.4190051146260363,1.3544057759447665,1.905682243050541,1.6180264187136886,1.792878080250371,1.4190051146260363,1.3544057759447665,1.2385781346783022,1.1529796584566707,1.192308682362582,1.1800340939465297
2021-08-10,1.9177984451415264,1.6212755421618574,1.797908955256335,1.4116179606928199,1.3586232316527795,1.9177984451415264,1.6212755421618574,1.797908955256335,1.4116179606928199,1.3586232316527795,1.2318459139789077,1.146709708816887,1.184363760781141,1.172364130469042
2021-08-11,1.9333268659645815,1.636708475731155,1.8092284240197538,1.4257207091107786,1.3791080165202716,1.9333268659645815,1.636708475731155,1.8092284240197538,1.4257207091107786,1.3791080165202716,1.246594399442934,1.1583202981612715,1.1939908629620275,1.1844512044627291
2021-08-12,1.9373280943079043,1.6358961638837664,1.8054552677652809,1.4337794224924694,1.3863379405911513,1.9373280943079043,1.6358961638837664,1.8054552677652809,1.4337794224924694,1.3863379405911513,1.2491785917271503,1.1613797100398715,1.1945757483315185,1.1872974072589852
2021-08-13,1.9383999392005715,1.6383329754845464,1.8041975490137898,1.42907850635315,1.381517991210565,1.9383999392005715,1.6383329754845464,1.8041975490137898,1.42907850635315,1.381517991210565,1.2371718394713604,1.1539224353012612,1.1879961215781796,1.179792485509934
2021-08-16,1.9055265396799848,1.6147774192069058,1.7740122989780065,1.41161796069282,1.3634431810333663,1.9055265396799848,1.6147774192069058,1.7740122989780065,1.41161796069282,1.3634431810333663,1.2191180450263708,1.1379813051322785,1.1716530282900355,1.1634703120416474
2021-08-17,1.893077547984758,1.6042179848977824,1.7689814239720427,1.4075886040019747,1.3574182443076332,1.893077547984758,1.6042179848977824,1.7689814239720427,1.4075886040019747,1.3574182443076332,1.213356931236837,1.132586738440894,1.1633933099066929,1.157861984909741
2021-08-18,1.9053123589523557,1.6123406076061257,1.7777854552324794,1.414304198486717,1.3634431810333663,1.9053123589523557,1.6123406076061257,1.7777854552324794,1.414304198486717,1.3634431810333663,1.2266626716001936,1.1434413080012906,1.173309768779738,1.1691620411881587
2021-08-19,1.8793772834171942,1.591221738987879,1.7595485333358603,1.3975152122748613,1.339945927803008,1.8793772834171942,1.591221738987879,1.7595485333358603,1.3975152122748613,1.339945927803008,1.2075848782065395,1.1284634204050623,1.1560731273994713,1.154173292518307
2021-08-20,1.8624952374033366,1.5749764935711927,1.7419404708149866,1.3901280583416449,1.3254860796612489,1.8624952374033366,1.5749764935711927,1.7419404708149866,1.3901280583416449,1.3254860796612489,1.2007704813605335,1.123816905637461,1.1523315231485132,1.1495950427939814
2021-08-23,1.8924686407398292,1.6042179848977827,1.7721257208507697,1.408931722898923,1.3429583961658744,1.8924686407398292,1.6042179848977827,1.7721257208507697,1.408931722898923,1.3429583961658744,1.2126844456847252,1.1358669750135855,1.164760516679666,1.1621126424179475
2021-08-24,1.9164905558743195,1.6212755421618577,1.788476064620152,1.4122895201412942,1.3465733582013142,1.9164905558743195,1.6212755421618577,1.788476064620152,1.4122895201412942,1.3465733582013142,1.220405969528383,1.1440290082277647,1.1751282531950753,1.1708472246246968
2021-08-25,1.9183651235742054,1.6220877300678604,1.7865894864929155,1.4075886040019747,1.345970864528741,1.9183651235742054,1.6220877300678604,1.7865894864929155,1.4075886040019747,1.345970864528741,1.2159694033162571,1.139139846453108,1.1707344745133823,1.1661924410008124
2021-08-26,1.9241105513336427,1.620463230314469,1.7865894864929155,1.4042308067596034,1.345970864528741,1.9241105513336427,1.620463230314469,1.7865894864929155,1.4042308067596034,1.345970864528741,1.2219894523424357,1.144690270020121,1.1764034542132284,1.1719753604571932
2021-08-27,1.9196964183497667,1.6155896071129088,1.7815586114869515,1.396843652826387,1.3411509151481547,1.9196964183497667,1.6155896071129088,1.7815586114869515,1.396843652826387,1.3411509151481547,1.2207228616665224,1.1458396189936808,1.1768894276685673,1.1722734080946073
2021-08-30,1.9511400866750161,1.635083975977764,1.7909915021231337,1.4096032823473974,1.3586232316527802,1.9511400866750161,1.635083975977764,1.7909915021231337,1.4096032823473974,1.3586232316527802,1.2307065842294924,1.153527073583301,1.1861325298723584,1.1800038584090586
2021-08-31,1.9572422125243776,1.6440187865921099,1.8104861427712438,1.4156473173836654,1.36223819368822,1.9572422125243776,1.6440187865921099,1.8104861427712438,1.4156473173836654,1.36223819368822,1.230181863217136,1.1513824375014297,1.1835117494328673,1.1772618046601262
2021-09-01,1.9741425028553166,1.6586395322554046,1.834382799049572,1.4331078630439955,1.3748905608122592,1.9741425028553166,1.6586395322554046,1.834382799049572,1.4331078630439955,1.3748905608122592,1.2372097205155428,1.159153547798514,1.1919160525410428,1.1852707909225384
2021-09-02,1.9739628108971687,1.6594518441027937,1.8400425334312813,1.4391518980802638,1.378505522847699,1.9739628108971687,1.6594518441027937,1.8400425334312813,1.4391518980802638,1.378505522847699,1.239829427810705,1.1623409230733162,1.1948476794986695,1.1868897199828383
2021-09-03,1.999886876980307,1.690317835182775,1.8765163772245192,1.460641800431439,1.3959778393523246,1.999886876980307,1.690317835182775,1.8765163772245192,1.460641800431439,1.3959778393523246,1.2470114339374088,1.1741015138387234,1.2072185636100479,1.1990278108561117
2021-09-06,2.018255965690778,1.710624391953633,1.9148767991449935,1.4767592271948202,1.409232700148937,2.018255965690778,1.710624391953633,1.9148767991449935,1.4767592271948202,1.409232700148937,1.252769446012152,1.1832314214462172,1.2157371042724727,1.2085631782933863
2021-09-07,2.032521322107086,1.727681825276322,1.9274539866599032,1.4901904161643047,1.41525763687467,2.032521322107086,1.727681825276322,1.9274539866599032,1.4901904161643047,1.41525763687467,1.257377137448948,1.1886640543943336,1.221204074005615,1.214042276700799
2021-09-08,2.049919273664273,1.7439270706930083,1.949464064810995,1.5002638078914179,1.4303199786890024,2.049919273664273,1.7439270706930083,1.949464064810995,1.5002638078914179,1.4303199786890024,1.268162320502697,1.1976342109361835,1.2289237308420433,1.2242547005308635
2021-09-09,2.040552765691351,1.7293063250297136,1.933742580417358,1.4942197728551498,1.4285124976712826,2.040552765691351,1.7293063250297136,1.933742580417358,1.4942197728551498,1.4285124976712826,1.2688368282928397,1.1974493156357817,1.2274349034877372,1.2237292381016571
2021-09-10,2.0702114039489907,1.7520496934013514,1.9588969554471771,1.5143665563093764,1.441767358467895,2.0702114039489907,1.7520496934013514,1.9588969554471771,1.5143665563093764,1.441767358467895,1.286263732988005,1.2110499634235634,1.242597338978464,1.2373340217373054
2021-09-13,2.084455060915659,1.7561110047555228,1.965185549204632,1.5244399480364896,1.4514072572290677,2.084455060915659,1.7561110047555228,1.965185549204632,1.5244399480364896,1.4514072572290677,1.2944596958334111,1.217236554547984,1.2492979327104674,1.243577201412186
2021-09-14,2.107068892238763,1.773980749925601,1.980907033598269,1.5371995775574998,1.4718920420965595,2.107068892238763,1.773980749925601,1.980907033598269,1.5371995775574998,1.4718920420965595,1.3094406554627538,1.2334999225301593,1.2662062842775277,1.2604399506598973
2021-09-15,2.081087901048076,1.7569233166029121,1.965185549204632,1.5277977452788607,1.4550222192645073,2.081087901048076,1.7569233166029121,1.965185549204632,1.5277977452788607,1.4550222192645073,1.2899177912110427,1.2141105619587678,1.2463453183667246,1.2400748105832968
2021-09-16,2.0746137193496734,1.7520496934013514,1.9526083616897223,1.5271261858303866,1.4556247129370805,2.0746137193496734,1.7520496934013514,1.9526083616897223,1.5271261858303866,1.4556247129370805,1.290388967419374,1.2138324586833327,1.2460859072224315,1.2401398726129276
2021-09-17,2.0869545401446996,1.7577355045089147,1.965185549204632,1.531827101969706,1.4538172319193607,2.0869545401446996,1.7577355045089147,1.965185549204632,1.531827101969706,1.4538172319193607,1.3020146737143286,1.2234218169095084,1.2533656200127103,1.249868738773651
2021-09-21,2.049566917023743,1.7293063250297134,1.927453986659903,1.5042931645822628,1.4285124976712824,2.049566917023743,1.7293063250297134,1.927453986659903,1.5042931645822628,1.4285124976712824,1.2842302689079754,1.2048280533752156,1.2340916375302338,1.2302161137744148
2021-09-22,2.0238104809530966,1.7146857033078045,1.9148767991449933,1.48951885671583,1.4158601305472434,2.0238104809530966,1.7146857033078045,1.9148767991449933,1.48951885671583,1.4158601305472434,1.275038824196074,1.1952766924107137,1.22431825076974,1.221009854220023
2021-09-24,2.073642484718113,1.7536741931547428,1.949464064810995,1.5163812346547991,1.445984814175908,2.073642484718113,1.7536741931547428,1.949464064810995,1.5163812346547991,1.445984814175908,1.3060369553115951,1.2222949470608504,1.2519896735424596,1.2487480358505283
2021-09-27,2.065598083886101,1.7512375054953486,1.949464064810995,1.5217537102425929,1.4586371812999472,2.065598083886101,1.7512375054953486,1.949464064810995,1.5217537102425929,1.4586371812999472,1.3082165159273438,1.2238323295651141,1.2538702832729838,1.2499248581510682
2021-09-28,2.059976894233131,1.7423025709396167,1.9463197679322677,1.5244399480364896,1.4664695990434,2.059976894233131,1.7423025709396167,1.9463197679322677,1.5244399480364896,1.4664695990434,1.3105359310933409,1.226899503260759,1.2562341880311825,1.252851155023615
2021-09-29,2.0410767593416854,1.7228083260161475,1.9148767991449935,1.507650961824634,1.4508047635564942,2.0410767593416854,1.7228083260161475,1.9148767991449935,1.507650961824634,1.4508047635564942,1.3031724016281347,1.219472621946863,1.2469757635836158,1.2451118315902079
2021-09-30,2.032872642680166,1.7179347028145873,1.9148767991449935,1.4995922484429434,1.4429723458130415,2.032872642680166,1.7179347028145873,1.9148767991449935,1.4995922484429434,1.4429723458130415,1.2966299995483437,1.2123241637520679,1.2425198207864805,1.2384107768907975
2021-10-01,1.9922186914401474,1.6765092774254826,1.8677123459640825,1.4707151921585517,1.4110401811666569,1.9922186914401474,1.6765092774254826,1.8677123459640825,1.4707151921585517,1.4110401811666569,1.2721274118522823,1.1888378963379935,1.2193164906443823,1.2154002730240876
2021-10-04,1.983702351108021,1.6691989665645282,1.8463311271887362,1.466014276019232,1.4110401811666569,1.983702351108021,1.6691989665645282,1.8463311271887362,1.466014276019232,1.4110401811666569,1.275408744314832,1.191794258021024,1.220519580292489,1.2192688637329283
2021-10-05,1.9570717456206737,1.6448310984394985,1.80545526776528,1.4579555626375413,1.407425219131217,1.9570717456206737,1.6448310984394985,1.80545526776528,1.4579555626375413,1.407425219131217,1.2765115313326871,1.1926019385034674,1.2179309926968933,1.2236442882421323
2021-10-06,1.956761876322652,1.6391452873319354,1.7859606271171702,1.4639995976738092,1.4026052697506308,1.956761876322652,1.6391452873319354,1.7859606271171702,1.4639995976738092,1.4026052697506308,1.287006506576272,1.2046387400234564,1.2283868418056532,1.2377518211275975
2021-10-07,1.9520844738310377,1.6367084757311552,1.7966512365048435,1.4639995976738092,1.4105581862285983,1.9520844738310377,1.6367084757311552,1.7966512365048435,1.4639995976738092,1.4105581862285983,1.2786574576367782,1.1960539593771895,1.22082348352123,1.2241966490058864
2021-10-08,1.9756733673827123,1.6578273443494018,1.8205478927831718,1.4740729894009226,1.4239862606972393,1.9756733673827123,1.6578273443494018,1.8205478927831718,1.4740729894009226,1.4239862606972393,1.285915319285024,1.2022459902355915,1.2298690779478445,1.2334712128226855
2021-10-11,2.0031536897842765,1.6878810235819945,1.849475424067464,1.4955628917520976,1.4441283724002005,2.0031536897842765,1.6878810235819945,1.849475424067464,1.4955628917520976,1.4441283724002005,1.301727526758013,1.2167600207633087,1.244982196870575,1.2501080660958919
2021-10-12,1.9843410696717683,1.6732602779186994,1.8318673615465904,1.4908619756127781,1.4404661702723893,1.9843410696717683,1.6732602779186994,1.8318673615465904,1.4908619756127781,1.4404661702723893,1.2976388882795962,1.2134153048908407,1.2393518895621078,1.2487827009602037
2021-10-13,1.9743160310810048,1.665949967057745,1.8268364865406264,1.4881757378188814,1.4374143351658801,1.9743160310810048,1.665949967057745,1.8268364865406264,1.4881757378188814,1.4374143351658801,1.2959009172562723,1.2094856748468439,1.2339305794525035,1.2458309360600295
2021-10-14,1.9818028302188204,1.6781339011202596,1.8513620021947,1.4861610594734587,1.4276484628250503,1.9818028302188204,1.6781339011202596,1.8513620021947,1.4861610594734587,1.4276484628250503,1.2878339765056293,1.2013674498976623,1.2270289317138852,1.237470345250202
2021-10-15,2.022401790399997,1.7081875803528523,1.8859492678607015,1.5056362834792112,1.4484009415493135,2.022401790399997,1.7081875803528523,1.8859492678607015,1.5056362834792112,1.4484009415493135,1.3021539492080794,1.2160839856828094,1.2433236175750388,1.2526366685441233
2021-10-18,2.0246028356022068,1.7065630805994607,1.8821761116062288,1.504964724030737,1.4496216755919173,2.0246028356022068,1.7065630805994607,1.8821761116062288,1.504964724030737,1.4496216755919173,1.305527978257286,1.2203777068176367,1.2464954056159634,1.2568192024695322
2021-10-19,2.032117794772148,1.7106243919536326,1.899155314751357,1.501606926788366,1.4441283724002005,2.032117794772148,1.7106243919536326,1.899155314751357,1.501606926788366,1.4441283724002005,1.302165053676827,1.2157060154389954,1.2428248156580526,1.2514260628233054
2021-10-20,2.028126590386635,1.713061079613027,1.899155314751357,1.5002638078914177,1.4453491064428043,2.028126590386635,1.713061079613027,1.899155314751357,1.5002638078914177,1.4453491064428043,1.3040045382352716,1.2180742017542443,1.2435257026650084,1.2514658293368697
2021-10-21,2.0052401578200176,1.6886932114879973,1.8633103303338645,1.492205094509727,1.4355832341019745,2.0052401578200176,1.6886932114879973,1.8633103303338645,1.492205094509727,1.4355832341019745,1.2920485644113862,1.2099413892693096,1.2353574420695834,1.2424365317649182
2021-10-22,2.0036617020951835,1.6911300230887774,1.8683412053398285,1.4821317027826135,1.4282588298463523,2.0036617020951835,1.6911300230887774,1.8683412053398285,1.4821317027826135,1.4282588298463523,1.2885925780232823,1.20555525540722,1.231213832395823,1.2387765997488327
2021-10-25,1.9975432833099116,1.6862565238286031,1.8551351584491733,1.4760876677463455,1.4252069947398431,1.9975432833099116,1.6862565238286031,1.8551351584491733,1.4760876677463455,1.4252069947398431,1.2803771573310667,1.1970035042727087,1.222037628230272,1.2310415169256814
2021-10-26,2.0183055731824555,1.7041262689986811,1.8897224241151749,1.4888472972673559,1.4319210319741635,2.0183055731824555,1.7041262689986811,1.8897224241151749,1.4888472972673559,1.4319210319741635,1.2903271531235934,1.2057054482277094,1.2301288719512584,1.2407580189397307
2021-10-27,2.010186244472989,1.7000649576445097,1.8865781272364475,1.492205094509727,1.4264277287824467,2.010186244472989,1.7000649576445097,1.8865781272364475,1.492205094509727,1.4264277287824467,1.2872306143023997,1.2019812339994942,1.2267150930363255,1.237387162881407
2021-10-28,2.0066800938921254,1.6886932114879976,1.8702277834670649,1.4841463811280362,1.4093374521859945,2.0066800938921254,1.6886932114879976,1.8702277834670649,1.4841463811280362,1.4093374521859945,1.2798009448023202,1.193165999821155,1.2196406513341458,1.226187385289424
2021-10-29,2.003737910770428,1.6911300230887776,1.8765163772245197,1.4848179405765105,1.4093374521859945,2.003737910770428,1.6911300230887776,1.8765163772245197,1.4848179405765105,1.4093374521859945,1.2769623786248938,1.1905869916572658,1.2163461788533714,1.225186959538082
2021-11-01,2.0429565528528597,1.7268696373703194,1.921165392902449,1.5136949968609021,1.434362500059371,2.0429565528528597,1.7268696373703194,1.921165392902449,1.5136949968609021,1.434362500059371,1.2902372675700455,1.204721238520506,1.2393854940369649,1.2386049242518218
2021-11-02,2.025628601532237,1.7163102030611963,1.9148767991449942,1.492205094509727,1.4191033245268245,2.025628601532237,1.7163102030611963,1.9148767991449942,1.492205094509727,1.4191033245268245,1.2822291885251316,1.194054412870178,1.2280857470300766,1.228669382484691
2021-11-04,2.046267698390972,1.7349922600786627,1.9337425804173587,1.5056362834792116,1.4307002979315597,2.046267698390972,1.7349922600786627,1.9337425804173587,1.5056362834792116,1.4307002979315597,1.292789691034975,1.204700447519592,1.23955268583695,1.239304917721454
2021-11-05,2.0318874831983846,1.7228083260161478,1.9180210960237216,1.4922050945097272,1.411778920271202,2.0318874831983846,1.7228083260161478,1.9180210960237216,1.4922050945097272,1.411778920271202,1.2871112977241124,1.1955251139228336,1.2299958348791717,1.231651020893613
2021-11-08,2.023658185994815,1.7211837023213703,1.9117325022662668,1.4801170244371913,1.4099478192072965,2.023658185994815,1.7211837023213703,1.9117325022662668,1.4801170244371913,1.4099478192072965,1.2778806683669055,1.1873117330783234,1.2226432054357101,1.2261649278886808
2021-11-09,2.0025993022331847,1.707375268505464,1.8991553147513571,1.4747445488493975,1.3946886436747499,2.0025993022331847,1.707375268505464,1.8991553147513571,1.4747445488493975,1.3946886436747499,1.2682156328045262,1.176893541292063,1.2133355658040377,1.2172172333331353
2021-11-10,1.9931010666972497,1.6951913344429492,1.8897224241151749,1.4660142760192327,1.389195340483033,1.9931010666972497,1.6951913344429492,1.8897224241151749,1.4660142760192327,1.389195340483033,1.2667794251435749,1.1738338080738366,1.2042948073893616,1.2156574062879635
2021-11-11,1.9910841425405628,1.7016894573979011,1.8991553147513571,1.4673573949161813,1.3910264415469387,1.9910841425405628,1.7016894573979011,1.8991553147513571,1.4673573949161813,1.3910264415469387,1.2673400609836973,1.173658741695669,1.2008221150921583,1.2145244052682278
2021-11-12,2.014468553109583,1.725245013675542,1.9243096897811764,1.484146381128037,1.4056752500581835,2.014468553109583,1.725245013675542,1.9243096897811764,1.484146381128037,1.4056752500581835,1.2946832565345858,1.194493932879063,1.2212322211413091,1.2346701932496416
2021-11-15,2.019494212864595,1.7309309487244908,1.9337425804173587,1.4854895000249855,1.4044545160155797,2.019494212864595,1.7309309487244908,1.9337425804173587,1.4854895000249855,1.4044545160155797,1.2938660214115862,1.1945120319219815,1.2193039623948478,1.232268200168526
2021-11-16,2.017257064812753,1.733367636383885,1.9305982835386313,1.4901904161643051,1.402623414951674,2.017257064812753,1.733367636383885,1.9305982835386313,1.4901904161643051,1.402623414951674,1.2919795297767884,1.1909452960174824,1.214828821852358,1.230160404137912
2021-11-17,2.000375412335778,1.721996014168759,1.9274539866599039,1.4794454649887174,1.3934679096321463,2.000375412335778,1.721996014168759,1.9274539866599039,1.4794454649887174,1.3934679096321463,1.2785357767023826,1.1801394382903738,1.2040674005174101,1.2194368070892094
2021-11-18,1.9952211975268224,1.7179347028145873,1.921165392902449,1.4740729894009237,1.3885849734617313,1.9952211975268224,1.7179347028145873,1.921165392902449,1.4740729894009237,1.3885849734617313,1.2780970650227477,1.1801896476863192,1.2038006876889726,1.2168965625922221
2021-11-19,1.9986061735696952,1.726869637370319,1.9305982835386313,1.4734014299524496,1.3910264415469387,1.9986061735696952,1.726869637370319,1.9305982835386313,1.4734014299524496,1.3910264415469387,1.2801962119700356,1.1826691405237204,1.2068747605022674,1.2208013564831868
2021-11-22,1.9993767675537402,1.726869637370319,1.9305982835386313,1.4727298705039755,1.3898057075043349,1.9993767675537402,1.726869637370319,1.9305982835386313,1.4727298705039755,1.3898057075043349,1.2747026306055336,1.181139621085882,1.207370164392908,1.218378758309306
2021-11-24,1.9773313475094725,1.704126268998681,1.9022996116300845,1.4687005138131302,1.389195340483033,1.9773313475094725,1.704126268998681,1.9022996116300845,1.4687005138131302,1.389195340483033,1.268535553582646,1.1764693511820554,1.2012895052366848,1.2154887990266872
2021-11-25,1.9786634736731372,1.711436579859635,1.9148767991449942,1.4727298705039753,1.3995715798451647,1.9786634736731372,1.711436579859635,1.9148767991449942,1.4727298705039753,1.3995715798451647,1.2698860827796241,1.1808806068183655,1.2052355100185195,1.2193404282899805
2021-11-26,1.942965205868615,1.6781339011202596,1.866454627212592,1.4438528142195837,1.3690532287800716,1.942965205868615,1.6781339011202596,1.866454627212592,1.4438528142195837,1.3690532287800716,1.2465146437403916,1.1594752535662898,1.185368552681989,1.1969693004967965
2021-11-29,1.8967592570193688,1.6476740659639726,1.8356405178010633,1.4163188768321404,1.3357882261191203,1.8967592570193688,1.6476740659639726,1.8356405178010633,1.4163188768321404,1.3357882261191203,1.216634519901795,1.1321710988754836,1.1572837627046615,1.1698178426520391
2021-11-30,1.8817325760857937,1.631022664623592,1.8425579709342634,1.4015445689657076,1.3287690053741488,1.8817325760857937,1.631022664623592,1.8425579709342634,1.4015445689657076,1.3287690053741488,1.2126270273415416,1.126160316738751,1.152361621858783,1.165027060612737
2021-12-01,1.8882743028454263,1.6350839759777636,1.8111150021469893,1.411617960692821,1.3360934096297712,1.8882743028454263,1.6350839759777636,1.8111150021469893,1.411617960692821,1.3360934096297712,1.2128841764755605,1.1272459864116726,1.1536924594330582,1.1660058281729395
2021-12-02,1.8731031793861994,1.6269613532694205,1.8019965411986798,1.4149757579351923,1.3284638218634979,1.8731031793861994,1.6269613532694205,1.8019965411986798,1.4149757579351923,1.3284638218634979,1.2091880236749182,1.1258041842627713,1.1493012123491497,1.1618179972893485
2021-12-03,1.9144245977921324,1.6545782209012327,1.8183468849680622,1.4290785063531508,1.3556251543114306,1.9144245977921324,1.6545782209012327,1.8183468849680622,1.4290785063531508,1.3556251543114306,1.2310581963042975,1.146117612459317,1.1715582267969007,1.1813230998659858
2021-12-06,1.906983049172303,1.6448310984394983,1.8117438615227348,1.4324363035955219,1.358066622396638,1.906983049172303,1.6448310984394983,1.8117438615227348,1.4324363035955219,1.358066622396638,1.2279644383083317,1.1426225288988823,1.1671885683376808,1.1797557448786367
2021-12-07,1.958418096149283,1.6826012444567398,1.8535630100098093,1.459298681534491,1.388890156972382,1.958418096149283,1.6826012444567398,1.8535630100098093,1.459298681534491,1.388890156972382,1.2526966272304196,1.1650467402390383,1.1921232719020707,1.2028948955476022
2021-12-08,1.9656945828534846,1.6923484908598603,1.8727432209700463,1.4633280382253362,1.3852279548445707,1.9656945828534846,1.6923484908598603,1.8727432209700463,1.4633280382253362,1.3852279548445707,1.2520701246287813,1.1635870170683082,1.1914747140872233,1.2017572999334083
2021-12-09,1.9549492683219862,1.6809767447033481,1.8651969084611004,1.453926205946697,1.3775983670782974,1.9549492683219862,1.6809767447033481,1.8651969084611004,1.453926205946697,1.3775983670782974,1.2528191508729825,1.1625218450448052,1.1888747045198573,1.2006506647265407
2021-12-10,1.9389031123948297,1.6679806227348306,1.8441301193736268,1.4485537303589033,1.3684428617587696,1.9389031123948297,1.6679806227348306,1.8441301193736268,1.4485537303589033,1.3684428617587696,1.2474768263866216,1.1586504019120332,1.1832939055945426,1.195923283086577
2021-12-13,1.9388584238256488,1.6704173103942246,1.8579650256400275,1.4532546464982228,1.3751568989930902,1.9388584238256488,1.6704173103942246,1.8579650256400275,1.4532546464982228,1.3751568989930902,1.2515110863921466,1.160164073639713,1.1852206602037991,1.1965591674514313
2021-12-14,1.927410034854086,1.6667621549637472,1.8447589787493726,1.4586271220860167,1.3733257979291846,1.927410034854086,1.6667621549637472,1.8447589787493726,1.4586271220860167,1.3733257979291846,1.2508438229881629,1.1621159556303309,1.1865799511637447,1.198567838728764
2021-12-15,1.9337938598911095,1.6744786217483962,1.8457022678129908,1.4633280382253362,1.3840072208019674,1.9337938598911095,1.6744786217483962,1.8457022678129908,1.4633280382253362,1.3840072208019674,1.2628398983761184,1.1726885175952346,1.1974916252402006,1.2099049103203297
2021-12-16,1.954305190459036,1.7008771455505116,1.8862636975485747,1.4787739055402433,1.3968249282493064,1.954305190459036,1.7008771455505116,1.8862636975485747,1.4787739055402433,1.3968249282493064,1.271728422153493,1.1812399872400392,1.207108116011146,1.2185975534853333
2021-12-17,1.9293079187282554,1.6769154333491763,1.8513620021947004,1.4700436327100783,1.3916368085682407,1.9293079187282554,1.6769154333491763,1.8513620021947004,1.4700436327100783,1.3916368085682407,1.2528282902951295,1.1656839536957755,1.1901039336016326,1.2042419838009797
2021-12-20,1.8826898865660182,1.6399574752379376,1.8133160099620986,1.4431812547711094,1.3571510718646855,1.8826898865660182,1.6399574752379376,1.8133160099620986,1.4431812547711094,1.3571510718646855,1.2251391197028425,1.1416784239329372,1.1634032612820782,1.1775708698826255
2021-12-21,1.905983034397088,1.6659499670577445,1.849160994379591,1.4599702409829651,1.3739361649504866,1.905983034397088,1.6659499670577445,1.849160994379591,1.4599702409829651,1.3739361649504866,1.234721438509186,1.1502626296641,1.1741007968410007,1.1857097616672125
2021-12-22,1.912519482088577,1.664325343362967,1.8513620021947002,1.4592986815344908,1.3699687793120245,1.912519482088577,1.664325343362967,1.8513620021947002,1.4592986815344908,1.3699687793120245,1.2249161534130484,1.1432512398075694,1.1706163824018874,1.1792974237287461
2021-12-23,1.9262254211849235,1.6801645567973449,1.8673979162762098,1.4673573949161816,1.3852279548445712,1.9262254211849235,1.6801645567973449,1.8673979162762098,1.4673573949161816,1.3852279548445712,1.2339324096000823,1.1518769758924414,1.1820411552695922,1.1891812144783958
2021-12-24,1.9256216790505307,1.6789460890262617,1.8686556350277006,1.4673573949161816,1.3803450186741564,1.9256216790505307,1.6789460890262617,1.8686556350277006,1.4673573949161816,1.3803450186741564,1.2239783875199972,1.143617682095046,1.1765930335107155,1.1801387316524574
2021-12-27,1.9141530106977904,1.6704173103942244,1.8598516037672639,1.4619849193283876,1.373630981439836,1.9141530106977904,1.6704173103942244,1.8598516037672639,1.4619849193283876,1.373630981439836,1.2175398590092081,1.1391676808671232,1.1707607172291796,1.1749370115789592
2021-12-28,1.9411530393386593,1.692754522842168,1.8837482600455924,1.474744548849398,1.3888901569723824,1.9411530393386593,1.692754522842168,1.8837482600455924,1.474744548849398,1.3888901569723824,1.2356651296828927,1.1545479465233999,1.1879925214394715,1.1905067988716012
2021-12-29,1.9556213451641757,1.6911300230887765,1.875887517848774,1.480117024437192,1.390721258036288,1.9556213451641757,1.6911300230887765,1.875887517848774,1.480117024437192,1.390721258036288,1.2330962944247423,1.1520389963168323,1.1854192657356881,1.188537376878075
2021-12-30,1.9479785718429226,1.6842258681515163,1.872114361594301,1.4680289543646559,1.39133162505759,1.9479785718429226,1.6842258681515163,1.872114361594301,1.4680289543646559,1.39133162505759,1.229214542754563,1.1484294002120214,1.1828568797022068,1.1853000158219837
2022-01-04,1.968640916216338,1.7236205139221492,1.9010418928785933,1.497577570097522,1.4160514894203153,1.968640916216338,1.7236205139221492,1.9010418928785933,1.497577570097522,1.4160514894203153,1.252171380345244,1.171160534173297,1.2034081247211705,1.207608669702504
2022-01-05,1.96756222248021,1.7260573255229295,1.9048150491330664,1.5224252696910683,1.439855803251088,1.96756222248021,1.7260573255229295,1.9048150491330664,1.5224252696910683,1.439855803251088,1.2706594375417761,1.1886251416735336,1.2218042843679238,1.2226226930647806
2022-01-06,1.9270788825675695,1.6911300230887762,1.850733142818955,1.5204105913456456,1.4279536463357017,1.9270788825675695,1.6911300230887762,1.850733142818955,1.5204105913456456,1.4279536463357017,1.259502670260937,1.1801682043376005,1.2095920331636225,1.2103356304900454
2022-01-07,1.9246589849513676,1.6878810235819937,1.8504187131310823,1.518395913000223,1.4397947665489579,1.9246589849513676,1.6878810235819937,1.8504187131310823,1.518395913000223,1.4397947665489579,1.2641744004714968,1.1867651907236627,1.2155966973952812,1.2166558100266356
2022-01-11,1.9204817927998554,1.6830074003804332,1.8337539396738272,1.524439948036491,1.4544803060292704,1.9204817927998554,1.6830074003804332,1.8337539396738272,1.524439948036491,1.4544803060292704,1.2800709959360443,1.2031063354685672,1.2308795050069632,1.228074198425905
2022-01-12,1.9537552709494315,1.7077814244291571,1.868026775651956,1.5412289342483465,1.4679420505528902,1.9537552709494315,1.7077814244291571,1.868026775651956,1.5412289342483465,1.4679420505528902,1.2873417844088835,1.2107612592345474,1.2440419490181343,1.2386608468803255
2022-01-13,1.9375628614699474,1.6960036462903367,1.851047572506828,1.5412289342483465,1.4807918975981635,1.9375628614699474,1.6960036462903367,1.851047572506828,1.5412289342483465,1.4807918975981635,1.2969876265318594,1.2203324351471148,1.2516102023746931,1.2459075735005887
2022-01-14,1.9156489491751993,1.673666433842393,1.8274653459163726,1.5304839830727588,1.4642706656828122,1.9156489491751993,1.673666433842393,1.8274653459163726,1.5304839830727588,1.4642706656828122,1.295169601319743,1.2143859556893466,1.2449031678447129,1.2407856244634912
2022-01-17,1.9141429309515972,1.6809767447033472,1.8403569631191552,1.5371995775575011,1.4771205127280855,1.9141429309515972,1.6809767447033472,1.8403569631191552,1.5371995775575011,1.4771205127280855,1.3008792949848553,1.2206835201691353,1.2499504222249518,1.246896213002048
2022-01-18,1.9014869981136302,1.6740725897660873,1.8337539396738276,1.5351848992120785,1.4661063581178513,1.9014869981136302,1.6740725897660873,1.8337539396738276,1.5351848992120785,1.4661063581178513,1.2855077320264077,1.2071549144829714,1.2363188504580611,1.236666102476171
2022-01-19,1.8492615804293058,1.6245245416686396,1.7869039161807891,1.5096656401700579,1.4352055354613606,1.8492615804293058,1.6245245416686396,1.7869039161807891,1.5096656401700579,1.4352055354613606,1.2656812699649318,1.1867655809677566,1.2123915023257934,1.2167451205336473
2022-01-20,1.8660218691451682,1.6399574752379373,1.803254259950172,1.5217537102425938,1.441018561505651,1.8660218691451682,1.6399574752379373,1.803254259950172,1.5217537102425938,1.441018561505651,1.2625955867223069,1.184662675335208,1.211884268318217,1.2170340725887074
2022-01-21,1.8625040134650392,1.6285858530228112,1.7878472052444077,1.519739031897171,1.4416304589839974,1.8625040134650392,1.6285858530228112,1.7878472052444077,1.519739031897171,1.4416304589839974,1.2549247898595444,1.1772074829459873,1.2043826575952419,1.2083476572973504
2022-01-24,1.8718325063247006,1.6310226646235915,1.791305931811008,1.5264546263819134,1.444383997636556,1.8718325063247006,1.6310226646235915,1.791305931811008,1.5264546263819134,1.444383997636556,1.268326022874384,1.18840253563183,1.2143744993171177,1.2199771429339998
2022-01-25,1.837428436269883,1.6029996410680845,1.7611206817752247,1.5110087590670063,1.4293925094170705,1.837428436269883,1.6029996410680845,1.7611206817752247,1.5110087590670063,1.4293925094170705,1.2503828270609574,1.1722531946661197,1.194924028321994,1.2041065074302126
2022-01-26,1.8351988728390576,1.5985321737902187,1.755775377081388,1.5143665563093773,1.4287806119387243,1.8351988728390576,1.5985321737902187,1.755775377081388,1.5143665563093773,1.4287806119387243,1.2510897318133283,1.170976796549833,1.193255382058073,1.195591416296244
2022-01-27,1.7833407078432408,1.5571067484011138,1.7004357520157853,1.4928766539582021,1.4290865606778975,1.7833407078432408,1.5571067484011138,1.7004357520157853,1.4928766539582021,1.4290865606778975,1.2392516346727989,1.16191147722982,1.1789132493075323,1.1774864710678867
2022-01-28,1.8150386378188283,1.5887850513284842,1.7369095958090235,1.519067472448697,1.440712612766478,1.8150386378188283,1.5887850513284842,1.7369095958090235,1.519067472448697,1.440712612766478,1.2632951221164155,1.183264254454095,1.2010974235745089,1.2034480137469599
2022-01-31,1.8399916765775215,1.602999641068085,1.7551465177056425,1.524439948036491,1.432146048069629,1.8399916765775215,1.602999641068085,1.7551465177056425,1.524439948036491,1.432146048069629,1.2687617774453532,1.1863000105862713,1.206942133678711,1.2093513532637419
2022-02-01,1.8375501871525606,1.6050302967451708,1.7589196739601154,1.527797745278862,1.4284746631995509,1.8375501871525606,1.6050302967451708,1.7589196739601154,1.527797745278862,1.4284746631995509,1.2543264098128424,1.1746906368177534,1.190905589531251,1.1987183000153037
2022-02-02,1.883162775597148,1.6367084757311547,1.787532775556535,1.5398858153513981,1.4437721001582098,1.883162775597148,1.6367084757311547,1.787532775556535,1.5398858153513981,1.4437721001582098,1.2762789613551775,1.1948610112549132,1.2136229908960443,1.218970863732508
2022-02-03,1.8683802712032376,1.62452454166864,1.7686669942841704,1.5432436125937694,1.452644613594232,1.8683802712032376,1.62452454166864,1.7686669942841704,1.5432436125937694,1.452644613594232,1.2711178391226519,1.192922030357899,1.209290166668253,1.2150308044198843
2022-02-04,1.8813134947720986,1.6342716641303745,1.7806153224233348,1.5513023259754601,1.4618230757694273,1.8813134947720986,1.6342716641303745,1.7806153224233348,1.5513023259754601,1.4618230757694273,1.2836053367067848,1.2044150391117214,1.2205646793603722,1.226584936475337
2022-02-07,1.8731811227980486,1.6298041968525085,1.7689814239720434,1.5586894799086766,1.4710015379446224,1.8731811227980486,1.6298041968525085,1.7689814239720434,1.5586894799086766,1.4710015379446224,1.2956752430266443,1.2150596505103008,1.229836399756576,1.2352067639538435
2022-02-08,1.8784878606430246,1.6387391314082405,1.7727545802265166,1.545258290939192,1.4829335387723763,1.8784878606430246,1.6387391314082405,1.7727545802265166,1.545258290939192,1.4829335387723763,1.2992672083987327,1.221574995102417,1.2387904105334804,1.237982290529204
2022-02-09,1.900103455878408,1.6517353773181438,1.791620361498881,1.5640619554964705,1.482627590033203,1.900103455878408,1.6517353773181438,1.791620361498881,1.5640619554964705,1.482627590033203,1.3102878898736585,1.2281641622045993,1.2472964798370225,1.2537853326806154
2022-02-10,1.9126380509448018,1.661076343856184,1.7991666740078267,1.5688180083585361,1.4820156925548567,1.9126380509448018,1.661076343856184,1.7991666740078267,1.5688180083585361,1.4820156925548567,1.3068638409734885,1.2244826295847953,1.2456857871941278,1.248090017159621
2022-02-14,1.8868206668133434,1.6334594762243715,1.757347525520752,1.5586264665112524,1.4817097438156834,1.8868206668133434,1.6334594762243715,1.757347525520752,1.5586264665112524,1.4817097438156834,1.3083245494892493,1.2251324989235635,1.2459975932473437,1.2464070819296456
2022-02-15,1.8837025786811346,1.6188387305610765,1.7438270489422243,1.5511526691565776,1.4719193841621419,1.8837025786811346,1.6188387305610765,1.7438270489422243,1.5511526691565776,1.4719193841621419,1.2903845659270825,1.2075676893527085,1.2345019417348793,1.228085948727436
2022-02-16,1.9109382448052934,1.6464555981928888,1.7834451896141896,1.579688986328972,1.4869108723816276,1.9109382448052934,1.6464555981928888,1.7834451896141896,1.579688986328972,1.4869108723816276,1.3140929742652274,1.2310134541609057,1.2577540120662234,1.2430380275650852
2022-02-17,1.8936875859248499,1.6326471643769827,1.7692958536599164,1.5701768806048406,1.4783443076847786,1.8936875859248499,1.6326471643769827,1.7692958536599164,1.5701768806048406,1.4783443076847786,1.3074236591974766,1.224462291140336,1.2525264962568787,1.2380047819535738
2022-02-18,1.8886528420045474,1.6273675091931141,1.7620639708388433,1.5701768806048406,1.4728372303796615,1.8886528420045474,1.6273675091931141,1.7620639708388433,1.5701768806048406,1.4728372303796615,1.2978886483340142,1.2162599598092325,1.243771769055652,1.2333592871634622
2022-02-21,1.8733982995552556,1.6168080748839908,1.7472857755088242,1.5647413916196227,1.4664123068570247,1.8733982995552556,1.6168080748839908,1.7472857755088242,1.5647413916196227,1.4664123068570247,1.2962427019221587,1.213922307217533,1.2410981451861516,1.2307979688850692
2022-02-22,1.8472901634103798,1.593658550588658,1.7186726739124047,1.5416405634324462,1.445913741332422,1.8472901634103798,1.593658550588658,1.7186726739124047,1.5416405634324462,1.445913741332422,1.2765305002039573,1.1953906777957737,1.223970462269751,1.2111967202931808
2022-02-24,1.829535119712992,1.5713213381407143,1.6900595723159852,1.5232957881073357,1.4275568169820314,1.829535119712992,1.5713213381407143,1.6900595723159852,1.5232957881073357,1.4275568169820314,1.2641453626243204,1.1825503141831355,1.2113747384964257,1.1990183441974729
2022-02-25,1.8505721794349896,1.5895972392344864,1.7202448223517683,1.5158219907526609,1.4171545598501436,1.8505721794349896,1.5895972392344864,1.7202448223517683,1.5158219907526609,1.4171545598501436,1.2564423006345713,1.1755844053005593,1.2066963534955755,1.1962888510527585
2022-02-28,1.877315467373838,1.5977198619428297,1.7240179786062413,1.5260135325999444,1.4312282018521096,1.877315467373838,1.5977198619428297,1.7240179786062413,1.5260135325999444,1.4312282018521096,1.2662394370732806,1.1831932744717906,1.2183589243551278,1.2001579097231267
2022-03-01,1.8928286948964685,1.6062486405748673,1.7431981895664785,1.5287312770925534,1.4312282018521096,1.8928286948964685,1.6062486405748673,1.7431981895664785,1.5287312770925534,1.4312282018521096,1.2590616756604318,1.1746744626430106,1.2117010068475966,1.1944057033341948
2022-03-02,1.85861615462773,1.5745704615888831,1.7142706582821863,1.4981566515507023,1.3991035842389263,1.85861615462773,1.5745704615888831,1.7142706582821863,1.4981566515507023,1.3991035842389263,1.2285773859844755,1.1466089635288697,1.1920029681957631,1.168603658454486
2022-03-03,1.8727792803163326,1.5908157070055697,1.7271622754849687,1.5239752242304878,1.4287806119387243,1.8727792803163326,1.5908157070055697,1.7271622754849687,1.5239752242304878,1.4287806119387243,1.2573937339835777,1.1750500071250034,1.2204419912352629,1.19523716773814
2022-03-04,1.8370024851239428,1.5599497159255884,1.6900595723159852,1.5090276295211384,1.4085879951532947,1.8370024851239428,1.5599497159255884,1.6900595723159852,1.5090276295211384,1.4085879951532947,1.242792959324245,1.1603393912042201,1.201936479723812,1.1811786694505375
2022-03-07,1.7887935989331416,1.5181181346127892,1.640694111319965,1.4845679290876577,1.3890072758462115,1.7887935989331416,1.5181181346127892,1.640694111319965,1.4845679290876577,1.3890072758462115,1.2137639652470449,1.1368233403396677,1.1769049605861892,1.1576087826699473
2022-03-08,1.7495908927597594,1.4905012669809767,1.6114521503478,1.4458400700679797,1.3446447086661013,1.7495908927597594,1.4905012669809767,1.6114521503478,1.4458400700679797,1.3446447086661013,1.1822656048406446,1.1042052011219923,1.1331360434942768,1.1275375309615152
2022-03-09,1.7454385211703018,1.4880644553801965,1.6061068456539636,1.4539933035458068,1.3461744523619672,1.7454385211703018,1.4880644553801965,1.6061068456539636,1.4539933035458068,1.3461744523619672,1.1854965199555907,1.1105740829406285,1.1382829942167094,1.1303257723772302
2022-03-10,1.81661095318512,1.5469534700156848,1.6683639238527663,1.5015538321664639,1.395126250629675,1.81661095318512,1.5469534700156848,1.6683639238527663,1.5015538321664639,1.395126250629675,1.2335223374038593,1.1532919711154939,1.1833448551936627,1.1718873364162479
2022-03-11,1.7910705254604322,1.5258347253388242,1.6350343769382558,1.4920417264423325,1.3920667632379433,1.7910705254604322,1.5258347253388242,1.6350343769382558,1.4920417264423325,1.3920667632379433,1.2300532035715341,1.1483442354727635,1.1794056172399643,1.167706204765115
2022-03-14,1.8045393744242304,1.5327388802760842,1.6447816972623106,1.5008743960433117,1.4113415338058533,1.8045393744242304,1.5327388802760842,1.6447816972623106,1.5008743960433117,1.4113415338058533,1.2482849717009732,1.1662885935157217,1.1981258188015729,1.1830373169889106
2022-03-15,1.8224492301791033,1.547765781863074,1.6469827050774197,1.5198986074915746,1.4220497396769143,1.8224492301791033,1.547765781863074,1.6469827050774197,1.5198986074915746,1.4220497396769143,1.267330201873673,1.1811820167383495,1.2091358667786742,1.1966934005685221
2022-03-16,1.8354819483560691,1.568072338633932,1.6737092285466029,1.5341667660777718,1.4306163043737632,1.8354819483560691,1.568072338633932,1.6737092285466029,1.5341667660777718,1.4306163043737632,1.2683853487513983,1.181912477088829,1.2136275231644318,1.2011526445655538
2022-03-17,1.8761262139352106,1.609091608099342,1.7299921426758236,1.5559087220186438,1.451420818637539,1.8761262139352106,1.609091608099342,1.7299921426758236,1.5559087220186438,1.451420818637539,1.2794399368743183,1.1942980194914075,1.2268270036427744,1.212232708291791
2022-03-18,1.8871296769880581,1.6159957630366022,1.7431981895664785,1.5640619554964708,1.4581516908993488,1.8871296769880581,1.6159957630366022,1.7431981895664785,1.5640619554964708,1.4581516908993488,1.292148973799196,1.2031382497457457,1.237119875308719,1.2222580957058615
2022-03-22,1.8932151396962464,1.6338655082066802,1.766780416156934,1.5966748894077787,1.4942536421217834,1.8932151396962464,1.6338655082066802,1.766780416156934,1.5966748894077787,1.4942536421217834,1.3200814341643181,1.2313269923393362,1.2712650314562386,1.247234780620921
2022-03-23,1.9282468898466183,1.6728541219950044,1.8196046037195546,1.6190962814718028,1.5113867715154812,1.9282468898466183,1.6728541219950044,1.8196046037195546,1.6190962814718028,1.5113867715154812,1.3332231053727501,1.2427193768112863,1.2819381727621753,1.2625910079901725
2022-03-24,1.9287264762457805,1.6781339011202592,1.8249499084133913,1.6204551537181076,1.5064915916887103,1.9287264762457805,1.6781339011202592,1.8249499084133913,1.6204551537181076,1.5064915916887103,1.3326930754780948,1.2434315291142974,1.2819886010842947,1.262843883314245
2022-03-25,1.9319305262881887,1.6773215892728703,1.826522056852755,1.6170579731023462,1.5058796942103638,1.9319305262881887,1.6773215892728703,1.826522056852755,1.6170579731023462,1.5058796942103638,1.3238241899973004,1.2378392021784321,1.2780763711633036,1.2608022139320292
2022-03-28,1.92056816930916,1.669198966564527,1.8148881584014636,1.621814025964412,1.5089391816020956,1.92056816930916,1.669198966564527,1.8148881584014636,1.621814025964412,1.5089391816020956,1.328783639948524,1.2438960142774054,1.2817416965219843,1.2633254862106038
2022-03-29,1.93557153194701,1.684225868151516,1.8334395099859553,1.6340438761811527,1.5141403101680395,1.93557153194701,1.684225868151516,1.8334395099859553,1.6340438761811527,1.5141403101680395,1.3354191368862265,1.250072140906874,1.288961919090271,1.2701200794657663
2022-03-30,1.943521945984001,1.6838197122278218,1.8346972287374461,1.6272495149496302,1.5055737454711906,1.943521945984001,1.6838197122278218,1.8346972287374461,1.6272495149496302,1.5055737454711906,1.3315777308982673,1.244289982683509,1.285137379708637,1.2678637697324688
2022-03-31,1.9227259845309295,1.6643253433629666,1.8236921896619003,1.6143402286097375,1.490276308512532,1.9227259845309295,1.6643253433629666,1.8236921896619003,1.6143402286097375,1.490276308512532,1.30776913005933,1.224106982016281,1.2634603925834422,1.2476242669282225
2022-04-01,1.9231601111370336,1.6631069995332695,1.8133160099620997,1.6136607924865851,1.4918060522083976,1.9231601111370336,1.6631069995332695,1.8133160099620997,1.6136607924865851,1.4918060522083976,1.314011822734776,1.2282830692250246,1.2657420087341735,1.2508101156368265
2022-04-04,1.9391490919200642,1.6720419340890011,1.8164603068408272,1.6095841757476717,1.4942536421217831,1.9391490919200642,1.6720419340890011,1.8164603068408272,1.6095841757476717,1.4942536421217831,1.3162571893562516,1.2290347884052713,1.2642414231967767,1.2535058682208156
2022-04-05,1.942427885769857,1.668386654717138,1.8199190334074273,1.596674889407779,1.4780383589456048,1.942427885769857,1.668386654717138,1.8199190334074273,1.596674889407779,1.4780383589456048,1.2961899917835178,1.211356001837858,1.2468616307609217,1.237495779909114
2022-04-06,1.912335876941421,1.6436127546098,1.7916203614988806,1.5701768806048413,1.4318400993304554,1.912335876941421,1.6436127546098,1.7916203614988806,1.5701768806048413,1.4318400993304554,1.287482477077629,1.2021203626636308,1.234119335569465,1.2288941270952762
2022-04-07,1.8780892943944243,1.6184325746373818,1.7611206817752247,1.5593059026344054,1.4383874023487613,1.8780892943944243,1.6184325746373818,1.7611206817752247,1.5593059026344054,1.4383874023487613,1.2750670812485265,1.1922127723604614,1.2210722139549388,1.2186740356473462
2022-04-08,1.8812942497755034,1.6212755421618563,1.7674092755326793,1.5586264665112533,1.4380753877278614,1.8812942497755034,1.6212755421618563,1.7674092755326793,1.5586264665112533,1.4380753877278614,1.2827212835317114,1.196182561934967,1.224081295579212,1.2238963032348698
2022-04-11,1.869310807946387,1.616401918960296,1.756718666145006,1.5620236471270146,1.4552361918773584,1.869310807946387,1.616401918960296,1.756718666145006,1.5620236471270146,1.4552361918773584,1.2907892750597443,1.2039035778384823,1.234571994336348,1.232349998408726
2022-04-12,1.8477426363276048,1.5940647065123523,1.7249612676698591,1.5647413916196236,1.4468117971130598,1.8477426363276048,1.5940647065123523,1.7249612676698591,1.5647413916196236,1.4468117971130598,1.2871653110261325,1.198811190911318,1.2284659042660346,1.2282941077153704
2022-04-13,1.874366254667175,1.616401918960296,1.7598629630237335,1.5661002638659278,1.4561722357400582,1.874366254667175,1.616401918960296,1.7598629630237335,1.5661002638659278,1.4561722357400582,1.2896070878850883,1.2025061648830622,1.2339415302062982,1.2331893031115584
2022-04-14,1.890007129238995,1.633459476224371,1.7803008927354618,1.5810478585752772,1.4711489375432558,1.890007129238995,1.633459476224371,1.7803008927354618,1.5810478585752772,1.4711489375432558,1.302142378665421,1.2149708637713115,1.2496201343848936,1.2451250984599567
2022-04-15,1.8750807227426576,1.6224938859915534,1.7758988771052435,1.580368422452125,1.4714609521641557,1.8750807227426576,1.6224938859915534,1.7758988771052435,1.580368422452125,1.4714609521641557,1.3053853908048103,1.218324457072908,1.25129314423035,1.2497011207082622
2022-04-18,1.859078600216942,1.6070609524222559,1.7554609473935154,1.5722151889742981,1.4674047620924564,1.859078600216942,1.6070609524222559,1.7554609473935154,1.5722151889742981,1.4674047620924564,1.300873235970683,1.2163133917434918,1.2476121994250515,1.2443288389072666
2022-04-19,1.874301717238458,1.6224938859915536,1.768352564596298,1.5844450391910385,1.4858136247255536,1.874301717238458,1.6224938859915536,1.768352564596298,1.5844450391910385,1.4858136247255536,1.3081553623151088,1.2260622735961701,1.2602048853051961,1.2510841096853755
2022-04-20,1.8859682155513167,1.6395514432556288,1.7821874708626988,1.6007515061466924,1.4967341364570517,1.8859682155513167,1.6395514432556288,1.7821874708626988,1.6007515061466924,1.4967341364570517,1.324588939603614,1.2525699252860734,1.2824574972946394,1.2666368165120554
2022-04-21,1.8975969877714074,1.648892409793669,1.8035686896380452,1.6068664312550627,1.4986062241824516,1.8975969877714074,1.648892409793669,1.8035686896380452,1.6068664312550627,1.4986062241824516,1.322452666831393,1.2507397166274337,1.2800790976110434,1.2632676889027228
2022-04-22,1.8750650420302166,1.629804196852508,1.775898877105244,1.5966748894077791,1.4876857124509535,1.8750650420302166,1.629804196852508,1.775898877105244,1.5966748894077791,1.4876857124509535,1.3122718019205513,1.2393771691461024,1.2686032767501623,1.2546767841731052
2022-04-25,1.8490842520997617,1.6050302967451702,1.7409971817513696,1.576971241836364,1.4639726012625573,1.8490842520997617,1.6050302967451702,1.7409971817513696,1.576971241836364,1.4639726012625573,1.2917390910280064,1.2195006781157858,1.2458036858020458,1.237638018682104
2022-04-26,1.858495876285643,1.60949764008165,1.7476002051966972,1.576971241836364,1.458980367328158,1.858495876285643,1.60949764008165,1.7476002051966972,1.576971241836364,1.458980367328158,1.2908271771460635,1.2161577349045873,1.242383259619153,1.2371397483154278
2022-04-27,1.840854125235123,1.5936585505886578,1.7287344239243327,1.5593059026344056,1.4424435924204608,1.840854125235123,1.5936585505886578,1.7287344239243327,1.5593059026344056,1.4424435924204608,1.2799604150312713,1.2030067016577564,1.2248569461123617,1.2266035943395257
2022-04-28,1.882585677257518,1.6245245416686394,1.7589196739601158,1.6034692506393018,1.4761411714776551,1.882585677257518,1.6245245416686394,1.7589196739601158,1.6034692506393018,1.4761411714776551,1.3084267711871922,1.2295232223152182,1.2561552405706087,1.2535146965025805
2022-05-02,1.8835961050189771,1.622900041915248,1.7548320880177701,1.6000720700235405,1.4789493030657548,1.8835961050189771,1.622900041915248,1.7548320880177701,1.6000720700235405,1.4789493030657548,1.3139934686517871,1.234792675154898,1.2601186582359545,1.2603377678278866
2022-05-06,1.8958765496034937,1.63873913140824,1.7705535724114072,1.6231728982107168,1.5042224873586507,1.8958765496034937,1.63873913140824,1.7705535724114072,1.6231728982107168,1.5042224873586507,1.334225333062675,1.2576163227202868,1.283620047647041,1.2849589657174256
2022-05-09,1.8634207684153348,1.6066547964985618,1.7240179786062415,1.604148686762454,1.502038385012351,1.8634207684153348,1.6066547964985618,1.7240179786062415,1.604148686762454,1.502038385012351,1.3285146172995512,1.2528182978313525,1.2753268220275378,1.2796241860714752
2022-05-10,1.8555674800309876,1.5952830503420496,1.7142706582821865,1.590559964299409,1.4873736978300536,1.8555674800309876,1.5952830503420496,1.7142706582821865,1.590559964299409,1.4873736978300536,1.3239030170551933,1.244053426537323,1.2626084778957922,1.2716058711808798
2022-05-11,1.8470615408240365,1.584317584050618,1.7183582442245322,1.5688180083585372,1.460852455053558,1.8470615408240365,1.584317584050618,1.7183582442245322,1.5688180083585372,1.460852455053558,1.2955670748361292,1.2176361841227903,1.238941088985971,1.2472703774919975
2022-05-12,1.8181501053320372,1.5676661827102372,1.6878585645008763,1.5579470303881013,1.460540440432658,1.8181501053320372,1.5676661827102372,1.6878585645008763,1.5579470303881013,1.460540440432658,1.2927762182185614,1.2140193299830526,1.2331713870230216,1.2430705576446306
2022-05-13,1.8575244708762,1.5981260178665242,1.7312498614273146,1.5722151889742986,1.4720849814059562,1.8575244708762,1.5981260178665242,1.7312498614273146,1.5722151889742986,1.4720849814059562,1.3021283232713834,1.2207500862014193,1.2441137167705116,1.2599108646204227
2022-05-16,1.849830188481476,1.5977198619428297,1.741940470814988,1.5722151889742986,1.460852455053558,1.849830188481476,1.5977198619428297,1.741940470814988,1.5722151889742986,1.460852455053558,1.277208999614576,1.1993551147168615,1.224446743317486,1.2386505641306136
2022-05-17,1.8556917665502954,1.5997505176199154,1.74791463488457,1.572894625097451,1.4636605866416577,1.8556917665502954,1.5997505176199154,1.74791463488457,1.572894625097451,1.4636605866416577,1.266886982910491,1.1902473404467357,1.2187471116537094,1.2306216275961368
2022-05-18,1.8670185099979042,1.6155896071129074,1.7617495411509705,1.5837656030678868,1.4708369229223566,1.8670185099979042,1.6155896071129074,1.7617495411509705,1.5837656030678868,1.4708369229223566,1.2791483643271169,1.1997285981392691,1.2274007453961535,1.2407425748162086
2022-05-19,1.8516796998998402,1.5940647065123523,1.7299921426758236,1.5694974444816896,1.4642846158834577,1.8516796998998402,1.5940647065123523,1.7299921426758236,1.5694974444816896,1.4642846158834577,1.2741439782916915,1.194516443131691,1.2212482981417767,1.2347874997342028
2022-05-20,1.8673375910390762,1.6078731403282585,1.7523166505147882,1.5776506779595165,1.4705249083014567,1.8673375910390762,1.6078731403282585,1.7523166505147882,1.5776506779595165,1.4705249083014567,1.278842061628943,1.1997148505267665,1.2285347791609142,1.2404697436928362
2022-05-23,1.8867610659551775,1.6237122298212505,1.7686669942841708,1.598713197777236,1.4826934785165546,1.8867610659551775,1.6237122298212505,1.7686669942841708,1.598713197777236,1.4826934785165546,1.2981847894320035,1.216031341517281,1.2449550609061437,1.256101256645768
2022-05-24,1.8628668528909167,1.6103099519290387,1.7532599395784065,1.5953160171614746,1.4814454200329548,1.8628668528909167,1.6103099519290387,1.7532599395784065,1.5953160171614746,1.4814454200329548,1.289807584131821,1.2085672291092884,1.2380289384344638,1.250685344665585
2022-05-25,1.8543253920598737,1.6070609524222559,1.748857923948188,1.5898805281762567,1.4817574346538547,1.8543253920598737,1.6070609524222559,1.748857923948188,1.5898805281762567,1.4817574346538547,1.28809247632408,1.2100105878491154,1.2399010844407787,1.2512150164699416
2022-05-26,1.8609023074266733,1.608279296251953,1.7447703380058424,1.5953160171614746,1.4851895954837542,1.8609023074266733,1.608279296251953,1.7447703380058424,1.5953160171614746,1.4851895954837542,1.2968905476943078,1.220113573944617,1.2489884125149164,1.260156901832015
2022-05-27,1.8723399983499627,1.6168080748839908,1.7548320880177701,1.601430942269845,1.492053917143553,1.8723399983499627,1.6168080748839908,1.7548320880177701,1.601430942269845,1.492053917143553,1.3057155646986103,1.2248386061700924,1.2534985699284313,1.263737283145433
2022-05-30,1.9087270642785932,1.6452372543631921,1.7944502286897355,1.6184168453486512,1.503286443495951,1.9087270642785932,1.6452372543631921,1.7944502286897355,1.6184168453486512,1.503286443495951,1.3125580526998393,1.2332126385454696,1.2645363881207485,1.2714867480444603
2022-05-31,1.8998315193855742,1.6367084757311545,1.7872183458686624,1.606866431255063,1.4933019756271526,1.8998315193855742,1.6367084757311545,1.7872183458686624,1.606866431255063,1.4933019756271526,1.3051374849318071,1.225368759253639,1.2555814810082269,1.2656566968449021
2022-06-01,1.9299492624131884,1.6606701879324897,1.799795533383572,1.6408382374126753,1.5198232184036482,1.9299492624131884,1.6606701879324897,1.799795533383572,1.6408382374126753,1.5198232184036482,1.3205374584150782,1.2403434044266126,1.2719906209505456,1.2809426556714854
2022-06-02,1.9206904940160714,1.6501107536233666,1.7963368068169718,1.6408382374126753,1.5201352330245481,1.9206904940160714,1.6501107536233666,1.7963368068169718,1.6408382374126753,1.5201352330245481,1.3220706303641487,1.2421695550618335,1.272829176206955,1.2815473802352622
2022-06-03,1.9298990409306072,1.6557966886723157,1.818032455280191,1.632005567811696,1.5198232184036482,1.9298990409306072,1.6557966886723157,1.818032455280191,1.632005567811696,1.5198232184036482,1.3137663817595746,1.2351738820123672,1.2663399243951157,1.2737604372451852
2022-06-06,1.939634752419774,1.6602640320087958,1.829980783419355,1.6415176735358274,1.5251274669589474,1.939634752419774,1.6602640320087958,1.829980783419355,1.6415176735358274,1.5251274669589474,1.322602196578044,1.2425149994721338,1.273524655322857,1.2817033329655048
2022-06-07,1.9457474428338346,1.6659499670577447,1.8318673615465915,1.646273726397893,1.5363599933113454,1.9457474428338346,1.6659499670577447,1.8318673615465915,1.646273726397893,1.5363599933113454,1.3325772639741111,1.251303248418463,1.2828637470584916,1.290563951448096
2022-06-08,1.9679858349641492,1.686662555810911,1.8488465646917194,1.6619007572303945,1.5494646073891432,1.9679858349641492,1.686662555810911,1.8488465646917194,1.6619007572303945,1.5494646073891432,1.3322647677602633,1.2550951783458901,1.2930250273475559,1.2945233830564007
2022-06-09,1.9674749284913007,1.6854442119812139,1.8507331428189557,1.6673362462156123,1.5485285635264434,1.9674749284913007,1.6854442119812139,1.8507331428189557,1.6673362462156123,1.5485285635264434,1.3288741016738994,1.2539742355286785,1.2896184962047899,1.293603340018479
2022-06-10,1.9430449144524344,1.6627008436095756,1.8236921896619,1.6564652682451764,1.5363599933113454,1.9430449144524344,1.6627008436095756,1.8236921896619,1.6564652682451764,1.5363599933113454,1.3200336114488174,1.2441598522289623,1.2774028700988338,1.2840129541299017
2022-06-13,1.9108634406369835,1.6273675091931143,1.769295853659916,1.632685003934848,1.5229433646126476,1.9108634406369835,1.6273675091931143,1.769295853659916,1.632685003934848,1.5229433646126476,1.3128412066187947,1.2365744871995161,1.2662466874575362,1.2761979869823659
2022-06-14,1.8954852864989016,1.607873140328259,1.7460280567573332,1.6129813563634328,1.5132709113647491,1.8954852864989016,1.607873140328259,1.7460280567573332,1.6129813563634328,1.5132709113647491,1.3028116559078233,1.227082179597957,1.255569968704866,1.2656530639427357
2022-06-15,1.8722757188411967,1.5871604276337068,1.7277911348607142,1.6041486867624537,1.5079666628094501,1.8722757188411967,1.5871604276337068,1.7277911348607142,1.6041486867624537,1.5079666628094501,1.2947554150154568,1.2176953336054819,1.2443710989807972,1.2555530705725184
2022-06-16,1.8803164246496906,1.5989383297139133,1.7321931504909327,1.6170579731023464,1.5163910575737487,1.8803164246496906,1.5989383297139133,1.7321931504909327,1.6170579731023464,1.5163910575737487,1.3016582911434738,1.2269926837031,1.2542764395543338,1.2652376577529647
2022-06-17,1.8528918354655728,1.5709151822170204,1.7023223301430221,1.5946365810383223,1.4992302534242516,1.8528918354655728,1.5709151822170204,1.7023223301430221,1.5946365810383223,1.4992302534242516,1.2855353102219285,1.212316211740635,1.2396657026917928,1.249894721986184
2022-06-20,1.830276897383549,1.5587312481545057,1.6878585645008761,1.5790095502058206,1.4795733323075548,1.830276897383549,1.5587312481545057,1.6878585645008761,1.5790095502058206,1.4795733323075548,1.2653614774470798,1.1940122914205298,1.2180477909287877,1.2332297640854872
2022-06-21,1.8677966326581812,1.5887850513284845,1.7202448223517683,1.610263611870824,1.50827867743035,1.8677966326581812,1.5887850513284845,1.7202448223517683,1.610263611870824,1.50827867743035,1.2838021568018905,1.2125289829365915,1.2395973629303008,1.2492909166681692
2022-06-22,1.8602986890596613,1.58594208380401,1.7152139473458043,1.6082253035013672,1.5042224873586507,1.8602986890596613,1.58594208380401,1.7152139473458043,1.6082253035013672,1.5042224873586507,1.2819548703268142,1.2104873419118916,1.2323244576427175,1.247349523801701
2022-06-23,1.865784052067367,1.58594208380401,1.7152139473458043,1.6109430479939761,1.5007903265287514,1.865784052067367,1.58594208380401,1.7152139473458043,1.6109430479939761,1.5007903265287514,1.2845971585591869,1.2116712242869196,1.2295634991196658,1.2511230588581863
2022-06-24,1.8896905498098238,1.5985321737902192,1.7359663067454054,1.6075458673782148,1.4914298879017531,1.8896905498098238,1.5985321737902192,1.7359663067454054,1.6075458673782148,1.4914298879017531,1.2752071907794982,1.2041899521999264,1.2243750658849026,1.242556713140935
2022-06-27,1.9076671117814654,1.617620262789994,1.7614351114630975,1.6177374092254986,1.5029744288750513,1.9076671117814654,1.617620262789994,1.7614351114630975,1.6177374092254986,1.5029744288750513,1.2876151755484837,1.213012639713913,1.2364452305455984,1.2514460641293084
2022-06-28,1.9288907466580245,1.6322410084532888,1.7714968614750253,1.6367616206737614,1.522943364612648,1.9288907466580245,1.6322410084532888,1.7714968614750253,1.6367616206737614,1.522943364612648,1.31323644621879,1.235319407012212,1.2574541651966884,1.2745713501633045
2022-06-29,1.9254998625016295,1.620869386238163,1.75829081458437,1.6292878233190866,1.5185751599200488,1.9254998625016295,1.620869386238163,1.75829081458437,1.6292878233190866,1.5185751599200488,1.3036668328358032,1.2273924603803101,1.250830239849077,1.2658330477441875
2022-06-30,1.9084054620251631,1.6038118289740877,1.7299921426758234,1.610943047993976,1.5060945750840509,1.9084054620251631,1.6038118289740877,1.7299921426758234,1.610943047993976,1.5060945750840509,1.2944625448554656,1.219280061524641,1.2401341521585498,1.2571999726107295
2022-07-01,1.8837461195004026,1.5810684606024497,1.7023223301430221,1.5959954532846266,1.488309741692754,1.8837461195004026,1.5810684606024497,1.7023223301430221,1.5959954532846266,1.488309741692754,1.2857015079892413,1.2066456055426302,1.222875735760204,1.2440571244812249
2022-07-04,1.9048750462303667,1.6034056730503936,1.717414955160914,1.616378536979194,1.5017263703914518,1.9048750462303667,1.6034056730503936,1.717414955160914,1.616378536979194,1.5017263703914518,1.2919614594835704,1.2159679067906228,1.2355010308046686,1.2538013395348149
2022-07-05,1.9121405437242514,1.6111222637764286,1.7325075801788055,1.6190962814718028,1.5089027066721508,1.9121405437242514,1.6111222637764286,1.7325075801788055,1.6190962814718028,1.5089027066721508,1.3023858853515844,1.2257236167495749,1.2447673133941468,1.2654294045435905
2022-07-06,1.895591865592676,1.5916278949115734,1.7142706582821865,1.5898805281762562,1.4798853469284554,1.895591865592676,1.5916278949115734,1.7142706582821865,1.5898805281762562,1.4798853469284554,1.2711000618782853,1.1946991349377798,1.210971658225098,1.2324375451284426
2022-07-07,1.9110303759123848,1.5757888054185814,1.7089253535883497,1.6095841757476712,1.488060129996034,1.9110303759123848,1.5757888054185814,1.7089253535883497,1.6095841757476712,1.488060129996034,1.2803229980657336,1.2042457187316145,1.219533407599594,1.2420999085881406
2022-07-08,1.918687798746328,1.6187574299691625,1.745210539568864,1.6224934620875637,1.4974504968239435,1.918687798746328,1.6187574299691625,1.745210539568864,1.6224934620875637,1.4974504968239435,1.2837892964267237,1.2075062816809323,1.2247855343394536,1.2477144194896124
2022-07-11,1.9451643491728843,1.6428746224391193,1.7570565843246975,1.6408382374126744,1.518735328300538,1.9451643491728843,1.6428746224391193,1.7570565843246975,1.6408382374126744,1.518735328300538,1.308666451953334,1.2297012883673704,1.2461990811721455,1.270118142118711
2022-07-12,1.9103082853779647,1.6150151441933,1.7279217174927828,1.625890642703325,1.4983895335067345,1.9103082853779647,1.6150151441933,1.7279217174927828,1.625890642703325,1.4983895335067345,1.2941478145374006,1.2178520638774408,1.2332510234463987,1.2561525625054129
2022-07-13,1.918143744696868,1.620836491721959,1.7365661285308234,1.6245317704570206,1.5005806190999136,1.918143744696868,1.620836491721959,1.7365661285308234,1.6245317704570206,1.5005806190999136,1.295609555172983,1.2197908031273563,1.2347841826059147,1.2582692252366978
2022-07-14,1.9248138451808412,1.6220840049111522,1.747451683171319,1.623172898210716,1.495572423458362,1.9248138451808412,1.6220840049111522,1.747451683171319,1.623172898210716,1.495572423458362,1.2898608662021238,1.214167474126332,1.2303284378912807,1.2528423763099534
2022-07-15,1.9208689794755514,1.6212523294516898,1.7573767476964766,1.6218140259644116,1.483677958809677,1.9208689794755514,1.6212523294516898,1.7573767476964766,1.6218140259644116,1.483677958809677,1.2774046380459616,1.2045682554205872,1.2209421243068213,1.2413124117535133
2022-07-19,1.9321590215874986,1.6316476382156733,1.7679421389651926,1.6299672594422387,1.4993285701895258,1.9321590215874986,1.6316476382156733,1.7679421389651926,1.6299672594422387,1.4993285701895258,1.2866910353196932,1.2115999881211283,1.2285912643847547,1.2503737985503733
2022-07-20,1.9708471107588397,1.6674075257429484,1.8143658278731885,1.6578241404914806,1.5209264138937175,1.9708471107588397,1.6674075257429484,1.8143658278731885,1.6578241404914806,1.5209264138937175,1.3078827607253984,1.2290765562114145,1.2464801869466844,1.2692475488290929
2022-07-21,1.9835449652475203,1.6711498115188106,1.8220497487958913,1.6571447043683285,1.5221784628041053,1.9835449652475203,1.6711498115188106,1.8220497487958913,1.6571447043683285,1.5221784628041053,1.3158730183482057,1.2338473998701427,1.2496808595714115,1.2729636274751277
2022-07-22,1.9886177135573713,1.6761396104838664,1.8297336697185942,1.6517092153831106,1.5187353283005385,1.9886177135573713,1.6761396104838664,1.8297336697185942,1.6517092153831106,1.5187353283005385,1.3137232860306731,1.2304795676177829,1.245717953325931,1.2690610042701895
2022-07-25,1.980916943931753,1.6640810776968171,1.8162868081038643,1.6517092153831106,1.5212394261213142,1.980916943931753,1.6640810776968171,1.8162868081038643,1.6517092153831106,1.5212394261213142,1.3106311747751929,1.2298753183307434,1.2446366304122416,1.2691911974940289
2022-07-26,1.9862862988405574,1.6644967885306898,1.813405337757851,1.6551063959988719,1.526247621762866,1.9862862988405574,1.6644967885306898,1.813405337757851,1.6551063959988719,1.526247621762866,1.319514878114874,1.2363957946974893,1.2491219433820533,1.2767332487787126
2022-07-27,1.9837216519427454,1.6674075257429486,1.8172472982192025,1.653068087629415,1.5240565361696872,1.9837216519427454,1.6674075257429486,1.8172472982192025,1.653068087629415,1.5240565361696872,1.3160096125036107,1.2346466851626077,1.2476793769588188,1.274348373530874
2022-07-28,1.991560843120515,1.6690707497660142,1.8236505656547881,1.6428765457821313,1.5256215973076719,1.991560843120515,1.6690707497660142,1.8236505656547881,1.6428765457821313,1.5256215973076719,1.3185201436063738,1.2387347254089085,1.2553876640605217,1.277781287535129
2022-07-29,1.9820138413888497,1.6620020159440207,1.8236505656547881,1.6306466955653909,1.5146661693417778,1.9820138413888497,1.6620020159440207,1.8236505656547881,1.6306466955653909,1.5146661693417778,1.305132853014776,1.2282142840332761,1.245313954562995,1.2691131422446889
2022-08-01,2.0079929160821828,1.6790502208002671,1.8351764470388423,1.6408382374126746,1.526560633990463,2.0079929160821828,1.6790502208002671,1.8351764470388423,1.6408382374126746,1.526560633990463,1.3158023919043922,1.2367591220804497,1.256050289493349,1.2777024875750358
2022-08-02,1.97910593034617,1.652438255743641,1.8095633772964999,1.614340228609737,1.5059018269690623,1.97910593034617,1.652438255743641,1.8095633772964999,1.614340228609737,1.5059018269690623,1.2987954629063454,1.2201618382992592,1.2383011324754125,1.2597258890239562
2022-08-03,1.9775119022955767,1.6536857689328341,1.8201287685652163,1.6102636118708236,1.5024586924654955,1.9775119022955767,1.6536857689328341,1.8201287685652163,1.6102636118708236,1.5024586924654955,1.2861812339410745,1.2132879563500825,1.2317147247863294,1.2506190088733284
2022-08-04,1.9828655807125284,1.6545173174964378,1.8310143232057117,1.5966748894077787,1.49369435009278,1.9828655807125284,1.6545173174964378,1.8310143232057117,1.5966748894077787,1.49369435009278,1.279811651188374,1.204085461953768,1.2216077730032133,1.240772052023643
2022-08-05,1.9983904390534526,1.669902425225477,1.8473426551664551,1.611622484117128,1.4968244723687498,1.9983904390534526,1.669902425225477,1.8473426551664551,1.611622484117128,1.4968244723687498,1.2822225788050219,1.2059604610586467,1.2235952034641469,1.2418048908430652
2022-08-08,2.0007459611706295,1.6719814869782736,1.8521451057431444,1.581047858575277,1.509657973700226,2.0007459611706295,1.6719814869782736,1.8521451057431444,1.581047858575277,1.509657973700226,1.2846419145163401,1.2100815134391427,1.229406641537968,1.246723855252526
2022-08-09,1.9941950263265782,1.6615861782142902,1.8364571005259596,1.6048281228856054,1.5024586924654955,1.9941950263265782,1.6615861782142902,1.8364571005259596,1.6048281228856054,1.5024586924654955,1.2729502766740741,1.2000346914319218,1.2206875515493147,1.2361460211356483
2022-08-10,1.9876695320257236,1.6565963792492344,1.8252513825136847,1.6062157823087664,1.5077799003346442,1.9876695320257236,1.6565963792492344,1.8252513825136847,1.6062157823087664,1.5077799003346442,1.2746406347621158,1.2021374629535106,1.2240975327949024,1.2382073959063358
2022-08-12,2.0246979787614445,1.6923562667765093,1.871034744678122,1.6291121627909215,1.5303167807216267,2.0246979787614445,1.6923562667765093,1.871034744678122,1.6291121627909215,1.5303167807216267,1.290341261332602,1.2175602719431584,1.246556503564624,1.2543135873467728
2022-08-15,2.027821802538338,1.7023357378107618,1.8937663440744508,1.6422949273109504,1.5368900375011634,2.027821802538338,1.7023357378107618,1.8937663440744508,1.6422949273109504,1.5368900375011634,1.2907212533235912,1.2171398153653736,1.245221869474659,1.253184098319974
2022-08-16,2.029825221981327,1.6985934520348995,1.8928058539591128,1.6346628004835653,1.5253085850800752,2.029825221981327,1.6985934520348995,1.8928058539591128,1.6346628004835653,1.5253085850800752,1.28580759421526,1.2134470375724182,1.2402784121087986,1.2494655955194547
2022-08-17,2.0513373623418114,1.7193840695628664,1.9148971266118833,1.6617221592352032,1.5503495632878332,2.0513373623418114,1.7193840695628664,1.9148971266118833,1.6617221592352032,1.5503495632878332,1.3031779754499513,1.2290218338832575,1.2580297689456725,1.264811317915378
2022-08-18,2.041379054284734,1.7064938613163552,1.8972881411640228,1.655477691830979,1.5425242575979088,2.041379054284734,1.7064938613163552,1.8972881411640228,1.655477691830979,1.5425242575979088,1.29958223062593,1.2263997758374992,1.2553909966821644,1.262179114011623
2022-08-19,2.0463626456759254,1.7094045985286141,1.896327651048685,1.6582530106773008,1.5497235388326394,2.0463626456759254,1.7094045985286141,1.896327651048685,1.6582530106773008,1.5497235388326394,1.305410069365257,1.230862520236063,1.2619611056655835,1.2674326280241794
2022-08-22,2.0403720717153337,1.7077413745055483,1.8873630766388652,1.6631098186583642,1.5525406488810123,2.0403720717153337,1.7077413745055483,1.8873630766388652,1.6631098186583642,1.5525406488810123,1.3093025378136147,1.236283787284597,1.2651068307011817,1.2741297091055352
2022-08-23,2.0272720408455775,1.6894455295642505,1.8662322941014327,1.654090032407818,1.5447153431910878,2.0272720408455775,1.6894455295642505,1.8662322941014327,1.654090032407818,1.5447153431910878,1.2990258105291435,1.2264306848869742,1.2549725426352947,1.2656773304304234
2022-08-24,2.0314628817702385,1.686119081518119,1.8582282098069507,1.654090032407818,1.5475324532394608,2.0314628817702385,1.686119081518119,1.8582282098069507,1.654090032407818,1.5475324532394608,1.306647241147105,1.2358346567849967,1.2648862120147506,1.2744968016721776
2022-08-25,2.0425764092485883,1.693603653069844,1.8691137644474463,1.6582530106773008,1.558174868977758,2.0425764092485883,1.693603653069844,1.8691137644474463,1.6582530106773008,1.558174868977758,1.3116230324590334,1.2404955262297264,1.2707149952597496,1.2794634451521534
2022-08-26,2.044429304116113,1.6973460657415644,1.8764775219983698,1.6617221592352032,1.555983783384579,2.044429304116113,1.6973460657415644,1.8764775219983698,1.6617221592352032,1.555983783384579,1.3108558554536462,1.2418048760387432,1.2709282270358289,1.2806319957354078
2022-08-29,2.012875655276462,1.666160139449614,1.8297336697185946,1.6471517352920135,1.5478454654670577,2.012875655276462,1.666160139449614,1.8297336697185946,1.6471517352920135,1.5478454654670577,1.303232158938451,1.233488442724197,1.2620158696308286,1.2723760047489279
2022-08-30,2.037197490331382,1.6890298187303776,1.8511846156278067,1.667272796927847,1.5622440279365186,2.037197490331382,1.6890298187303776,1.8511846156278067,1.667272796927847,1.5622440279365186,1.315714795616705,1.245476069259087,1.2744963912410132,1.2841467022534176
2022-08-31,2.0329727663436277,1.6998408383282337,1.8438208580768833,1.6596406701004618,1.5556707711569822,2.0329727663436277,1.6998408383282337,1.8438208580768833,1.6596406701004618,1.5556707711569822,1.3053194511260733,1.234694141631149,1.264547891625908,1.27278791020552
2022-09-01,2.0061880850573597,1.6603386650250964,1.815966644732086,1.6395196084646284,1.5368900375011636,2.0061880850573597,1.6603386650250964,1.815966644732086,1.6395196084646284,1.5368900375011636,1.2960982305194306,1.2243455445757414,1.2539650024552016,1.2610826590816766
2022-09-02,1.9973548995449348,1.656180541519503,1.8134053377578516,1.6409072678877894,1.5372030497287605,1.9973548995449348,1.656180541519503,1.8134053377578516,1.6409072678877894,1.5372030497287605,1.294613051203157,1.2217524056953042,1.2519033856855137,1.257491054287099
2022-09-05,1.9957576528805094,1.6532699312031027,1.8130851743860723,1.6381319490414676,1.5309428051768208,1.9957576528805094,1.6532699312031027,1.8130851743860723,1.6381319490414676,1.5309428051768208,1.2957993886897108,1.2220171139737537,1.2527945840491552,1.260444934030613
2022-09-06,1.9978034846481378,1.6532699312031027,1.8124448476425137,1.6374381193298873,1.5337599152251937,1.9978034846481378,1.6532699312031027,1.8124448476425137,1.6374381193298873,1.5337599152251937,1.299568166739743,1.2242963306590826,1.2564094890647797,1.2617147360331593
2022-09-07,1.9834710971948493,1.6445378464621847,1.7999584761431218,1.6367442896183069,1.53000376849403,1.9834710971948493,1.6445378464621847,1.7999584761431218,1.6367442896183069,1.53000376849403,1.2937072323757015,1.2184744355329775,1.2502880928286935,1.2554901620208612
2022-09-08,2.021361753535151,1.6794660585299974,1.8406192243590904,1.6617221592352036,1.5503495632878337,2.021361753535151,1.6794660585299974,1.8406192243590904,1.6617221592352036,1.5503495632878337,1.3172555461736934,1.239363086410575,1.271105446607248,1.275307598201563
2022-09-09,2.0358074768138117,1.6873664678114533,1.8524652691149237,1.6714357751973299,1.5644351135296977,2.0358074768138117,1.6873664678114533,1.8524652691149237,1.6714357751973299,1.5644351135296977,1.322851507588853,1.2449138373692679,1.2782159023583066,1.2814616434822708
2022-09-12,2.0507571719503312,1.6981776143051677,1.8716750714216808,1.6728234346204907,1.5681912602608614,2.0507571719503312,1.6981776143051677,1.8716750714216808,1.6728234346204907,1.5681912602608614,1.3255757726157897,1.2477510998422707,1.2797444948966286,1.2843564580487876
2022-09-13,2.0566320666002267,1.7027515755404923,1.8774380121137078,1.6755987534668124,1.5663131868952795,2.0566320666002267,1.7027515755404923,1.8774380121137078,1.6755987534668124,1.5663131868952795,1.3279593043563307,1.250943177485151,1.2808616242982152,1.287389745383964
2022-09-14,2.0238379977921968,1.6699024252254762,1.8271723627443606,1.6575591809657204,1.5503495632878335,2.0238379977921968,1.6699024252254762,1.8271723627443606,1.6575591809657204,1.5503495632878335,1.3161398905360724,1.2379789002373807,1.2665667332390214,1.2733830457532034
2022-09-15,2.0263465492961887,1.6711498115188106,1.8303739964621533,1.6596406701004616,1.5490975143774455,2.0263465492961887,1.6711498115188106,1.8303739964621533,1.6596406701004616,1.5490975143774455,1.3177230212876048,1.2387899362611576,1.2679295044357912,1.2744402659842378
2022-09-16,2.0135321977374914,1.6620020159440203,1.8089230505529414,1.6533962026962374,1.555044746701788,2.0135321977374914,1.6620020159440203,1.8089230505529414,1.6533962026962374,1.555044746701788,1.319602090948327,1.2405873036928814,1.2693029265449327,1.2780193505454887
2022-09-20,2.0255842356154505,1.6707339737890796,1.8172472982192027,1.6700481157741685,1.5600529423433398,2.0255842356154505,1.6707339737890796,1.8172472982192027,1.6700481157741685,1.5600529423433398,1.3273625667240831,1.248368870141781,1.278146453998281,1.2853927097376299
2022-09-21,2.0028782323560526,1.64952764542724,1.7929148819639773,1.6492332244267547,1.5481584776946546,2.0028782323560526,1.64952764542724,1.7929148819639773,1.6492332244267547,1.5481584776946546,1.3169020466194121,1.2356623870004797,1.2654963575449765,1.2725755397316387
2022-09-22,1.9980390604378224,1.6437061710027228,1.783630144182378,1.647845565003594,1.545028355418685,1.9980390604378224,1.6437061710027228,1.783630144182378,1.647845565003594,1.545028355418685,1.3158557337090555,1.2363028276223496,1.2660123654485202,1.273124895803006
2022-09-26,1.9519299756590185,1.6012933873831854,1.7352854750437066,1.601358974327703,1.4946333867755714,1.9519299756590185,1.6012933873831854,1.7352854750437066,1.601358974327703,1.4946333867755714,1.279956194676115,1.2027236602321036,1.2307303923430624,1.2399919855385546
2022-09-27,1.9612294866181876,1.6058673486185098,1.7423290692228508,1.6110725902898293,1.4949463990031684,1.9612294866181876,1.6058673486185098,1.7423290692228508,1.6110725902898293,1.4949463990031684,1.2835859101282339,1.2115580627955829,1.236460208466602,1.245731289383183
2022-09-28,1.9488929812565978,1.5900664031597398,1.7147950192498327,1.5888700395192545,1.471470481933395,1.9488929812565978,1.5900664031597398,1.7147950192498327,1.5888700395192545,1.471470481933395,1.2725216876086087,1.2054998430701716,1.2294324139616866,1.2364657723231627
2022-09-29,1.9857098691793977,1.6224998426408834,1.7506533168891123,1.6200923765403752,1.501832668010302,1.9857098691793977,1.6224998426408834,1.7506533168891123,1.6200923765403752,1.501832668010302,1.3004825278882903,1.2298057647820737,1.2529369573135956,1.2628065004519222
2022-09-30,1.9593984442849668,1.589650565430009,1.71159338553204,1.5930330177887373,1.4839909710372743,1.9593984442849668,1.589650565430009,1.71159338553204,1.5930330177887373,1.4839909710372743,1.2829344757837886,1.2162853319816471,1.2380308911247635,1.2465072134692967
2022-10-03,1.9624541153334267,1.6012933873831858,1.7333644948130311,1.6020528040392832,1.4855560321752592,1.9624541153334267,1.6012933873831858,1.7333644948130311,1.6020528040392832,1.4855560321752592,1.2786670402839766,1.2106276281071486,1.2315509804178704,1.2437661868613188
2022-10-04,2.0195397511494018,1.652438255743641,1.785551124413054,1.6464579055804327,1.5306297929492243,2.0195397511494018,1.652438255743641,1.785551124413054,1.6464579055804327,1.5306297929492243,1.3202422881927063,1.2490649577592035,1.26928904670624,1.2826958633833716
2022-10-05,2.021981092187489,1.6582596032723003,1.793555208707536,1.6492332244267545,1.5256215973076726,2.021981092187489,1.6582596032723003,1.793555208707536,1.6492332244267545,1.5256215973076726,1.3207812792367972,1.2482950352270112,1.2683533539973995,1.281719178197409
2022-10-06,2.034255345588929,1.6649126262604215,1.806361743578707,1.65755918096572,1.5090319492450326,2.034255345588929,1.6649126262604215,1.806361743578707,1.65755918096572,1.5090319492450326,1.3287870729381468,1.2578737228282661,1.2774352702686,1.2903245629687017
2022-10-07,2.021187299295949,1.654101479766707,1.7935552087075357,1.643682586734111,1.5215524383489116,2.021187299295949,1.654101479766707,1.7935552087075357,1.643682586734111,1.5215524383489116,1.3227937167428747,1.2550107454780406,1.2732665913464398,1.285710037760804
2022-10-11,1.987373814131123,1.6224998426408839,1.7474516831713192,1.6325813113488237,1.5075611515594962,1.987373814131123,1.6224998426408839,1.7474516831713192,1.6325813113488237,1.5075611515594962,1.3086752399974415,1.2432325104839752,1.259669174407463,1.2727793759335577
2022-10-12,1.9806879339963948,1.6200049431583563,1.7468113564277608,1.6235615250982778,1.5231423573022542,1.9806879339963948,1.6200049431583563,1.7468113564277608,1.6235615250982778,1.5231423573022542,1.299338701210288,1.2383499226999473,1.2547335471531769,1.2668034981488672
2022-10-13,1.9629833776435517,1.6083621212051797,1.7359258017872652,1.619398546828795,1.4938878485607496,1.9629833776435517,1.6083621212051797,1.7359258017872652,1.619398546828795,1.4938878485607496,1.2902159131273578,1.2307465603339296,1.2472677901405376,1.2581330865933493
2022-10-14,2.004154897725168,1.6441220087324546,1.792914881963977,1.6485393947151745,1.519962519395569,2.004154897725168,1.6441220087324546,1.792914881963977,1.6485393947151745,1.519962519395569,1.3151354384441933,1.2518347717698977,1.2683645529317331,1.2800295130533037
2022-10-17,1.9885698664827423,1.6295685764628778,1.7717840994265446,1.6395196084646284,1.5120129246288556,1.9885698664827423,1.6295685764628778,1.7717840994265446,1.6395196084646284,1.5120129246288556,1.3085743276782,1.2440927484545226,1.2606599994596102,1.2714481037893894
2022-10-18,2.013607875985035,1.6474485836744444,1.7977173325406663,1.6443764164456915,1.5190085680235632,2.013607875985035,1.6474485836744444,1.7977173325406663,1.6443764164456915,1.5190085680235632,1.321110715494571,1.2563714841854787,1.2727746634595825,1.2860387745854631
2022-10-19,2.0191274480394323,1.6516067071800375,1.8028399464891347,1.646457905580433,1.5240963086742598,2.0191274480394323,1.6516067071800375,1.8028399464891347,1.646457905580433,1.5240963086742598,1.323731243819447,1.25689762725442,1.275131307049811,1.2901249489842546
2022-10-20,2.006240758832429,1.6441220087324542,1.7868317779001706,1.6429887570225306,1.5237783248835912,2.006240758832429,1.6441220087324542,1.7868317779001706,1.6429887570225306,1.5237783248835912,1.3197409392441724,1.2520138548624176,1.2697904130064193,1.2859427285507223
2022-10-21,1.992792331842997,1.6320634759454051,1.7788276936056884,1.6360504599067258,1.509787038094176,1.992792331842997,1.6320634759454051,1.7788276936056884,1.6360504599067258,1.509787038094176,1.3100861996159558,1.2423177196136628,1.2596462829825203,1.2760003787621639
2022-10-24,1.9948963849831167,1.6366374371807295,1.7845906342977154,1.6374381193298868,1.5120129246288558,1.9948963849831167,1.6366374371807295,1.7845906342977154,1.6374381193298868,1.5120129246288558,1.3105291132697836,1.2436942954824035,1.2604236591989184,1.2757214990052672
2022-10-25,2.010396937205999,1.6524382557436406,1.8018794563737968,1.65755918096572,1.5364976765103326,2.010396937205999,1.6524382557436406,1.8018794563737968,1.65755918096572,1.5364976765103326,1.3241741011489832,1.2530106438962973,1.2694808755329672,1.2870087873034737
2022-10-26,2.0203925025459695,1.6611703404845584,1.8137255011296303,1.665191307793105,1.534271789975653,2.0203925025459695,1.6611703404845584,1.8137255011296303,1.665191307793105,1.534271789975653,1.332288663518647,1.2611769032349724,1.276926585957849,1.2942086509013893
2022-10-27,2.0085113184063763,1.6520224180139096,1.807642397065824,1.6443764164456913,1.5164646976982155,2.0085113184063763,1.6520224180139096,1.807642397065824,1.6443764164456913,1.5164646976982155,1.312753074681074,1.2449210682308545,1.2619216501140427,1.2795398895928578
2022-10-28,2.0003194916432006,1.643706171002723,1.7938753720793148,1.6374381193298868,1.5075611515594967,2.0003194916432006,1.643706171002723,1.7938753720793148,1.6374381193298868,1.5075611515594967,1.3106864969253325,1.242851092461253,1.2577398562449262,1.2755649627287524
2022-10-31,2.028341608668232,1.669070749766014,1.8239707290265672,1.655477691830979,1.5279121141622825,2.028341608668232,1.669070749766014,1.8239707290265672,1.655477691830979,1.5279121141622825,1.3342757556260152,1.2628319595962778,1.2784418393941896,1.29610759226238
2022-11-01,2.0313760717394858,1.6798818962597286,1.8294135063468149,1.6755987534668124,1.5352257413476587,2.0313760717394858,1.6798818962597286,1.8294135063468149,1.6755987534668124,1.5352257413476587,1.3240212953514086,1.2602266599901557,1.2819261025337823,1.2929535897281166
2022-11-02,2.0293858720492595,1.6798818962597286,1.8310143232057112,1.6811493911594562,1.5469911416023943,2.0293858720492595,1.6798818962597286,1.8310143232057112,1.6811493911594562,1.5469911416023943,1.321658966656103,1.2584715464262772,1.2860908888893092,1.2920435022743373
2022-11-04,2.009150623828367,1.6582596032722996,1.7989979860277832,1.6707419454857493,1.5339538061849844,2.009150623828367,1.6582596032722996,1.7989979860277832,1.6707419454857493,1.5339538061849844,1.3222833907808287,1.2542007814245268,1.2779289218385905,1.2894730131607632
2022-11-07,2.0239988139067933,1.6744763864608005,1.8214094220523331,1.6846185397173588,1.5415854171610293,2.0239988139067933,1.6744763864608005,1.8214094220523331,1.6846185397173588,1.5415854171610293,1.322625357071449,1.2551372481562306,1.280231414406534,1.291382592419489
2022-11-08,2.0427180186589324,1.6973460657415642,1.8431805313333243,1.7109840687574163,1.560664444601141,2.0427180186589324,1.6973460657415642,1.8431805313333243,1.7109840687574163,1.560664444601141,1.332500046697101,1.2642136140333398,1.290829508070832,1.3013587649765377
2022-11-09,2.0409881855131844,1.6890298187303774,1.8335756301799457,1.7068210904879335,1.560028477019804,2.0409881855131844,1.6890298187303774,1.8335756301799457,1.7068210904879335,1.560028477019804,1.3293421377327999,1.263221415688069,1.2931497393837177,1.2995505869854218
2022-11-10,2.0317572287048065,1.6794660585299974,1.8162868081038646,1.6957198151026462,1.5609824283918097,2.0317572287048065,1.6794660585299974,1.8162868081038646,1.6957198151026462,1.5609824283918097,1.3295355822303816,1.2657916836102385,1.2975729394563857,1.3020556592894006
2022-11-11,2.059381465375166,1.7143942705978104,1.8697540911910047,1.7109840687574163,1.5581205742757929,2.059381465375166,1.7143942705978104,1.8697540911910047,1.7109840687574163,1.5581205742757929,1.3355672341371485,1.265853565962572,1.2971083123792,1.2987185083798427
2022-11-14,2.040043242875473,1.7031674132702235,1.8511846156278062,1.6853123694289391,1.539041546835681,2.040043242875473,1.7031674132702235,1.8511846156278062,1.6853123694289391,1.539041546835681,1.3111437613991503,1.2439096026798993,1.2721857814247766,1.2749948390119592
2022-11-15,2.0486091275190565,1.7023357378107613,1.8521451057431442,1.6922506665447437,1.5457192064397203,2.0486091275190565,1.7023357378107613,1.8521451057431442,1.6922506665447437,1.5457192064397203,1.318374443994328,1.246337399458311,1.2750825682788998,1.2802188645904273
2022-11-16,2.051966381860438,1.7039989618338272,1.8601491900376261,1.6811493911594562,1.5441292874863777,2.051966381860438,1.7039989618338272,1.8601491900376261,1.6811493911594562,1.5441292874863777,1.3216902259405015,1.2484537811514076,1.2728034361386191,1.284895442313455
2022-11-17,2.0626227557813412,1.706909699046086,1.8479829819100133,1.6894753476984217,1.5479450929744,2.0626227557813412,1.706909699046086,1.8479829819100133,1.6894753476984217,1.5479450929744,1.32746123402978,1.2546024112946248,1.2780950298181033,1.2904152846109673
2022-11-18,2.0664458146790885,1.7052464750230203,1.845101511564,1.6998827933721286,1.5558946877411133,2.0664458146790885,1.7052464750230203,1.845101511564,1.6998827933721286,1.5558946877411133,1.3325812528338044,1.2602853019465843,1.2856273707039068,1.298451984299758
2022-11-21,2.075367283589454,1.7102361470922172,1.848623308653572,1.703351941930031,1.561300412182478,2.075367283589454,1.7102361470922172,1.848623308653572,1.703351941930031,1.561300412182478,1.3389694498498348,1.2661449976460077,1.2887321198489141,1.3058029215902391
2022-11-22,2.0943901215516614,1.7297793783268496,1.8614298435247432,1.7262483224121863,1.5854671802732863,2.0943901215516614,1.7297793783268496,1.8614298435247432,1.7262483224121863,1.5854671802732863,1.3593627643519532,1.2843034301944574,1.3067675361895927,1.3286609898536075
2022-11-24,2.122503699311861,1.748906771831751,1.8771178487419278,1.7449817246248587,1.601048386016044,2.122503699311861,1.748906771831751,1.8771178487419278,1.7449817246248587,1.601048386016044,1.3793099396529669,1.302416587011172,1.3239599100800044,1.3436847846899658
2022-11-25,2.128419329036855,1.7501541581250855,1.8710347446781215,1.7456755543364393,1.6074080618294146,2.128419329036855,1.7501541581250855,1.8710347446781215,1.7456755543364393,1.6074080618294146,1.386601846996444,1.3099140416359962,1.3316145815836857,1.3539018270290972
2022-11-28,2.1160745175461426,1.7372639498785745,1.8620701702683016,1.7283298115469277,1.5924628236679936,2.1160745175461426,1.7372639498785745,1.8620701702683016,1.7283298115469277,1.5924628236679936,1.3824029633833963,1.3016151019878208,1.3211728301495016,1.3482362934848313
2022-11-29,2.1066893492402046,1.726868641114591,1.855666902832716,1.7213915144311231,1.5927808074586622,2.1066893492402046,1.726868641114591,1.855666902832716,1.7213915144311231,1.5927808074586622,1.3801460668561902,1.2995438623751931,1.3161208396131177,1.3461744691117752
2022-11-30,2.0962309986214094,1.7185523941034042,1.851184615627806,1.7220853441427035,1.5911908885053196,2.0962309986214094,1.7185523941034042,1.851184615627806,1.7220853441427035,1.5911908885053196,1.3783800938702064,1.2991577122114901,1.3144645487125508,1.3457681064005749
2022-12-01,2.0934176853276933,1.7227105176089974,1.8678331109603286,1.712371728180577,1.5803794396225896,2.0934176853276933,1.7227105176089974,1.8678331109603286,1.712371728180577,1.5803794396225896,1.3614259411833738,1.281992602527544,1.2967346257643082,1.3278588708431005
2022-12-02,2.063197199290519,1.692356266776509,1.8367772638977382,1.6804555614478758,1.5546227525784388,2.063197199290519,1.692356266776509,1.8367772638977382,1.6804555614478758,1.5546227525784388,1.3404246461133138,1.26304020986152,1.2779719476365825,1.3095323117120217
2022-12-05,2.0553256952967374,1.6873664678114537,1.8402990609873102,1.6721296049089103,1.5428573523237032,2.0553256952967374,1.6873664678114537,1.8402990609873102,1.6721296049089103,1.5428573523237032,1.3397625155112791,1.2580948767766889,1.2726504436197832,1.305013935841105
2022-12-06,2.053362036818465,1.6886139810006466,1.8454216749357788,1.688087688275261,1.5597104932291352,2.053362036818465,1.6886139810006466,1.8454216749357788,1.688087688275261,1.5597104932291352,1.3469608977906358,1.2672178585103233,1.2806391807566475,1.3134129071386924
2022-12-07,2.0570513380035678,1.68944552956425,1.8310143232057112,1.6839247100057781,1.5609824283918092,2.0570513380035678,1.68944552956425,1.8310143232057112,1.6839247100057781,1.5609824283918092,1.3527382387886675,1.272638398563081,1.2854158044316262,1.3193941534746665
2022-12-08,2.0516947365458256,1.6815451202827942,1.8242908923983463,1.6811493911594564,1.5651162176705,2.0516947365458256,1.6815451202827942,1.8242908923983463,1.6811493911594564,1.5651162176705,1.3552135379370756,1.2736618651037785,1.2848609529907122,1.3185198211180684
2022-12-09,2.069386050762359,1.7002566760579645,1.8457418383075581,1.6929444962563243,1.5632083149264888,2.069386050762359,1.7002566760579645,1.8457418383075581,1.6929444962563243,1.5632083149264888,1.361573089281352,1.2785551649933167,1.290035699425133,1.3235845143847642
2022-12-12,2.067128025717085,1.6952670039887676,1.8415797144744275,1.6887815179868415,1.5644802500891628,2.067128025717085,1.6952670039887676,1.8415797144744275,1.6887815179868415,1.5644802500891628,1.3592775570190387,1.2772071897470847,1.289153199254541,1.3223052594199505
2022-12-13,2.073184339354492,1.7035832509999542,1.8489434720253508,1.6984951339489678,1.5746557313905558,2.073184339354492,1.7035832509999542,1.8489434720253508,1.6984951339489678,1.5746557313905558,1.3706823463049311,1.2894917620441526,1.3024798145307193,1.3339646856467433
2022-12-14,2.082638637721178,1.713562722034207,1.8633508237554184,1.7089025796226747,1.5803794396225894,2.082638637721178,1.713562722034207,1.8633508237554184,1.7089025796226747,1.5803794396225894,1.37088829305554,1.2897780497392128,1.3038190002997372,1.3353462882751677
2022-12-15,2.0839902864609847,1.7094045985286135,1.8553467394609364,1.7054334310647723,1.5797434720412522,2.0839902864609847,1.7094045985286135,1.8553467394609364,1.7054334310647723,1.5797434720412522,1.3752600868285794,1.294656998136012,1.3092188494256045,1.339411725969624
2022-12-16,2.062851836483614,1.689861367293981,1.821729585424112,1.685312369428939,1.5679780717865166,2.062851836483614,1.689861367293981,1.821729585424112,1.685312369428939,1.5679780717865166,1.3583128711410706,1.2800882776120481,1.2928498494402603,1.3269732641093024
2022-12-19,2.053705448900132,1.6773869967772008,1.802519783117355,1.677680242601554,1.5628903311358202,2.053705448900132,1.6773869967772008,1.802519783117355,1.677680242601554,1.5628903311358202,1.3593818678273748,1.2815899955735695,1.2937448136400742,1.3277490469127011
2022-12-20,2.0191164269599784,1.6553489929558995,1.7580170744400347,1.6686604563510081,1.570521942111865,2.0191164269599784,1.6553489929558995,1.7580170744400347,1.6686604563510081,1.570521942111865,1.3653575364711452,1.2909205162957174,1.2994653855569105,1.3352015217522897
2022-12-21,2.0020470856787274,1.638716498933526,1.7458508663124221,1.645764075868853,1.5613004121824778,2.0020470856787274,1.638716498933526,1.7458508663124221,1.645764075868853,1.5613004121824778,1.352147881201889,1.2814775046793703,1.290106202002215,1.3277660805315992
2022-12-22,2.0194873681481913,1.6545173174964372,1.7525742971197869,1.6589468403888816,1.5749737151812246,2.0194873681481913,1.6545173174964372,1.7525742971197869,1.6589468403888816,1.5749737151812246,1.3663286936918033,1.2958930614727715,1.3039176079962909,1.3423163334728694
2022-12-23,2.008038732835061,1.644953684191916,1.7362459651590436,1.6499270541383355,1.5727478286465448,2.008038732835061,1.644953684191916,1.7362459651590436,1.6499270541383355,1.5727478286465448,1.3705732159102704,1.3027627701865103,1.3098774214571534,1.3490663689068718
2022-12-26,2.0134289877860945,1.6478642945083164,1.7464911930559806,1.655477691830979,1.5797434720412524,2.0134289877860945,1.6478642945083164,1.7464911930559806,1.655477691830979,1.5797434720412524,1.376179864708695,1.305147401674289,1.3114923023944434,1.3496302958970832
2022-12-27,2.029996105986019,1.6570122169789654,1.750333153517332,1.654090032407818,1.5829233099479378,2.029996105986019,1.6570122169789654,1.750333153517332,1.654090032407818,1.5829233099479378,1.3891940047066678,1.318100301305737,1.3236876312795651,1.3612014105290222
2022-12-28,2.0262569427522523,1.653685768932834,1.7410484157357329,1.6561715215425596,1.5845132289012807,2.0262569427522523,1.653685768932834,1.7410484157357329,1.6561715215425596,1.5845132289012807,1.3884088590383343,1.3205274689911228,1.3263530799453982,1.3633332970738108
2022-12-29,2.0268576581809787,1.644122008732454,1.7282418808645617,1.64160109759937,1.5632083149264893,2.0268576581809787,1.644122008732454,1.7282418808645617,1.64160109759937,1.5632083149264893,1.3787142377549773,1.3107133182593127,1.3165225873830735,1.3520102191174566
2022-12-30,2.029912046975191,1.6420429469796574,1.7288822076081203,1.6388257787530482,1.5705219421118655,2.029912046975191,1.6420429469796574,1.7288822076081203,1.6388257787530482,1.5705219421118655,1.3811574142756364,1.316489934064006,1.3208519108603245,1.3557828893960888
2023-01-04,1.9975338229301471,1.6220840049111527,1.7042296279811155,1.6242553548098586,1.5565306553224503,1.9975338229301471,1.6220840049111527,1.7042296279811155,1.6242553548098586,1.5565306553224503,1.3770624324905514,1.3063599373102568,1.3108320908172335,1.3483829673616547
2023-01-05,1.9935006673692248,1.6229155534747564,1.7128740390191561,1.6221738656751172,1.560664444601141,1.9935006673692248,1.6229155534747564,1.7128740390191561,1.6221738656751172,1.560664444601141,1.3650383260589072,1.2942451000344593,1.2989089450421283,1.3366217195309065
2023-01-06,1.9981970892697691,1.6287370278992737,1.7211982866854176,1.6180108874056345,1.555894687741113,1.9981970892697691,1.6287370278992737,1.7211982866854176,1.6180108874056345,1.555894687741113,1.3591867258169459,1.2902814192714307,1.2957738502297997,1.3336497698977583
2023-01-10,2.004877836067692,1.631647638215674,1.734004821556589,1.6138479091361517,1.561956200775167,2.004877836067692,1.631647638215674,1.734004821556589,1.6138479091361517,1.561956200775167,1.358951525821184,1.2938195393270107,1.2988750562596656,1.3356614462968535
2023-01-11,2.0244257036947926,1.6491118076975098,1.750973480260891,1.6270306736561804,1.5709182445501064,2.0244257036947926,1.6491118076975098,1.750973480260891,1.6270306736561804,1.5709182445501064,1.3731165638912954,1.3063118293052585,1.3097914611302557,1.3477422611212773
2023-01-12,2.023097136050217,1.6570122169789654,1.7522541337480082,1.6298059925025021,1.5814806532848564,2.023097136050217,1.6570122169789654,1.7522541337480082,1.6298059925025021,1.5814806532848564,1.3886844779079106,1.3197927961429299,1.3220867481832772,1.3645794994735554
2023-01-13,2.017800439356805,1.6503591939908442,1.7301628610952378,1.6270306736561801,1.5914029160356822,2.017800439356805,1.6503591939908442,1.7301628610952378,1.6270306736561801,1.5914029160356822,1.4096220322589565,1.33401366107945,1.3341109988746194,1.3823054667464434
2023-01-16,1.9991949777315863,1.6362215994509985,1.710953058788481,1.6138479091361513,1.5725186095099168,1.9991949777315863,1.6362215994509985,1.710953058788481,1.6138479091361513,1.5725186095099168,1.3895240852940256,1.318017337589402,1.3196817333857427,1.3631165046734053
2023-01-17,2.012062006096975,1.65202241801391,1.7320838413259136,1.6325813113488237,1.5785999963571973,2.012062006096975,1.65202241801391,1.7320838413259136,1.6325813113488237,1.5785999963571973,1.3936308821359604,1.3250614509868532,1.3264672791199792,1.3680111449086536
2023-01-18,2.040037566746622,1.6798818962597293,1.7737050796572205,1.655477691830979,1.5968441568990386,2.040037566746622,1.6798818962597293,1.7737050796572205,1.655477691830979,1.5968441568990386,1.4024092560153774,1.3320328873264013,1.333894710437606,1.3761646420493587
2023-01-19,2.0300808299721114,1.6640810776968176,1.7490525000302157,1.6346628004835653,1.585641602180364,2.0300808299721114,1.6640810776968176,1.7490525000302157,1.6346628004835653,1.585641602180364,1.3900371871434327,1.3232884825258586,1.3266832643954496,1.3655235162591375
2023-01-20,2.0431016484539417,1.6728130355418769,1.758657401183594,1.647845565003594,1.5907627700517581,2.0431016484539417,1.6728130355418769,1.758657401183594,1.647845565003594,1.5907627700517581,1.4001537207431687,1.3356292231285023,1.3391012295336686,1.3770830460002006
2023-01-23,2.0649513359843765,1.6886139810006469,1.782349490695261,1.6631098186583642,1.6016452517784705,2.0649513359843765,1.6886139810006469,1.782349490695261,1.6631098186583642,1.6016452517784705,1.4086484856549348,1.344446293655329,1.3473678380052019,1.3864031737607683
2023-01-24,2.0850703160268047,1.7118994980111413,1.8079625604376035,1.6811493911594562,1.623410215231895,2.0850703160268047,1.7118994980111413,1.8079625604376035,1.6811493911594562,1.623410215231895,1.4240687471932005,1.3577018979421684,1.3606367242402306,1.400630203216587
2023-01-25,2.094737840424926,1.7197999072925971,1.8134053377578512,1.6894753476984217,1.6301317480630995,2.094737840424926,1.7197999072925971,1.8134053377578512,1.6894753476984217,1.6301317480630995,1.425634910914708,1.3617444291899978,1.3641323516737467,1.404949807608071
2023-01-26,2.0939019874593177,1.7160576215167347,1.8108440307836169,1.6894753476984217,1.6262908721595541,2.0939019874593177,1.7160576215167347,1.8108440307836169,1.6894753476984217,1.6262908721595541,1.4225424010047953,1.3575426411343212,1.3599982803892643,1.4011587924614282
2023-01-27,2.0955649852598324,1.7206314558562008,1.814685991244968,1.6860061991405193,1.6429346677415846,2.0955649852598324,1.7206314558562008,1.814685991244968,1.6860061991405193,1.6429346677415846,1.4336009425932617,1.3665108282919476,1.3681534690287553,1.4121066672960991
2023-01-30,2.0982831747223325,1.720215745022328,1.8166069714756434,1.682537050582617,1.6397339378219633,2.0982831747223325,1.720215745022328,1.8166069714756434,1.682537050582617,1.6397339378219633,1.43504567075977,1.3696023602402423,1.3706273850901913,1.4149042513336754
2023-01-31,2.1040375121602937,1.7148101083275415,1.8095633772964994,1.6880876882752607,1.6330124049907586,2.1040375121602937,1.7148101083275415,1.8095633772964994,1.6880876882752607,1.6330124049907586,1.431135119002374,1.365086596976056,1.368803759046255,1.4091297342638718
2023-02-01,2.100524276259983,1.7118994980111413,1.812444847642513,1.6894753476984217,1.6304518210550616,2.100524276259983,1.7118994980111413,1.812444847642513,1.6894753476984217,1.6304518210550616,1.423684888400518,1.3604264861299398,1.3632548929974366,1.4022423548615164
2023-02-02,2.0919140147828488,1.7048306372932893,1.8162868081038643,1.674904923755232,1.6090069305935994,2.0919140147828488,1.7048306372932893,1.8162868081038643,1.674904923755232,1.6090069305935994,1.4091119060193495,1.3464373441989714,1.3498985277144544,1.3875378746268348
2023-02-03,2.0848375664556302,1.709404598528614,1.8223699121676706,1.6755987534668126,1.6086868576016373,2.0848375664556302,1.709404598528614,1.8223699121676706,1.6755987534668126,1.6086868576016373,1.4056106301507174,1.3404129904458502,1.3410303076928012,1.3823351187975894
2023-02-06,2.094962403166504,1.7181366832695315,1.8338957935517248,1.6901691774100023,1.6195693393283495,2.094962403166504,1.7181366832695315,1.8338957935517248,1.6901691774100023,1.6195693393283495,1.4074385465225208,1.344560051293686,1.347254549433262,1.3850573741819874
2023-02-07,2.0980799080990913,1.7218789690453942,1.8332554668081662,1.691556836833163,1.6285313831032888,2.0980799080990913,1.7218789690453942,1.8332554668081662,1.691556836833163,1.6285313831032888,1.4174750055037386,1.3528318666619996,1.3541462653302772,1.3939908239446148
2023-02-08,2.1021194219654427,1.7214631313156632,1.8278126894879185,1.6624159889467836,1.6374934268782284,2.1021194219654427,1.7214631313156632,1.8278126894879185,1.6624159889467836,1.6374934268782284,1.430059820244496,1.3614770140908716,1.3614622517761572,1.4035677649520828
2023-02-09,2.106438521189562,1.7222948067751254,1.82717236274436,1.6846185397173583,1.6371733538862663,2.106438521189562,1.7222948067751254,1.82717236274436,1.6846185397173583,1.6371733538862663,1.4297597657544894,1.3544342215680296,1.3560760167162096,1.4032267243257286
2023-02-10,2.1050285397152506,1.72354219306846,1.832935303436387,1.686726948402862,1.6426145947496225,2.1050285397152506,1.72354219306846,1.832935303436387,1.686726948402862,1.6426145947496225,1.4435572374346122,1.3664933458939497,1.3705289287613247,1.4168338450215523
2023-02-13,2.094420002292907,1.7152259460572732,1.8166069714756437,1.692349371564205,1.6477357626210165,2.094420002292907,1.7152259460572732,1.8166069714756437,1.692349371564205,1.6477357626210165,1.4350288869709953,1.3602546716232922,1.366080944477331,1.4102577408379084
2023-02-14,2.1150870569935014,1.7306110537863122,1.8297336697185942,1.702891414991723,1.653817149468297,2.1150870569935014,1.7306110537863122,1.8297336697185942,1.702891414991723,1.653817149468297,1.456920848495448,1.3803300585746887,1.3843904627359174,1.4303128896033939
2023-02-15,2.1092096441243724,1.7243738685279222,1.8207690953087743,1.7035942178868908,1.6630992662351987,2.1092096441243724,1.7243738685279222,1.8207690953087743,1.7035942178868908,1.6630992662351987,1.4624814910528614,1.3854454520796802,1.383891790579843,1.4362288705119834
2023-02-16,2.1258101702818646,1.7376797876083059,1.835176447038842,1.7113250497337373,1.6659799231628576,2.1258101702818646,1.7376797876083059,1.835176447038842,1.7113250497337373,1.6659799231628576,1.4652895292346058,1.3894295657670483,1.3850297126484967,1.4393934677935898
2023-02-17,2.1197688953389737,1.7289477028673883,1.8217295854241122,1.713433458419241,1.674621893945835,2.1197688953389737,1.7289477028673883,1.8217295854241122,1.713433458419241,1.674621893945835,1.4632038027904235,1.3876520666040644,1.385751601977568,1.438731647430771
2023-02-20,2.1339046614604573,1.7356007258555095,1.8233304022830088,1.7239755018467589,1.689665324568055,2.1339046614604573,1.7356007258555095,1.8233304022830088,1.7239755018467589,1.689665324568055,1.469887755666453,1.3965635251745148,1.3958960214045586,1.4488848860839274
2023-02-21,2.139998083507911,1.7322742778093783,1.8198086051934366,1.7239755018467589,1.6957467114153353,2.139998083507911,1.7322742778093783,1.8198086051934366,1.7239755018467589,1.6957467114153353,1.4834431405661856,1.407829526401544,1.404764959248656,1.4613149661165825
2023-02-22,2.1195414129052157,1.7160576215167356,1.7957963523099905,1.7120278526289052,1.6791029158333048,2.1195414129052157,1.7160576215167356,1.7957963523099905,1.7120278526289052,1.6791029158333048,1.472157767447235,1.3989637981620013,1.3965543530834812,1.451521426920971
2023-02-24,2.136437039370134,1.7256212548212568,1.8169271348474232,1.7225698960564229,1.6855043756725474,2.136437039370134,1.7256212548212568,1.8169271348474232,1.7225698960564229,1.6855043756725474,1.4709377462842155,1.397505474696193,1.398958669894674,1.4492787641414033
2023-02-27,2.1463384150158706,1.7310267646201847,1.8185279517063198,1.7295979250081015,1.7063091201500857,2.1463384150158706,1.7310267646201847,1.8185279517063198,1.7295979250081015,1.7063091201500857,1.4852806805461762,1.4146448667924545,1.414209682636821,1.4677042539603102
2023-02-28,2.1486357703050976,1.72977937832685,1.817567461590982,1.7197586844757515,1.6954266384233736,2.1486357703050976,1.72977937832685,1.817567461590982,1.7197586844757515,1.6954266384233736,1.4833950479440983,1.4139297369968078,1.4139494180839143,1.4665196259351163
2023-03-01,2.156771307196726,1.7351848881257783,1.82301023891123,1.726083910532262,1.701187952278692,2.156771307196726,1.7351848881257783,1.82301023891123,1.726083910532262,1.701187952278692,1.4918619913749145,1.4171436126784476,1.4154347773598253,1.4702427384962902
2023-03-02,2.154102554285272,1.7314426023499159,1.8226900755394506,1.730300727903269,1.701508025270654,2.154102554285272,1.7314426023499159,1.8226900755394506,1.730300727903269,1.701508025270654,1.4863776057313831,1.414451269249076,1.4134476782958634,1.4666537286300387
2023-03-03,2.1747589453469596,1.7530648953373449,1.8495837987689103,1.744356785806626,1.7136707989652147,2.1747589453469596,1.7530648953373449,1.8495837987689103,1.744356785806626,1.7136707989652147,1.498825132773643,1.4231119685514815,1.422000387798231,1.4756857439512567
2023-03-06,2.1864837901101,1.7680341653366525,1.8719952347934599,1.7570072379196475,1.7251934266758513,2.1864837901101,1.7680341653366525,1.8719952347934599,1.7570072379196475,1.7251934266758513,1.5020204755156477,1.4277227291684889,1.4265963222977087,1.4809708704610547
2023-03-07,2.1982953733068604,1.7759345746181083,1.8767976853701493,1.758412843709983,1.7299945215552832,2.1982953733068604,1.7759345746181083,1.8767976853701493,1.758412843709983,1.7299945215552832,1.5143569766794915,1.4382009276097572,1.4360979658048831,1.4927108499715724
2023-03-08,2.2092910357258053,1.7817559221467674,1.8841614429210727,1.7668464784519973,1.7383164193462983,2.2092910357258053,1.7817559221467674,1.8841614429210727,1.7668464784519973,1.7383164193462983,1.5229763377828591,1.4477322668799066,1.4457276586142698,1.5009035021119863
2023-03-09,2.229869310417296,1.7979725784394096,1.896967977792244,1.7830109450408578,1.75816094484795,2.229869310417296,1.7979725784394096,1.896967977792244,1.7830109450408578,1.75816094484795,1.546500065522866,1.466182695039676,1.4647933158440238,1.5219280468417693
2023-03-10,2.194580087201276,1.7638760418310588,1.863991150498978,1.7640352668713257,1.719432112820533,2.194580087201276,1.7638760418310588,1.863991150498978,1.7640352668713257,1.719432112820533,1.5191728359411405,1.4442441708725429,1.4461881595520023,1.4947667137440217
2023-03-13,2.158813896441922,1.7364324013149708,1.8454216749357797,1.7366259539597793,1.6752620399297597,2.158813896441922,1.7364324013149708,1.8454216749357797,1.7366259539597793,1.6752620399297597,1.4754860093568072,1.4048512646775162,1.4071661352243539,1.452338479366928
2023-03-14,2.100219420730064,1.6902772050237123,1.8044407633480315,1.6902409628787005,1.6134879524810697,2.100219420730064,1.6902772050237123,1.8044407633480315,1.6902409628787005,1.6134879524810697,1.4165320111730388,1.3533021370724099,1.358835239648089,1.3951975574654385
2023-03-15,2.123148554076229,1.7010883515174269,1.8057214168351488,1.7014858092013863,1.6381335728621533,2.123148554076229,1.7010883515174269,1.8057214168351488,1.7014858092013863,1.6381335728621533,1.4496867024267746,1.3850453419373394,1.3881152383358022,1.4275175686991541
2023-03-16,2.0927873447499916,1.6827926334719874,1.7903535749897432,1.6930521744593718,1.606126273665941,2.0927873447499916,1.6827926334719874,1.7903535749897432,1.6930521744593718,1.606126273665941,1.4155490267645343,1.354357046708778,1.3584132295583808,1.3949639640376383
2023-03-17,2.114627782616823,1.702335737810761,1.8108440307836173,1.692349371564204,1.6282113101113274,2.114627782616823,1.702335737810761,1.8108440307836173,1.692349371564204,1.6282113101113274,1.4234170458870665,1.36049096742971,1.3634121655378246,1.4010866610920272
2023-03-20,2.0753406066783415,1.6769711590474699,1.7893930848744055,1.6726708904995038,1.578279923365236,2.0753406066783415,1.6769711590474699,1.7893930848744055,1.6726708904995038,1.578279923365236,1.39117886448555,1.3297560171602403,1.3358113067930981,1.3706107652001553
2023-03-22,2.107598634332778,1.7044147995635577,1.820769095308775,1.695863386040043,1.601005105794547,2.107598634332778,1.7044147995635577,1.820769095308775,1.695863386040043,1.601005105794547,1.4144276959287245,1.3505103676578583,1.355338301744935,1.3915276302823951
2023-03-23,2.113404680435093,1.7010883515174264,1.81852795170632,1.6916465686690358,1.603565689730244,2.113404680435093,1.7010883515174264,1.81852795170632,1.6916465686690358,1.603565689730244,1.411237780535136,1.349598427350956,1.355281034448976,1.3904154224783325
2023-03-24,2.1132314076136,1.6990092897646296,1.8134053377578514,1.6867269484028606,1.5997248138266986,2.1132314076136,1.6990092897646296,1.8134053377578514,1.6867269484028606,1.5997248138266986,1.4073013073592908,1.3462622981121242,1.352927043328539,1.3861907235356021
2023-03-27,2.1225347021836183,1.7048306372932884,1.8226900755394506,1.6972689918303787,1.6042058357141684,2.1225347021836183,1.7048306372932884,1.8226900755394506,1.6972689918303787,1.6042058357141684,1.4094595509951517,1.3476842636056856,1.354804745709645,1.386941050752971
2023-03-28,2.118791536861415,1.709404598528613,1.8242908923983472,1.6986745976207145,1.6118875875212595,2.118791536861415,1.709404598528613,1.8242908923983472,1.6986745976207145,1.6118875875212595,1.41759827237046,1.3540950433701888,1.3609024035425323,1.3949080239466682
2023-03-29,2.154424007535383,1.7331058263729802,1.845741838307559,1.7176502757902468,1.6285313831032897,2.154424007535383,1.7331058263729802,1.845741838307559,1.7176502757902468,1.6285313831032897,1.4387276083933673,1.3735635955908778,1.3825053572157804,1.4144613639356112
2023-03-30,2.1671460284931934,1.7414220733841668,1.8563072295762755,1.7281923192177646,1.6429346677415853,2.1671460284931934,1.7414220733841668,1.8563072295762755,1.7281923192177646,1.6429346677415853,1.4451272003863802,1.3781394679302574,1.3866880783674214,1.4194624704930061
2023-03-31,2.183717270825807,1.7622126909121338,1.8755170318830323,1.7443567858066253,1.6470956166370927,2.183717270825807,1.7622126909121338,1.8755170318830323,1.7443567858066253,1.6470956166370927,1.465054883747184,1.3919364726128587,1.3983216847883724,1.4333396252654813
2023-04-03,2.206745877661381,1.7730238374058482,1.88544209640819,1.7534932234438076,1.6784627698493808,2.206745877661381,1.7730238374058482,1.88544209640819,1.7534932234438076,1.6784627698493808,1.4842041925834655,1.4084878229820503,1.4152134872072977,1.4513662479325424
2023-04-04,2.207001326858961,1.7771819609114414,1.8912050371002171,1.7584128437099826,1.6787828428413432,2.207001326858961,1.7771819609114414,1.8912050371002171,1.7584128437099826,1.6787828428413432,1.4875110304265313,1.4111746696623886,1.4198055602499058,1.4539841293274978
2023-04-05,2.1604884814528122,1.7418379111138975,1.8617500068965234,1.727489516322597,1.6538171494682974,2.1604884814528122,1.7418379111138975,1.8617500068965234,1.727489516322597,1.6538171494682974,1.4577176806118322,1.3807842879067695,1.3878215865947612,1.421486921918882
2023-04-06,2.135891640252365,1.7227105176089963,1.8390184075001943,1.712027852628904,1.603885762722206,2.135891640252365,1.7227105176089963,1.8390184075001943,1.712027852628904,1.603885762722206,1.4420643207986648,1.3644838144244726,1.3739110987103798,1.4035955571687635
2023-04-07,2.142816307046556,1.7260370925509863,1.8396587342437531,1.7148390642095754,1.6449191202917504,2.142816307046556,1.7260370925509863,1.8396587342437531,1.7148390642095754,1.6449191202917504,1.4556327966445293,1.3766921161917736,1.3853400139711465,1.4172389046581548
2023-04-10,2.1561869903590916,1.7360165635852387,1.84990396214069,1.7253811076370933,1.6530897894765892,2.1561869903590916,1.7360165635852387,1.84990396214069,1.7253811076370933,1.6530897894765892,1.459635709792411,1.3801672715814646,1.3896613773115916,1.4202470643809275
2023-04-11,2.173268508816891,1.7505699958548155,1.871354908049902,1.7457623915969613,1.6655092066375443,2.173268508816891,1.7505699958548155,1.871354908049902,1.7457623915969613,1.6655092066375443,1.4710686195780154,1.3889834845284141,1.3968194605104862,1.4285743964267237
2023-04-12,2.187303792460438,1.7634602041013268,1.8790388289726048,1.7541960263389758,1.6838115056115832,2.187303792460438,1.7634602041013268,1.8790388289726048,1.7541960263389758,1.6838115056115832,1.4838757383716623,1.3989964430676414,1.4070862194768559,1.4388530984100305
2023-04-13,2.192202684060578,1.7651234281243924,1.8841614429210733,1.7548988292341434,1.676621316728925,2.192202684060578,1.7651234281243924,1.8841614429210733,1.7548988292341434,1.676621316728925,1.4819259295214078,1.3994348364674105,1.407358918950957,1.4374976447740606
2023-04-14,2.203617411403177,1.7738555128653102,1.9043317353431681,1.7640352668713257,1.6798895844028605,2.203617411403177,1.7738555128653102,1.9043317353431681,1.7640352668713257,1.6798895844028605,1.4945543686881444,1.4099099148799543,1.4181907313920765,1.4483077357447371
2023-04-17,2.2071108307915126,1.7813400844170348,1.907533369060961,1.7647380697664936,1.6923090015638154,2.2071108307915126,1.7813400844170348,1.907533369060961,1.7647380697664936,1.6923090015638154,1.4964299116688347,1.4129585343885203,1.4225521275264024,1.4524989387157445
2023-04-18,2.2225195173601966,1.793814454933815,1.91681810684256,1.7809025363553543,1.6972114030747187,2.2225195173601966,1.793814454933815,1.91681810684256,1.7809025363553543,1.6972114030747187,1.5086979484573655,1.4228356034354983,1.4319334906861243,1.4633572159150137
2023-04-19,2.2176836473988306,1.7917353931810185,1.91233581963765,1.7823081421456899,1.7024406313530156,2.2176836473988306,1.7917353931810185,1.91233581963765,1.7823081421456899,1.7024406313530156,1.5097967188495685,1.4241235004339508,1.4315291360238405,1.4651742160798777
2023-04-20,2.221621515404794,1.7909038446174148,1.9161777800990012,1.7787941276698507,1.705708899026951,2.221621515404794,1.7909038446174148,1.9161777800990012,1.7787941276698507,1.705708899026951,1.5166798984096364,1.4325956596003122,1.4402742573684797,1.4723083484877766
2023-04-21,2.2203866926565032,1.787577269675425,1.9104148394069742,1.7809025363553541,1.7011333242834412,2.2203866926565032,1.787577269675425,1.9104148394069742,1.7809025363553541,1.7011333242834412,1.5133486089433892,1.4289589004835546,1.4382502585778452,1.467923319127518
2023-04-24,2.225628119325073,1.789240493698491,1.9113753295223121,1.7809025363553541,1.6975382298421122,2.225628119325073,1.789240493698491,1.9113753295223121,1.7809025363553541,1.6975382298421122,1.5077095966499499,1.426315407009444,1.4364828468101176,1.4649309019217658
2023-04-25,2.2284641310895883,1.7950619681230082,1.9148971266118842,1.7893361710973683,1.701460151050835,2.2284641310895883,1.7950619681230082,1.9148971266118842,1.7893361710973683,1.701460151050835,1.5181697460927137,1.4341939534238584,1.4452910065623066,1.4728050703570519
2023-04-26,2.2057255123125454,1.7775977986411726,1.9017704283689336,1.7879305653070325,1.689694387424667,2.2057255123125454,1.7775977986411726,1.9017704283689336,1.7879305653070325,1.689694387424667,1.5024218124657416,1.4185678990860222,1.4317891753369423,1.4553627929912316
2023-04-27,2.210399540202222,1.7842508216292938,1.903691408599609,1.7907417768877039,1.699826017213867,2.210399540202222,1.7842508216292938,1.903691408599609,1.7907417768877039,1.699826017213867,1.5091096288424886,1.426614987989398,1.4374820246145932,1.4644754233460644
2023-04-28,2.2454090531346025,1.8083678872033917,1.9299448050855104,1.8132314695330756,1.7200892767922675,2.2454090531346025,1.8083678872033917,1.9299448050855104,1.8132314695330756,1.7200892767922675,1.5298633617225803,1.4458577683184854,1.4583507907445425,1.481961856334368
2023-05-01,2.2623850533201444,1.8254162189554963,1.9485142806487086,1.8286931332267686,1.727606292442319,2.2623850533201444,1.8254162189554963,1.9485142806487086,1.8286931332267686,1.727606292442319,1.540295812574787,1.4561518611625395,1.4671688453363447,1.494598279156444
2023-05-02,2.2563806202276386,1.8233371572026995,1.9504352608793845,1.826584724541265,1.7178014894205125,2.2563806202276386,1.8233371572026995,1.9504352608793845,1.826584724541265,1.7178014894205125,1.5306091875612529,1.4504841043573344,1.4615912510159,1.4890845319325163
2023-05-08,2.2635996829083247,1.820010709156568,1.9376287260082132,1.8272875274364329,1.720416103559661,2.2635996829083247,1.820010709156568,1.9376287260082132,1.8272875274364329,1.720416103559661,1.5350887036555128,1.4571253080137356,1.4665113587260699,1.495311675291682
2023-05-09,2.285272764092799,1.8424645507076007,1.9549175480842946,1.8455604027107972,1.7413330166728482,2.285272764092799,1.8424645507076007,1.9549175480842946,1.8455604027107972,1.7413330166728482,1.5537148667047394,1.4724727997416656,1.4820263919121894,1.5099180932073837
2023-05-10,2.2745577965790367,1.8329007905072208,1.9478739539051504,1.8448575998156294,1.7410061899054545,2.2745577965790367,1.8329007905072208,1.9478739539051504,1.8448575998156294,1.7410061899054545,1.5562457207507034,1.4741106498250665,1.4835975459140298,1.5212386491080947
2023-05-11,2.269492202230263,1.8295743424610893,1.9485142806487088,1.830801541912272,1.7321818671858287,2.269492202230263,1.8295743424610893,1.9485142806487088,1.830801541912272,1.7321818671858287,1.5635794405956518,1.4748404596212572,1.483336669317631,1.5221257188497148
2023-05-12,2.2769766173935717,1.843296099271204,1.9664434294683486,1.8434519940252936,1.7292404262792866,2.2769766173935717,1.843296099271204,1.9664434294683486,1.8434519940252936,1.7292404262792866,1.565862068358226,1.477025422592686,1.4877524437391065,1.52554730248283
2023-05-15,2.2926369758993532,1.8590970447299742,1.9818112713137541,1.8546968403479795,1.7495036858576871,2.2926369758993532,1.8590970447299742,1.9818112713137541,1.8546968403479795,1.7495036858576871,1.6016580261297129,1.4957937686127392,1.5064071040641132,1.5439786266409414
2023-05-16,2.303273814474741,1.870739739787292,1.996538786415601,1.8652388837754976,1.7544060873685905,2.303273814474741,1.870739739787292,1.996538786415601,1.8652388837754976,1.7544060873685905,1.6028490393806614,1.493377130391191,1.5068915776539047,1.5437044515747154
2023-05-17,2.3031842240658613,1.876561087315951,2.013187281748124,1.87437532141268,1.766498677762152,2.3031842240658613,1.876561087315951,2.013187281748124,1.87437532141268,1.766498677762152,1.6051911143953417,1.4946193881797336,1.506938955021711,1.5436059737968857
2023-05-18,2.31268496948491,1.8994307665967145,2.0490455793874034,1.8905397880015407,1.781205882294862,2.31268496948491,1.8994307665967145,2.0490455793874034,1.8905397880015407,1.781205882294862,1.6101030645561287,1.499651876308355,1.509274187747048,1.5457444155042237
2023-05-19,2.317977275183089,1.9006782797859076,2.063132767745692,1.8954594082677156,1.7769571343187458,2.317977275183089,1.9006782797859076,2.063132767745692,1.8954594082677156,1.7769571343187458,1.609222595442977,1.499444453457815,1.5085076708251302,1.543067912651305
2023-05-22,2.330661048991803,1.9119051371134945,2.079140936334656,1.9172462980179195,1.7838204964340105,2.330661048991803,1.9119051371134945,2.079140936334656,1.9172462980179195,1.7838204964340105,1.6163736681394172,1.5083327311795927,1.5156837121942202,1.5523836641612572
2023-05-23,2.3158374054960666,1.9019256660792419,2.0733779956426286,1.9144350864372481,1.7828400161318299,2.3158374054960666,1.9019256660792419,2.0733779956426286,1.9144350864372481,1.7828400161318299,1.6114847078712662,1.4965840193339954,1.5042343708283878,1.5413096390633936
2023-05-24,2.3048576522431787,1.8911145195855277,2.0535278665923133,1.905298648800066,1.787088764107946,2.3048576522431787,1.8911145195855277,2.0535278665923133,1.905298648800066,1.787088764107946,1.609068799104146,1.4965765775451625,1.50423283148958,1.5410775937387706
2023-05-25,2.3022758361821642,1.8857090097865996,2.0599311340278987,1.900379028533891,1.7815327090622557,2.3022758361821642,1.8857090097865996,2.0599311340278987,1.900379028533891,1.7815327090622557,1.608808773361543,1.495767951879519,1.501087722855792,1.5404122313342141
2023-05-26,2.2904384114306087,1.8857090097865996,2.0708166886683945,1.8989734227435553,1.7668255045295458,2.2904384114306087,1.8857090097865996,2.0708166886683945,1.8989734227435553,1.7668255045295458,1.592070664622807,1.4797758342469156,1.485725398097526,1.523210189686752
2023-05-29,2.3034081614510877,1.9002624420561767,2.0913071444622684,1.9137322835420805,1.7880692444101267,2.3034081614510877,1.9002624420561767,2.0913071444622684,1.9137322835420805,1.7880692444101267,1.6167393717032592,1.4961853947546802,1.5001994168507666,1.5416948734908051
2023-05-30,2.299469510443525,1.897351704843918,2.096429758410737,1.9151378893324165,1.7838204964340105,2.299469510443525,1.897351704843918,2.096429758410737,1.9151378893324165,1.7838204964340105,1.6136808378540377,1.4914148716681568,1.4964687388252556,1.5380715219885521
2023-05-31,2.268517847799458,1.871571415246754,2.065694074719926,1.8982706198483879,1.7576743550425264,2.268517847799458,1.871571415246754,2.065694074719926,1.8982706198483879,1.7576743550425264,1.585671408165879,1.4702986134948945,1.4778296614092925,1.51669524949943
2023-06-01,2.2744480091493253,1.8877880715393964,2.0836232235395657,1.8961622111628842,1.766825504529546,2.2744480091493253,1.8877880715393964,2.0836232235395657,1.8961622111628842,1.766825504529546,1.5935980065244009,1.4744128288457385,1.4819952690113354,1.5205013051922442
2023-06-02,2.3091840547032763,1.9189739978313467,2.109236293281908,1.916543495122752,1.7874155908753397,2.3091840547032763,1.9189739978313467,2.109236293281908,1.916543495122752,1.7874155908753397,1.617366655577184,1.4963740907333225,1.5030602068753391,1.5433449669605277
2023-06-05,2.3425970959159326,1.9514073104166318,2.1546994920745663,1.9537920485666487,1.813561732266824,2.3425970959159326,1.9514073104166318,2.1546994920745663,1.9537920485666487,1.813561732266824,1.6398349972855433,1.519848660254054,1.5243373526641752,1.5665323417292434
2023-06-06,2.350057873204344,1.965129194122605,2.177110928099116,1.9755789383168523,1.8263079761951728,2.350057873204344,1.965129194122605,2.177110928099116,1.9755789383168523,1.8263079761951728,1.6469795271010574,1.5205866674422452,1.5264768111824798,1.5675380309573148
2023-06-07,2.337661498340189,1.9389329398998516,2.138691323485602,1.9587116688328237,1.8076788504537404,2.337661498340189,1.9389329398998516,2.138691323485602,1.9587116688328237,1.8076788504537404,1.6327965847660189,1.514647406344898,1.5197070991059274,1.5608444198210718
2023-06-08,2.32139127327733,1.9264585693830716,2.1188411944352867,1.9516836398811452,1.8119275984298566,2.32139127327733,1.9264585693830716,2.1188411944352867,1.9516836398811452,1.8119275984298566,1.6307057314353166,1.5103695981820224,1.517310627637228,1.5575162305175432
2023-06-09,2.3467360202092906,1.9551497230883528,2.157901125792359,1.9819041643733633,1.829903070636502,2.3467360202092906,1.9551497230883528,2.157901125792359,1.9819041643733633,1.829903070636502,1.6560930453890876,1.5291512447246092,1.535486336046255,1.576529198032957
2023-06-12,2.370225152665142,1.967624093605133,2.1719883141506475,1.978390149897524,1.8338249918452247,2.370225152665142,1.967624093605133,2.1719883141506475,1.978390149897524,1.8338249918452247,1.6638703148656009,1.5387666200637893,1.5442419906247054,1.58482164778937
2023-06-13,2.384192443357101,1.993404383202297,2.21104824550772,2.00931347728491,1.848205369610541,2.384192443357101,1.993404383202297,2.21104824550772,2.00931347728491,1.848205369610541,1.6630800929300842,1.5368126761683976,1.5441103826645248,1.5805549735115654
2023-06-14,2.401168845487775,2.0166899002127914,2.2411436024549727,2.0486704394143103,1.873044203932451,2.401168845487775,2.0166899002127914,2.2411436024549727,2.0486704394143103,1.873044203932451,1.6745708809775828,1.5485869058338804,1.5541045536067382,1.590934342064478
2023-06-15,2.399807392682227,2.0171057379425226,2.240503275711414,2.059212482841828,1.8844831407912257,2.399807392682227,2.0171057379425226,2.240503275711414,2.059212482841828,1.8844831407912257,1.6869963240411356,1.5583163004468235,1.5630532152348955,1.5999753154512562
2023-06-16,2.4154856689920043,2.022927085471182,2.2558711175568193,2.0613208915273313,1.8903660226043097,2.4154856689920043,2.022927085471182,2.2558711175568193,2.0613208915273313,1.8903660226043097,1.6884302078626594,1.5541958605204669,1.559639727473809,1.5978829893147306
2023-06-19,2.420031985757103,2.0129476144369294,2.2334596815322696,2.0465620307288064,1.879907566047716,2.420031985757103,2.0129476144369294,2.2334596815322696,2.0465620307288064,1.879907566047716,1.6996550894050797,1.5605935339463435,1.5640253383022786,1.6055494333751983
2023-06-20,2.4188417451189967,2.0075419777421426,2.2321790280451523,2.034614381510953,1.8687954559563351,2.4188417451189967,2.0075419777421426,2.2321790280451523,2.034614381510953,1.8687954559563351,1.7125114954024285,1.5623847537901685,1.563031038556418,1.6045320480703598
2023-06-21,2.430529695861318,2.020016348258923,2.2481871966341167,2.052887256785317,1.892980636743458,2.430529695861318,2.020016348258923,2.2481871966341167,2.052887256785317,1.892980636743458,1.7234766237530161,1.5747198292024518,1.5744685648150052,1.617935549836235
2023-06-22,2.4294888968374884,2.0204321859886543,2.2276967408402424,2.059915285736996,1.9050732271370194,2.4294888968374884,2.0204321859886543,2.2276967408402424,2.059915285736996,1.9050732271370194,1.7389421750250431,1.5875475620996762,1.5867881095118956,1.6327509711587396
2023-06-23,2.4032817324140803,1.988830421966973,2.19311909668808,2.0360199873012887,1.8815416998846837,2.4032817324140803,1.988830421966973,2.19311909668808,2.0360199873012887,1.8815416998846837,1.7083226435327847,1.5658718324781473,1.5674347144597376,1.6139522053004207
2023-06-26,2.3934451968765518,1.9850881361911106,2.1892771362267287,2.0381283959867926,1.8799075660477158,2.3934451968765518,1.9850881361911106,2.1892771362267287,2.0381283959867926,1.8799075660477158,1.6942974343581447,1.5548686670838219,1.5588133830116822,1.6028080117307129
2023-06-27,2.3853154589391856,1.9792667886624515,2.1777512548426747,2.036019987301289,1.8890587155347354,2.3853154589391856,1.9792667886624515,2.1777512548426747,2.036019987301289,1.8890587155347354,1.6943553157928788,1.5566754673760834,1.5608128549761442,1.6041205436072385
2023-06-28,2.4281983372426312,2.019600637425051,2.218732166430423,2.0739713436403537,1.9171658175305808,2.4281983372426312,2.019600637425051,2.218732166430423,2.0739713436403537,1.9171658175305808,1.7285640043928374,1.589839780964166,1.5919720316551758,1.6371941117384547
2023-06-29,2.429314719017957,2.0191847996953203,2.2264160873531256,2.067646117583843,1.9178194710653678,2.429314719017957,2.0191847996953203,2.2264160873531256,2.067646117583843,1.9178194710653678,1.7279806936012523,1.5906871701409568,1.5905484419955653,1.6373792192198129
2023-06-30,2.4249751018486743,2.012115938977468,2.22449510712245,2.068348920479011,1.912590242787071,2.4249751018486743,2.012115938977468,2.22449510712245,2.068348920479011,1.912590242787071,1.73038759110559,1.5940041737478383,1.5917377973604145,1.6409198703430063
2023-07-03,2.45386181907319,2.0416386412463523,2.2603534047617297,2.0950554304953894,1.9397168644807357,2.45386181907319,2.0416386412463523,2.2603534047617297,2.0950554304953894,1.9397168644807357,1.7498034361823682,1.611991523178305,1.6088489018788308,1.6564033661956026
2023-07-04,2.448180868753964,2.028748432999841,2.2366613152500627,2.083107781277536,1.9436387856894584,2.448180868753964,2.028748432999841,2.2366613152500627,2.083107781277536,1.9436387856894584,1.7600195883668193,1.6225567888970558,1.6152959052394606,1.667409386096625
2023-07-05,2.4417519444566698,2.0270852089767755,2.2308983745580355,2.084513387067872,1.948214360432968,2.4417519444566698,2.0270852089767755,2.2308983745580355,2.084513387067872,1.948214360432968,1.7542979198651223,1.6199361424426488,1.612657339465543,1.6654886763057768
2023-07-06,2.4167350633305547,2.0037996919662806,2.1649447199715035,2.0802965696968645,1.9266437937849936,2.4167350633305547,2.0037996919662806,2.1649447199715035,2.0802965696968645,1.9266437937849936,1.7417711808409908,1.6077389721676183,1.6010869433181447,1.6529587094048663
2023-07-07,2.405085365529235,1.9418436771121108,2.1742934904274582,2.043048016252968,1.913897549856645,2.405085365529235,1.9418436771121108,2.1742934904274582,2.043048016252968,1.913897549856645,1.7447231850566036,1.6060634029897192,1.5990434360987604,1.65080602501237
2023-07-10,2.4051923131249096,1.976855077029207,2.1586604635340314,2.0402368046722965,1.9129147198926653,2.4051923131249096,1.976855077029207,2.1586604635340314,2.0402368046722965,1.9129147198926653,1.7456343459806223,1.6078728324279052,1.6018517373733827,1.6531459847356724
2023-07-11,2.4017821620675712,1.9692027866913124,2.158009087413472,2.0198555207124285,1.9047244701928336,2.4017821620675712,1.9692027866913124,2.158009087413472,2.0198555207124285,1.9047244701928336,1.744278911951458,1.6043264572179903,1.5982205047963152,1.6493155783522675
2023-07-12,2.3862107616784702,1.9560237268965677,2.1391191799172478,2.0036910541235677,1.895223780541029,2.3862107616784702,1.9560237268965677,2.1391191799172478,2.0036910541235677,1.895223780541029,1.736377241449592,1.5994324479407585,1.5939781610643424,1.6465180562622324
2023-07-13,2.3980243458567356,1.9743042703367695,2.1723393620657796,2.014233097551086,1.8968618304809952,2.3980243458567356,1.9743042703367695,2.1723393620657796,2.014233097551086,1.8968618304809952,1.7306132349891883,1.5940959825444279,1.5885303943851863,1.6404386065610874
2023-07-14,2.3923424264031627,1.9713284373117737,2.17168798594522,2.014233097551086,1.8988274904089548,2.3923424264031627,1.9713284373117737,2.17168798594522,2.014233097551086,1.8988274904089548,1.7248709142901197,1.5902884357093896,1.5852978547076986,1.6358716301981726
2023-07-18,2.408441726392355,1.9828068728186155,2.176247618789136,2.029694761244779,1.9109490599647057,2.408441726392355,1.9828068728186155,2.176247618789136,2.029694761244779,1.9109490599647057,1.7450563028524941,1.6107429924753998,1.603101198588537,1.6568715361141872
2023-07-19,2.434979576994419,2.0044885350952066,2.200999911370395,2.048670439414311,1.9322437091842677,2.434979576994419,2.0044885350952066,2.200999911370395,2.048670439414311,1.9322437091842677,1.7719310931450465,1.6311617040295991,1.6215056958712493,1.6795267085346268
2023-07-20,2.420665283735618,1.9870581740595386,2.173642114306898,2.0465620307288073,1.9289676093043349,2.420665283735618,1.9870581740595386,2.173642114306898,2.0465620307288073,1.9289676093043349,1.7625549366945779,1.6214715109328868,1.6132157566646426,1.6710784521232531
2023-07-21,2.4185034989774987,1.9904592928959273,2.1645228486190655,2.048670439414311,1.927984779340355,2.4185034989774987,1.9904592928959273,2.1645228486190655,2.048670439414311,1.927984779340355,1.7644981285117878,1.620463782662444,1.613389757952116,1.6709739729370316
2023-07-24,2.44020799871037,2.0061890296436924,2.1905778934414437,2.0718629349548503,1.9371578590041665,2.44020799871037,2.0061890296436924,2.1905778934414437,2.0718629349548503,1.9371578590041665,1.7765968659625038,1.632653493363945,1.625153494629346,1.6825481540637746
2023-07-25,2.4474968509918607,2.0100151748126396,2.1873210128386464,2.068348920479011,1.9522279184518567,2.4474968509918607,2.0100151748126396,2.1873210128386464,2.068348920479011,1.9522279184518567,1.7902782207489139,1.6436613397902136,1.635206634449492,1.694712243426128
2023-07-26,2.4465851213738934,2.0074644978596194,2.1873210128386464,2.0669433146886753,1.9492794285599173,2.4465851213738934,2.0074644978596194,2.1873210128386464,2.0669433146886753,1.9492794285599173,1.7907745943919016,1.6423958831464285,1.633568262543716,1.6919706167399933
2023-07-27,2.455698896724959,2.0214937400588986,2.2029540397320737,2.0767825552210253,1.960090558163695,2.455698896724959,2.0214937400588986,2.2029540397320737,2.0767825552210253,1.960090558163695,1.8023301990532166,1.650900738057482,1.6406524677442023,1.7011621738389169
2023-07-28,2.452299490742622,2.0151167881975143,2.1944861501648005,2.074674146535522,1.9695912478154993,2.452299490742622,2.0151167881975143,2.1944861501648005,2.074674146535522,1.9695912478154993,1.8180648485282405,1.665556500769393,1.65360796576194,1.716310694270948
2023-07-31,2.4833774808314057,2.0414749077870042,2.221843947228298,2.1041918681325718,1.9990761467348932,2.4833774808314057,2.0414749077870042,2.221843947228298,2.1041918681325718,1.9990761467348932,1.847199152067396,1.6960242584787397,1.6799175111287556,1.7473394061200107
2023-08-01,2.493785641167448,2.0550789939143073,2.2407338547245224,2.125978757882775,2.0089044463746912,2.493785641167448,2.0550789939143073,2.2407338547245224,2.125978757882775,2.0089044463746912,1.8460389485251643,1.6941562545030313,1.6789184081662005,1.7452963961472698
2023-08-02,2.468579015296558,2.024044546751336,2.1905778934414446,2.09154141601955,1.9754882275993784,2.468579015296558,2.024044546751336,2.1905778934414446,2.09154141601955,1.9754882275993784,1.8387852450467592,1.6880002839649406,1.6731933807780812,1.740006858802188
2023-08-03,2.4282527739578557,1.9951356204694093,2.154100830690115,2.0676461175838425,1.9519003084638633,2.4282527739578557,1.9951356204694093,2.154100830690115,2.0676461175838425,1.9519003084638633,1.8095995839327121,1.6625000364084828,1.648154268748683,1.7112250772573512
2023-08-04,2.437115600329198,2.00066238992626,2.1560549590517937,2.069754526269346,1.9610733881276745,2.437115600329198,2.00066238992626,2.1560549590517937,2.069754526269346,1.9610733881276745,1.8221791150620927,1.677812398594625,1.6616931510490984,1.7249551684761941
2023-08-07,2.4514604755475173,2.010865486956592,2.16061459189571,2.102786262342235,1.9558316283197823,2.4514604755475173,2.010865486956592,2.16061459189571,2.102786262342235,1.9558316283197823,1.8216178389493622,1.6779902316414352,1.663935751508577,1.7269015979361944
2023-08-08,2.457075839905792,2.016392126674025,2.1664769769807455,2.0599152857369956,1.9676255878875397,2.457075839905792,2.016392126674025,2.1664769769807455,2.0599152857369956,1.9676255878875397,1.8487418811041496,1.699415525619178,1.6817365373074578,1.7467152377821096
2023-08-09,2.4561566917994244,2.0095901484800818,2.1567063351723537,2.082404978382367,1.9689360278395127,2.4561566917994244,2.0095901484800818,2.1567063351723537,2.082404978382367,1.9689360278395127,1.8323965511641593,1.68509797967274,1.6672202112650447,1.7289276562524973
2023-08-10,2.4767159238938663,2.0287210040642356,2.1742934904274587,2.098067511553106,1.9958000468549602,2.4767159238938663,2.0287210040642356,2.1742934904274587,2.098067511553106,1.9958000468549602,1.8652671042051614,1.715137206844916,1.69379643876428,1.7585964761691841
2023-08-14,2.4629309096664223,2.007889524192179,2.147587069484521,2.084540778360195,1.9748330076233913,2.4629309096664223,2.007889524192179,2.147587069484521,2.084540778360195,1.9748330076233913,1.8480546963845434,1.6948150606658718,1.674727902150801,1.7469099089950588
2023-08-15,2.470523574325822,2.014691632125539,2.1580090874134723,2.0881004449899083,1.9826956473352297,2.470523574325822,2.014691632125539,2.1580090874134723,2.0881004449899083,1.9826956473352297,1.8626227532462982,1.7073486479149793,1.6853114992185947,1.7601165842973148
2023-08-16,2.4452016221031525,1.9908843192284866,2.1273944097471778,2.0646066452337997,1.9558316283197823,2.4452016221031525,1.9908843192284866,2.1273944097471778,2.0646066452337997,1.9558316283197823,1.8415933679603143,1.6927260215220787,1.6735049681797933,1.7426278269949695
2023-08-17,2.4339267708139727,1.9819566904140822,2.117623767938786,2.0574873119743726,1.9522279184518563,2.4339267708139727,1.9819566904140822,2.117623767938786,2.0574873119743726,1.9522279184518563,1.8364757653492743,1.6927507418590202,1.6713679682339095,1.741378460163114
2023-08-18,2.4115642024551227,1.9670771360708517,2.106550373889275,2.047520245411175,1.9463309386679775,2.4115642024551227,1.9670771360708517,2.106550373889275,2.047520245411175,1.9463309386679775,1.8226418928495542,1.678355128883141,1.6588986307365514,1.7282489028843593
2023-08-21,2.4254688540546208,1.9734540879322362,2.11241275897431,2.0503679787149456,1.94960703854791,2.4254688540546208,1.9734540879322362,2.11241275897431,2.0503679787149456,1.94960703854791,1.8262719173336448,1.6816112026142287,1.663267118445561,1.7319807013319526
2023-08-22,2.4450047322381594,1.9934351259209242,2.135210923193891,2.075997578448882,1.972212127719445,2.4450047322381594,1.9934351259209242,2.135210923193891,2.075997578448882,1.972212127719445,1.8512358418925603,1.7014521430660812,1.6842700533311574,1.7527528912108183
2023-08-23,2.464936256964051,2.0044885350952075,2.145632941122842,2.0767095117748253,1.982040427359243,2.464936256964051,2.0044885350952075,2.145632941122842,2.0767095117748253,1.982040427359243,1.8639994719700546,1.7133825165704824,1.6933022225237369,1.7659444475421762
2023-08-24,2.4737734518345103,2.0125659815050776,2.15996321577515,2.0859646450120803,1.990558287047068,2.4737734518345103,2.0125659815050776,2.15996321577515,2.0859646450120803,1.990558287047068,1.8724144847576258,1.721596792661206,1.7034845440456334,1.7729570765787845
2023-08-25,2.463563100385543,1.9947105941368513,2.118275144059345,2.0724379118191694,1.9787643274793105,2.463563100385543,1.9947105941368513,2.118275144059345,2.0724379118191694,1.9787643274793105,1.8650067186556758,1.7144858792976467,1.6983807341665114,1.765047572060863
2023-08-28,2.492149518741351,2.0240445467513366,2.1560549590517937,2.1009152448568766,2.009559666350677,2.492149518741351,2.0240445467513366,2.1560549590517937,2.1009152448568766,2.009559666350677,1.8893444915034534,1.7373203995025708,1.720739925484161,1.7873185346217597
2023-08-29,2.5055069628797635,2.027445535848308,2.1560549590517937,2.100203311530934,2.009559666350677,2.5055069628797635,2.027445535848308,2.1560549590517937,2.100203311530934,2.009559666350677,1.891161206830815,1.740148950268369,1.7226568008080976,1.7903162545534728
2023-08-30,2.512892366148458,2.0367984504741057,2.165174224739626,2.1066107114644184,2.018077526038502,2.512892366148458,2.0367984504741057,2.165174224739626,2.1066107114644184,2.018077526038502,1.8990734181547209,1.748609105066277,1.7294187826000182,1.7966024516370027
2023-08-31,2.5285404777473803,2.0487020420529234,2.18406413223585,2.1272567779167564,2.0279058256783,2.5285404777473803,2.0487020420529234,2.18406413223585,2.1272567779167564,2.0279058256783,1.9204476490856353,1.7659175209859506,1.743373017337593,1.8135191349911481
2023-09-01,2.5500143460902396,2.066982715232543,2.1931833979236823,2.1357999778280687,2.0495280848858557,2.5500143460902396,2.066982715232543,2.1931833979236823,2.1357999778280687,2.0495280848858557,1.934566867527495,1.780624837956831,1.7603669670500564,1.8276084998494786
2023-09-04,2.574077744848956,2.0895145599136677,2.205559544214312,2.1678369774954898,2.0881860634690605,2.574077744848956,2.0895145599136677,2.205559544214312,2.1678369774954898,2.0881860634690605,1.9656334829671596,1.8083122017944122,1.7855054344018932,1.8542934081707538
2023-09-05,2.581155632901481,2.090789898390178,2.2094678009376683,2.174956310754917,2.0868756235170873,2.581155632901481,2.090789898390178,2.2094678009376683,2.174956310754917,2.0868756235170873,1.9658151640875658,1.808763178800736,1.78582496714081,1.8539310754356984
2023-09-06,2.5886794255821446,2.107370077021311,2.2270549561927737,2.1927546439034837,2.107842662748656,2.5886794255821446,2.107370077021311,2.2270549561927737,2.1927546439034837,2.107842662748656,1.9751502868701238,1.817735508995597,1.7915416132275226,1.8642493113364247
2023-09-07,2.5802083116579624,2.0980171623955135,2.2107705531787873,2.1998739771629108,2.1084978827246426,2.5802083116579624,2.0980171623955135,2.2107705531787873,2.1998739771629108,2.1084978827246426,1.9845889317539764,1.823877763327731,1.7976349061970927,1.8693890322062132
2023-09-08,2.55532667064924,2.075910344046947,2.1834127561152905,2.1713966441252035,2.0868756235170873,2.55532667064924,2.075910344046947,2.1834127561152905,2.1713966441252035,2.0868756235170873,1.9600223146551081,1.8022566473925141,1.7760334578038652,1.8489481148513394
2023-09-11,2.552227875756415,2.078461150739384,2.1762476187891364,2.174956310754917,2.101945682964778,2.552227875756415,2.078461150739384,2.1762476187891364,2.174956310754917,2.101945682964778,1.9691077059397968,1.81140366406137,1.7814495053328576,1.8597175761849851
2023-09-12,2.5716821333333457,2.0958915117750516,2.1970916546470387,2.185635310644057,2.1196366223164143,2.5716821333333457,2.0958915117750516,2.1970916546470387,2.185635310644057,2.1196366223164143,1.9806865816867898,1.823745080263469,1.793689914664613,1.874912121395989
2023-09-13,2.5660935948671475,2.0950411996311002,2.1918806456825632,2.1963143105331975,2.128809701980226,2.5660935948671475,2.0950411996311002,2.1918806456825632,2.1963143105331975,2.128809701980226,1.9636089190294892,1.8096783829116199,1.7818633785722509,1.8660271144384102
2023-09-14,2.5831724722335765,2.1179983301236183,2.223146699469417,2.2354706434600455,2.1622259207555388,2.5831724722335765,2.1179983301236183,2.223146699469417,2.2354706434600455,2.1622259207555388,1.9928253874689479,1.8307566606877386,1.80081359670481,1.8868192126661774
2023-09-15,2.598572901669277,2.138829680256258,2.248550368171236,2.2639479764977533,2.1845033999390804,2.598572901669277,2.138829680256258,2.248550368171236,2.2639479764977533,2.1845033999390804,2.004987661021834,1.8421491711930043,1.8133800203764479,1.8973738473636408
2023-09-19,2.6049677893349785,2.138829680256258,2.2270549561927737,2.28174630964632,2.20153911931473,2.6049677893349785,2.138829680256258,2.2270549561927737,2.28174630964632,2.20153911931473,2.030946311841437,1.861723337822908,1.8309941493500685,1.9213187196751462
2023-09-20,2.5734949761122117,2.117148017979667,2.211421929299347,2.263947976497753,2.1818825200351344,2.5734949761122117,2.117148017979667,2.211421929299347,2.263947976497753,2.1818825200351344,2.0071479117596875,1.840885576097426,1.8118808468690342,1.8978751749720373
2023-09-21,2.556203173381109,2.099292500872023,2.182761379994731,2.2532689766086125,2.175330320275269,2.556203173381109,2.099292500872023,2.182761379994731,2.2532689766086125,2.175330320275269,2.0035815100221144,1.8415796708147645,1.8134330188192436,1.8998918357856072
2023-09-22,2.557037203473292,2.0916402105341287,2.17168798594522,2.27106730975718,2.162881140731525,2.557037203473292,2.0916402105341287,2.17168798594522,2.27106730975718,2.162881140731525,1.9997126098418179,1.8387917509887362,1.8105530991193053,1.8997279794420425
2023-09-25,2.576661424249675,2.1022684636364364,2.1918806456825632,2.2532689766086125,2.163536360707512,2.576661424249675,2.1022684636364364,2.1918806456825632,2.2532689766086125,2.163536360707512,1.997695329897681,1.8357578647276227,1.8103077112876487,1.8971296061834366
2023-09-26,2.561066457640932,2.089939715985643,2.168431105342423,2.231910976830332,2.160915480803566,2.561066457640932,2.089939715985643,2.168431105342423,2.231910976830332,2.160915480803566,1.99830711341694,1.8375052000287193,1.8118675380041416,1.8985827635245793
2023-09-27,2.574208818956146,2.093340705082614,2.165825600860185,2.2354706434600455,2.1563289409716604,2.574208818956146,2.093340705082614,2.165825600860185,2.2354706434600455,2.1563289409716604,2.0178307132657802,1.852940461883623,1.824871451157824,1.9136376795288055
2023-09-28,2.562352544512584,2.084838102600768,2.148889821725639,2.2283513102006185,2.1615707007795524,2.562352544512584,2.084838102600768,2.148889821725639,2.2283513102006185,2.1615707007795524,2.0130547608602725,1.8487832076938446,1.8202877041484022,1.9123373881107117
2023-09-29,2.540303110159683,2.0640067524681287,2.1501925739667582,2.1998739771629108,2.12618882207628,2.540303110159683,2.0640067524681287,2.1501925739667582,2.1998739771629108,2.12618882207628,1.9724929026575169,1.813332758032793,1.7882414988566637,1.8731737515189855
2023-10-02,2.5257915952543604,2.0567794884627926,2.144330188881723,2.1856353106440567,2.1242231621483203,2.5257915952543604,2.0567794884627926,2.144330188881723,2.1856353106440567,2.1242231621483203,1.9717132162668447,1.8124201671438809,1.7867699280618947,1.8729619258466128
2023-10-03,2.4754814880842035,2.0219188961308743,2.107201750009834,2.1464789777172086,2.0783577638292634,2.4754814880842035,2.0219188961308743,2.107201750009834,2.1464789777172086,2.0783577638292634,1.9265199099532775,1.7727921290289392,1.7495545989161174,1.829452348556441
2023-10-04,2.416036016625724,1.9713284373117734,2.0603026693295536,2.083828845034252,2.095393483204913,2.416036016625724,1.9713284373117734,2.0603026693295536,2.083828845034252,2.095393483204913,1.8597989157337755,1.7101341922818758,1.6912508257421126,1.7645085502142752
2023-10-05,2.465196190600417,2.010865486956591,2.0948256037192046,2.118001644679501,2.0475624249578965,2.465196190600417,2.010865486956591,2.0948256037192046,2.118001644679501,2.0475624249578965,1.9177506784454719,1.7620195789224893,1.7369006125485373,1.8157546367186517
2023-10-06,2.477591677822969,2.010865486956591,2.0928714753575264,2.121561311309214,2.0698399041414386,2.477591677822969,2.010865486956591,2.0928714753575264,2.121561311309214,2.0698399041414386,1.9338010247069661,1.7734118734498248,1.7482548702049032,1.827690743678157
2023-10-10,2.5233232047498015,2.0521031608893114,2.143027436640604,2.178515977384629,2.129565967422211,2.5233232047498015,2.0521031608893114,2.143027436640604,2.178515977384629,2.129565967422211,1.9763605223158078,1.8137741323890975,1.7881613925846072,1.8697030874249065
2023-10-11,2.5071853907514017,2.0491271981248986,2.1554035829312337,2.1820756440143425,2.114302640139347,2.5071853907514017,2.0491271981248986,2.1554035829312337,2.1820756440143425,2.114302640139347,1.9663698954496516,1.8054695858875391,1.7814986063249871,1.8710503558311808
2023-10-12,2.5325257749812398,2.0788863068113597,2.190577893441444,2.2034336437926236,2.13952031130234,2.5325257749812398,2.0788863068113597,2.190577893441444,2.2034336437926236,2.13952031130234,1.9808552250486242,1.822061670779089,1.7965505428967137,1.884325327043108
2023-10-13,2.4885333741048106,2.0504025366014083,2.1795044993919337,2.182075644014343,2.1103209025872958,2.4885333741048106,2.0504025366014083,2.1795044993919337,2.182075644014343,2.1103209025872958,1.9455019296931046,1.7882257705955265,1.7677042608559985,1.8497674396336532
2023-10-16,2.4490105540334968,2.0176675948899514,2.133908170952772,2.150038644346922,2.0837759855736193,2.4490105540334968,2.0176675948899514,2.133908170952772,2.150038644346922,2.0837759855736193,1.9248815522118643,1.7664958875019297,1.7503130141254992,1.8306826152665812
2023-10-17,2.4659428599397932,2.0355229822581777,2.1593118396545905,2.164277310865776,2.0990393128564833,2.4659428599397932,2.0355229822581777,2.1593118396545905,2.164277310865776,2.0990393128564833,1.9298456539895883,1.7735571851981802,1.75590772714583,1.8389581002345925
2023-10-18,2.477382490940844,2.039349257166542,2.1619173441368282,2.1785159773846297,2.1083300338112703,2.477382490940844,2.039349257166542,2.1619173441368282,2.1785159773846297,2.1083300338112703,1.9519510068922936,1.7918590886071866,1.772268673182244,1.8583590210603738
2023-10-19,2.4524178988552654,2.010865486956591,2.1221834007827014,2.142919311087495,2.0811214938722515,2.4524178988552654,2.010865486956591,2.1221834007827014,2.142919311087495,2.0811214938722515,1.9275683300691393,1.7675543714791102,1.7511372124922717,1.8328869849749372
2023-10-20,2.445034001381033,2.003638222951255,2.1111100067331905,2.142919311087495,2.076476133394858,2.445034001381033,2.003638222951255,2.1111100067331905,2.142919311087495,2.076476133394858,1.9223289334493296,1.7659123245889443,1.75064027307954,1.8277224328203763
2023-10-23,2.418954201422362,1.9883336422754656,2.0922200992369664,2.1251209779389275,2.058558314410626,2.418954201422362,1.9883336422754656,2.0922200992369664,2.1251209779389275,2.058558314410626,1.9013846892569308,1.746611213067931,1.7327212247258148,1.8087873245732
2023-10-24,2.433733721974465,1.9891838246799998,2.0980824843220014,2.1180016446795005,2.0578946914852843,2.433733721974465,1.9891838246799998,2.0980824843220014,2.1180016446795005,2.0578946914852843,1.9071510782396348,1.749234829064767,1.7365299321709147,1.8132603795602336
2023-10-25,2.4405051530048336,2.001937728402769,2.1085045022509528,2.139359644457781,2.069839904141439,2.4405051530048336,2.001937728402769,2.1085045022509528,2.139359644457781,2.069839904141439,1.9115244834942167,1.7546331576900553,1.7444343131163282,1.8213451839077424
2023-10-26,2.413557753760482,1.9738791142647938,2.062908173811791,2.116577778027615,2.050594839306523,2.413557753760482,1.9738791142647938,2.062908173811791,2.116577778027615,2.050594839306523,1.885542049281584,1.7346046951106582,1.725908366246355,1.7998840082272853
2023-10-27,2.4561045776507773,2.0053388472391576,2.092871475357526,2.1500386443469215,2.0897485919016963,2.4561045776507773,2.0053388472391576,2.092871475357526,2.1500386443469215,2.0897485919016963,1.9321515840594423,1.7777645758270653,1.7664448950284863,1.8461983080296134
2023-10-30,2.4227821114551853,1.9815315343421054,2.071376063379064,2.113018111397902,2.0499312163811814,2.4227821114551853,1.9815315343421054,2.071376063379064,2.113018111397902,2.0499312163811814,1.9117063806327117,1.7557796686954803,1.7441472452099993,1.801619902255871
2023-10-31,2.4593809534022015,2.003638222951255,2.0824494574285746,2.1336641778502394,2.075812510469516,2.4593809534022015,2.003638222951255,2.0824494574285746,2.1336641778502394,2.075812510469516,1.9480378031583114,1.7929564721825855,1.7789699014388196,1.8390967180793296
2023-11-01,2.4938172476833698,2.052103160889311,2.1299999142294146,2.178515977384629,2.1262478527955015,2.4938172476833698,2.052103160889311,2.1299999142294146,2.178515977384629,2.1262478527955015,1.9668858881519813,1.8223169643910067,1.8025890144166163,1.8572394286540097
2023-11-02,2.5044069401751217,2.062306257919643,2.156054959051793,2.1856353106440563,2.1255842298701597,2.5044069401751217,2.062306257919643,2.156054959051793,2.1856353106440563,2.1255842298701597,1.9646052241112393,1.8198662294542094,1.7963283670490333,1.8517519180886626
2023-11-06,2.5460551984368838,2.095891511775051,2.2042567919731924,2.2283513102006176,2.134211327899605,2.5460551984368838,2.095891511775051,2.2042567919731924,2.2283513102006176,2.134211327899605,1.97854807716327,1.8478858536553018,1.8256160244167372,1.881133727053889
2023-11-07,2.5214760825436153,2.069958548257537,2.176247618789136,2.206993310422337,2.108993656736612,2.5214760825436153,2.069958548257537,2.176247618789136,2.206993310422337,2.108993656736612,1.9621812332132735,1.8304692618594165,1.8053484083684708,1.8621620047669307
2023-11-08,2.4881748564987687,2.047426703576412,2.1697338575835414,2.1856353106440563,2.060549183186652,2.4881748564987687,2.047426703576412,2.1697338575835414,2.1856353106440563,2.060549183186652,1.9088589020264417,1.7811043469419183,1.760864056127251,1.8131428269715186
2023-11-09,2.5130977639270817,2.07420984949846,2.2036054158526333,2.2247916435709043,2.0831123626482775,2.5130977639270817,2.07420984949846,2.2036054158526333,2.2247916435709043,2.0831123626482775,1.9327302348415396,1.7984670169908648,1.7841532713149622,1.8303067543661746
2023-11-10,2.5222383143709863,2.075910344046946,2.1970916546470387,2.2354706434600446,2.1083300338112703,2.5222383143709863,2.075910344046946,2.1970916546470387,2.2354706434600446,2.1083300338112703,1.9469287150776031,1.8114062233146129,1.8003205629940027,1.8463108492010958
2023-11-13,2.516947220135627,2.074635005570436,2.196440278526479,2.246149643349185,2.116957131840715,2.516947220135627,2.074635005570436,2.196440278526479,2.246149643349185,2.116957131840715,1.956868413547513,1.817821766846924,1.8033213764845615,1.8558270991600978
2023-11-14,2.5173845111874287,2.0831376080522817,2.208165048696549,2.2639479764977524,2.1289023444968698,2.5173845111874287,2.0831376080522817,2.208165048696549,2.2639479764977524,2.1289023444968698,1.9447688656814224,1.812017135133685,1.7981899491132007,1.8527240470098019
2023-11-15,2.542690124147456,2.108220259425844,2.262229266702984,2.2675076431274657,2.128238721571528,2.542690124147456,2.108220259425844,2.262229266702984,2.2675076431274657,2.128238721571528,1.944057591111295,1.8134531974836787,1.79804990119346,1.8649123600824622
2023-11-16,2.524865140998412,2.1022684636364355,2.2524586248945924,2.2568286432383253,2.1222661152434505,2.524865140998412,2.1022684636364355,2.2524586248945924,2.2568286432383253,2.1222661152434505,1.9377852430799531,1.8109067419954405,1.788517516985115,1.8572175097109616
2023-11-17,2.553668028722755,2.122674657697099,2.2641833950646624,2.2888656429057463,2.14283842592905,2.553668028722755,2.122674657697099,2.2641833950646624,2.2888656429057463,2.14283842592905,1.9678670854599705,1.837686219454798,1.8125999195444356,1.88695621762377
2023-11-20,2.5418907157945156,2.1077951033538684,2.251807248774033,2.2639479764977524,2.1322204591235794,2.5418907157945156,2.1077951033538684,2.251807248774033,2.2639479764977524,2.1322204591235794,1.9457357198029435,1.8180514774762404,1.7891072786960478,1.861486058779715
2023-11-21,2.548761385726958,2.102693619708411,2.249853120412354,2.2497093099788987,2.1196116235420828,2.548761385726958,2.102693619708411,2.249853120412354,2.2497093099788987,2.1196116235420828,1.9516286366345938,1.8197238803591829,1.792763106057715,1.8664440382118073
2023-11-22,2.55990478692026,2.1111962221902574,2.255715505497389,2.260388309868039,2.1322204591235794,2.55990478692026,2.1111962221902574,2.255715505497389,2.260388309868039,2.1322204591235794,1.9772128223392884,1.8443040316125852,1.8132738001036652,1.8914427235748599
2023-11-24,2.573424109090898,2.124800308317561,2.269394404029138,2.2746269763868927,2.1561108844358885,2.573424109090898,2.124800308317561,2.269394404029138,2.2746269763868927,2.1561108844358885,1.9868211774470308,1.8548948274046624,1.8262317116017517,1.8991210896100974
2023-11-27,2.5691901415221983,2.1171480179796665,2.2544127532562706,2.2675076431274657,2.1554472615105467,2.5691901415221983,2.1171480179796665,2.2544127532562706,2.2675076431274657,2.1554472615105467,1.987019384270348,1.8564739906505459,1.8257291886831184,1.9002129622895272
2023-11-28,2.574535564764327,2.1124715606667674,2.253110001015152,2.2532689766086116,2.1481474093317856,2.574535564764327,2.1124715606667674,2.253110001015152,2.2532689766086116,2.1481474093317856,1.9913884361613639,1.86319396069398,1.832221286666225,1.906811244505728
2023-11-29,2.568209081531361,2.0997176569439984,2.2465962398095574,2.2461496433491845,2.1342113278996053,2.568209081531361,2.0997176569439984,2.2465962398095574,2.2461496433491845,2.1342113278996053,1.9807619398907084,1.8477911978479908,1.8206885819543106,1.8889250645888152
2023-11-30,2.575667926995764,2.1103459100463056,2.2576696338590683,2.256828643238325,2.138856688376999,2.575667926995764,2.1103459100463056,2.2576696338590683,2.256828643238325,2.138856688376999,1.9915283569318023,1.8634922014054025,1.834152512354917,1.9053196284266174
2023-12-01,2.575048703369373,2.117148017979666,2.256366881617949,2.263947976497752,2.1508019010331534,2.575048703369373,2.117148017979666,2.256366881617949,2.263947976497752,2.1508019010331534,1.9905487681017555,1.8634362862078688,1.835846784361838,1.9070731615696466
2023-12-04,2.574240151430378,2.0975920063235365,2.2394311024834033,2.256828643238325,2.137529442526315,2.574240151430378,2.0975920063235365,2.2394311024834033,2.256828643238325,2.137529442526315,1.9924710561282533,1.8609844487497027,1.833228792845408,1.9046978502167433
2023-12-05,2.5466898940728866,2.080161645287869,2.211421929299347,2.249709309978898,2.1242569840194765,2.5466898940728866,2.080161645287869,2.211421929299347,2.249709309978898,2.1242569840194765,1.9627240364839107,1.8355744720116915,1.8086489828243704,1.8792317254362358
2023-12-06,2.5906292455444624,2.1222496313645403,2.2544127532562706,2.2746269763868923,2.1567745073612303,2.5906292455444624,2.1222496313645403,2.2544127532562706,2.2746269763868923,2.1567745073612303,1.9941320676141667,1.8691653819199892,1.8422048342375525,1.9121251592696251
2023-12-07,2.55953529216606,2.0954663557030746,2.217935690504941,2.263947976497752,2.1474837864064433,2.55953529216606,2.0954663557030746,2.217935690504941,2.263947976497752,2.1474837864064433,1.9808509943317185,1.8607404516602297,1.8349796936746,1.9006212661332709
2023-12-08,2.5246567995346676,2.0614559457756902,2.1788531232713737,2.2141126436817635,2.107666410885928,2.5246567995346676,2.0614559457756902,2.1788531232713737,2.2141126436817635,2.107666410885928,1.9436764019323132,1.8210477139787515,1.7988088172754786,1.8598765646426152
2023-12-11,2.5585488152766667,2.09461617329854,2.212073305419906,2.2461496433491845,2.131556836198237,2.5585488152766667,2.09461617329854,2.212073305419906,2.2461496433491845,2.131556836198237,1.9628779355483974,1.843292435139516,1.8244624460795642,1.8851642934094404
2023-12-12,2.5499821118059205,2.0907898983901756,2.214027433781584,2.235470643460044,2.1189480006167405,2.5499821118059205,2.0907898983901756,2.214027433781584,2.235470643460044,2.1189480006167405,1.9566604249034392,1.839248937506414,1.8198123882475756,1.883529518202961
2023-12-13,2.5513601917282265,2.0920653666061026,2.2218439472282974,2.228351310200617,2.1109845255126376,2.5513601917282265,2.0920653666061026,2.2218439472282974,2.228351310200617,2.1109845255126376,1.9492302758400666,1.8332806074845165,1.815143108700274,1.8794412807843917
2023-12-14,2.5249016974038296,2.0627314139916173,2.204256791973192,2.185635310644056,2.0578946914852843,2.5249016974038296,2.0627314139916173,2.204256791973192,2.185635310644056,2.0578946914852843,1.9223960689823025,1.8091961199983613,1.7912293560691728,1.8505561810932576
2023-12-15,2.536545895428341,2.073359667093925,2.2237980755899756,2.196314310533196,2.075148887544174,2.536545895428341,2.073359667093925,2.2237980755899756,2.196314310533196,2.075148887544174,1.9296522388419897,1.8153503877863228,1.795382944486913,1.8533651746624569
2023-12-18,2.5223059809096657,2.057629800606743,2.209467800937668,2.1820756440143425,2.0651945436640453,2.5223059809096657,2.057629800606743,2.209467800937668,2.1820756440143425,2.0651945436640453,1.9153643464790395,1.8016784198257108,1.7801114608791941,1.841264142812248
2023-12-19,2.5432946901582274,2.0737846934264836,2.239431102483403,2.19987397716291,2.0718307729174645,2.5432946901582274,2.0737846934264836,2.239431102483403,2.19987397716291,2.0718307729174645,1.9214680179138088,1.813127058572103,1.7925960710872377,1.8522462366870438
2023-12-20,2.553745187008063,2.0895145599136655,2.2733026607524947,2.224791643570904,2.0950575753044314,2.553745187008063,2.0895145599136655,2.2733026607524947,2.224791643570904,2.0950575753044314,1.9324891900570365,1.8234691577475342,1.8012572136214706,1.8629044690010526
2023-12-21,2.5319141697260936,2.0678328976370746,2.233568717398368,2.2105529770520502,2.0771397563201996,2.5319141697260936,2.0678328976370746,2.233568717398368,2.2105529770520502,2.0771397563201996,1.9193872143046913,1.8110256754946743,1.788024811319244,1.8483228127853342
2023-12-22,2.548549415228723,2.075910344046945,2.236825598001165,2.224791643570904,2.092403083603064,2.548549415228723,2.075910344046945,2.236825598001165,2.224791643570904,2.092403083603064,1.9331581425948627,1.8252102039955298,1.8007858581704113,1.8615488572441485
2023-12-25,2.543697502164153,2.076760656190897,2.243990735327319,2.217672310311477,2.0864304772749867,2.543697502164153,2.076760656190897,2.243990735327319,2.217672310311477,2.0864304772749867,1.92795040777936,1.8215275516860423,1.7971598602374872,1.8598886891516198
2023-12-26,2.548758049579005,2.077185812262873,2.243990735327319,2.21055297705205,2.083775985573619,2.548758049579005,2.077185812262873,2.243990735327319,2.21055297705205,2.083775985573619,1.9415767778731654,1.8297603909467692,1.8060325280044105,1.8676054561230395
2023-12-27,2.5826170676463667,2.1009931251599254,2.2713485323908165,2.242589976719471,2.107666410885928,2.5826170676463667,2.1009931251599254,2.2713485323908165,2.242589976719471,2.107666410885928,1.95769533817843,1.8435093294159788,1.8209274915828833,1.8828315528142126
2023-12-28,2.5952622495463142,2.099717656943998,2.2667888995469005,2.2354706434600438,2.10501191918456,2.5952622495463142,2.099717656943998,2.2667888995469005,2.2354706434600438,2.10501191918456,1.9672900317663857,1.851523312101981,1.8273283379627832,1.8920503529865464
2023-12-29,2.602453704820359,2.1039689581849212,2.2576696338590683,2.242589976719471,2.1216024923181083,2.602453704820359,2.1039689581849212,2.2576696338590683,2.242589976719471,2.1216024923181083,1.9770067219522487,1.8638827647822127,1.8410012623266687,1.9042166358771357
2024-01-04,2.6286470622584237,2.114597211287229,2.2478989920506764,2.278186643016605,2.148811032257127,2.6286470622584237,2.114597211287229,2.2478989920506764,2.278186643016605,2.148811032257127,2.005724845893879,1.8911393808205332,1.8650110802002295,1.9326276410795082
2024-01-05,2.625797171599981,2.127351115009998,2.2570182577385087,2.3031043094245995,2.1894911175805865,2.625797171599981,2.127351115009998,2.2570182577385087,2.3031043094245995,2.1894911175805865,2.025245835580963,1.9044263136860156,1.8781598405011986,1.9468742032786976
2024-01-09,2.6580877086334915,2.1443563199736904,2.2817705503197683,2.31378330931374,2.18816011994072,2.6580877086334915,2.1443563199736904,2.2817705503197683,2.31378330931374,2.18816011994072,2.045026930403364,1.9224517272514727,1.8959306283871606,1.9644319248741313
2024-01-10,2.672639762106685,2.1732652462556175,2.328669631000049,2.3351413090920206,2.2041320916191194,2.672639762106685,2.1732652462556175,2.328669631000049,2.3351413090920206,2.2041320916191194,2.0548979393767426,1.9312309895475714,1.9040231724989014,1.9735248430678793
2024-01-11,2.687271139472914,2.207275656183002,2.370357702715854,2.377857308648582,2.2307520444164517,2.687271139472914,2.207275656183002,2.370357702715854,2.377857308648582,2.2307520444164517,2.07872926601027,1.9506779451134406,1.9225318358110821,1.9953367809880422
2024-01-12,2.6814998040263007,2.2179039092853094,2.402926508743827,2.395655641797149,2.233414039696185,2.6814998040263007,2.2179039092853094,2.402926508743827,2.395655641797149,2.233414039696185,2.065751490636742,1.9393484947340176,1.9123923959131197,1.9829275944143496
2024-01-15,2.688734204838872,2.228532162387617,2.408788893828862,2.4170136415754295,2.2560409995739175,2.688734204838872,2.228532162387617,2.408788893828862,2.4170136415754295,2.2560409995739175,2.093101745030253,1.958753048582248,1.9301465955621424,2.002318574764369
2024-01-16,2.681652564623137,2.228957188720175,2.4094402699494215,2.42769264146457,2.2653579830529837,2.681652564623137,2.228957188720175,2.4094402699494215,2.42769264146457,2.2653579830529837,2.093161647935173,1.9595273133099596,1.9306519393146653,1.9984737948719928
2024-01-17,2.666883052694052,2.217903909285309,2.398366875899911,2.42769264146457,2.2646924842330503,2.666883052694052,2.217903909285309,2.398366875899911,2.42769264146457,2.2646924842330503,2.085186513089392,1.951755982956949,1.927006090682992,1.9924235391479703
2024-01-18,2.6658803091073575,2.215352972853454,2.3951099952971138,2.420573308205143,2.2547100019340505,2.6658803091073575,2.215352972853454,2.3951099952971138,2.420573308205143,2.2547100019340505,2.080964743821724,1.951734664968273,1.9268270936028769,1.9988408816859555
2024-01-19,2.679901339919498,2.23150812515203,2.430935681927884,2.456169974502277,2.26469248423305,2.679901339919498,2.23150812515203,2.430935681927884,2.456169974502277,2.26469248423305,2.093241643302989,1.9683229774033688,1.9415750328428958,1.9994714402526015
2024-01-22,2.7163609918174996,2.2646682229354624,2.4706696252820106,2.4668489743914175,2.299963921689515,2.7163609918174996,2.2646682229354624,2.4706696252820106,2.4668489743914175,2.299963921689515,2.1160636442339813,1.994222837774388,1.967759004261131,2.0276092304509055
2024-01-23,2.708930565725749,2.261267233838491,2.468064120799773,2.4739683076508445,2.2933089334901817,2.708930565725749,2.261267233838491,2.468064120799773,2.4739683076508445,2.2933089334901817,2.1068760192336797,1.9862924178788302,1.9592862595819889,2.0171739286346813
2024-01-24,2.696558853871395,2.2480880443043283,2.44722008494187,2.43837164135371,2.2839919500111154,2.696558853871395,2.2480880443043283,2.44722008494187,2.43837164135371,2.2839919500111154,2.1018017793100796,1.9782283819810305,1.949176193876456,2.011798787978939
2024-01-25,2.713892359304157,2.2506389807361833,2.4491742133035483,2.4490506412428505,2.2886504417506486,2.713892359304157,2.2506389807361833,2.4491742133035483,2.4490506412428505,2.2886504417506486,2.1130025604935154,1.9911243556997604,1.9603391514321604,2.0267435681745813
2024-01-26,2.6910050189212047,2.2208798720497223,2.4146512789138974,2.4134539749457162,2.265357983052983,2.6910050189212047,2.2208798720497223,2.4146512789138974,2.4134539749457162,2.265357983052983,2.087635150183776,1.9667885918508574,1.9373981791925727,2.0033175583362044
2024-01-29,2.715442538019378,2.24766301797177,2.4348439386512406,2.445490974613137,2.2926434346702482,2.715442538019378,2.24766301797177,2.4348439386512406,2.445490974613137,2.2926434346702482,2.1165811100940033,1.996864768995256,1.9658662991306737,2.033676582660495
2024-01-30,2.7093990822806364,2.24766301797177,2.4367980670129192,2.452610307872564,2.2839919500111154,2.7093990822806364,2.24766301797177,2.4367980670129192,2.452610307872564,2.2839919500111154,2.1024989841551474,1.9849480376367024,1.960013927031449,2.0203719306963435
2024-01-31,2.728932686751356,2.270194862652895,2.451779717785787,2.4882069741696986,2.3185978886476475,2.728932686751356,2.270194862652895,2.451779717785787,2.4882069741696986,2.3185978886476475,2.1257662562040327,2.006053369110253,1.9791246238772016,2.0464362665968294
2024-02-01,2.7137257332661195,2.2527646313566447,2.4296329296867656,2.4739683076508445,2.2933089334901817,2.7137257332661195,2.2527646313566447,2.4296329296867656,2.4739683076508445,2.2933089334901817,2.1168131510267676,1.9987767890320318,1.9709102056191203,2.0351391746478478
2024-02-02,2.7240607912932098,2.2595666095505873,2.4439632043390738,2.4597296411319904,2.2799989570915153,2.7240607912932098,2.2595666095505873,2.4439632043390738,2.4597296411319904,2.2799989570915153,2.1233271039270933,2.0150062468593712,1.9823452516986995,2.0491779926370843
2024-02-05,2.74205879441433,2.277422126658231,2.458944855111941,2.473968307650844,2.301294919329381,2.74205879441433,2.277422126658231,2.458944855111941,2.473968307650844,2.301294919329381,2.1478104928590636,2.0363842685145093,2.003539661136605,2.072201518286439
2024-02-06,2.721453690410706,2.2587162974066355,2.4433118282185142,2.466848974391417,2.2700164747925156,2.721453690410706,2.2587162974066355,2.4433118282185142,2.466848974391417,2.2700164747925156,2.132313137011428,2.01684301361453,1.9870947631745897,2.0519578742544335
2024-02-07,2.7263909957766734,2.2684942383649913,2.442009075977395,2.466848974391417,2.287984942930715,2.7263909957766734,2.2684942383649913,2.442009075977395,2.466848974391417,2.287984942930715,2.1438418244543884,2.023547183690353,1.9953077746759473,2.05989467040761
2024-02-08,2.7231376135272405,2.2799728036112503,2.491513661139914,2.427692641464569,2.2846574488310485,2.7231376135272405,2.2799728036112503,2.491513661139914,2.427692641464569,2.2846574488310485,2.1243226658993057,2.0184422114549285,1.9906924638161747,2.0545447200214704
2024-02-09,2.71537804196025,2.275296476037769,2.492165037260473,2.44121937465748,2.2726784700722487,2.71537804196025,2.275296476037769,2.492165037260473,2.44121937465748,2.2726784700722487,2.1253116625594206,2.011965704395307,1.9790029165380496,2.0461532774133624
2024-02-13,2.7508981787126587,2.3258868051174515,2.565119162763132,2.4880965561501642,2.3106119028084473,2.7508981787126587,2.3258868051174515,2.565119162763132,2.4880965561501642,2.3106119028084473,2.1659012430623634,2.0518206742802416,2.026970306594758,2.085250576539632
2024-02-14,2.7172138580344,2.298253347051452,2.549486135869705,2.480884682074367,2.2899814393905147,2.7172138580344,2.298253347051452,2.549486135869705,2.480884682074367,2.2899814393905147,2.1630591421120404,2.0432495412320826,2.0187193415479445,2.077585914306586
2024-02-15,2.7073824752174063,2.309306885965153,2.5787980612948807,2.4989143672638607,2.292643434670248,2.7073824752174063,2.309306885965153,2.5787980612948807,2.4989143672638607,2.292643434670248,2.1607753950961004,2.0432908203585116,2.030667651775338,2.082530086167159
2024-02-16,2.74728477256846,2.3382156825076628,2.602247601635021,2.5313678006049494,2.336566356785846,2.74728477256846,2.3382156825076628,2.602247601635021,2.5313678006049494,2.336566356785846,2.1916417201024334,2.070775144341628,2.0527801496957347,2.1102775579517608
2024-02-19,2.7804854057146926,2.3496942477539218,2.5976879687911048,2.5313678006049494,2.359193316663579,2.7804854057146926,2.3496942477539218,2.5976879687911048,2.5313678006049494,2.359193316663579,2.22238862386511,2.0972394699892902,2.077706682394186,2.137917359283006
2024-02-20,2.7771671516851666,2.34884393560997,2.593779712067748,2.524155926529152,2.349210834364579,2.7771671516851666,2.34884393560997,2.593779712067748,2.524155926529152,2.349210834364579,2.214416601539076,2.091595856677118,2.0700209033457675,2.13376396114113
2024-02-21,2.767488075950856,2.3369403440311527,2.586614574741594,2.524155926529152,2.342555846165246,2.767488075950856,2.3369403440311527,2.586614574741594,2.524155926529152,2.342555846165246,2.2021128234270138,2.0875557056797094,2.0648191322266025,2.129333543259887
2024-02-22,2.7875911828841287,2.368825103338075,2.6432842972302666,2.534973737642848,2.3658483048629115,2.7875911828841287,2.368825103338075,2.6432842972302666,2.534973737642848,2.3658483048629115,2.213796787915936,2.097989746369484,2.071621257258251,2.141029311993098
2024-02-26,2.8015005279400724,2.379453356440383,2.6484953061947425,2.5277618635670502,2.366513803682845,2.8015005279400724,2.379453356440383,2.6484953061947425,2.5277618635670502,2.366513803682845,2.202920059730381,2.088534995386771,2.0626582201082,2.129036325371814
2024-02-27,2.810847560965988,2.382429319204796,2.653054939038659,2.5277618635670502,2.367179302502778,2.810847560965988,2.382429319204796,2.653054939038659,2.5277618635670502,2.367179302502778,2.20806602831761,2.0915962575525637,2.061524060431586,2.130664681770835
2024-02-28,2.821384645009956,2.379878382772941,2.6497980584358616,2.5277618635670502,2.3685103001426446,2.821384645009956,2.379878382772941,2.6497980584358616,2.5277618635670502,2.3685103001426446,2.2193986891658963,2.0979034309579077,2.071673124617174,2.133881762777545
2024-02-29,2.817651531994262,2.3849799961578158,2.649146682315302,2.531367800604949,2.371172295422378,2.817651531994262,2.3849799961578158,2.649146682315302,2.531367800604949,2.371172295422378,2.2181072422998267,2.0974792294043416,2.075953096675572,2.133432774949721
2024-03-01,2.8291286741907684,2.410062777270796,2.6993026435983802,2.5530034228323415,2.4037817375991106,2.8291286741907684,2.410062777270796,2.6993026435983802,2.5530034228323415,2.4037817375991106,2.218155252473549,2.103085650989909,2.0798343412761007,2.1354050352300655
2024-03-04,2.8146382755470882,2.410062777270796,2.7110274137684507,2.5457915487565437,2.3924682576602443,2.8146382755470882,2.410062777270796,2.7110274137684507,2.5457915487565437,2.3924682576602443,2.208741242326008,2.0891727886976517,2.065627632667865,2.122175503321325
2024-03-05,2.822242204810777,2.4219663688496134,2.713632918250689,2.560215296908139,2.4084402293386438,2.822242204810777,2.4219663688496134,2.713632918250689,2.560215296908139,2.4084402293386438,2.220362185487541,2.0948371572314977,2.0713646099997374,2.1338716327374856
2024-03-06,2.848371331833971,2.4304689713314596,2.711027413768451,2.560215296908139,2.4270741962967763,2.848371331833971,2.4304689713314596,2.711027413768451,2.560215296908139,2.4270741962967763,2.2314433796737285,2.110138291346029,2.0883392293052325,2.153859455262014
2024-03-07,2.8408626852673327,2.4189904060852,2.6758531032582407,2.5530034228323415,2.4244122010170432,2.8408626852673327,2.4189904060852,2.6758531032582407,2.5530034228323415,2.4244122010170432,2.234327204829329,2.1089138016576956,2.0911900362844777,2.1494614905369143
2024-03-08,2.857487698336565,2.424092019470075,2.6804127361021566,2.574639045059734,2.4270741962967763,2.857487698336565,2.424092019470075,2.6804127361021566,2.574639045059734,2.4270741962967763,2.2627319578405993,2.12836211945178,2.1143801316741575,2.1659388246243694
2024-03-11,2.8084179586600224,2.3735014309115567,2.6256971419751625,2.5169440524533533,2.3711722954223786,2.8084179586600224,2.3735014309115567,2.6256971419751625,2.5169440524533533,2.3711722954223786,2.19325027124763,2.067515571041319,2.060157084311061,2.1045901221553973
2024-03-12,2.8237361783794928,2.3632984636206427,2.625045765854603,2.4989143672638594,2.365848304862912,2.8237361783794928,2.3632984636206427,2.625045765854603,2.4989143672638594,2.365848304862912,2.2010217231824054,2.0812882189288286,2.0666494245325624,2.121051251139209
2024-03-13,2.808486296841973,2.356921511759258,2.6159265001667706,2.4917024931880616,2.3545348249240456,2.808486296841973,2.356921511759258,2.6159265001667706,2.4917024931880616,2.3545348249240456,2.2005316131200883,2.079739470835584,2.0651170118936597,2.1176494789632136
2024-03-14,2.829417610934763,2.370950753958537,2.6250457658546034,2.506126241339657,2.3771617848017783,2.829417610934763,2.370950753958537,2.6250457658546034,2.506126241339657,2.3771617848017783,2.2223131632470396,2.1043160136628267,2.0874624133204644,2.1426782468642718
2024-03-15,2.8352716300411647,2.3773277058199214,2.615926500166771,2.5241559265291507,2.3997887446795105,2.8352716300411647,2.3773277058199214,2.615926500166771,2.5241559265291507,2.3997887446795105,2.2288461457627684,2.110491697245593,2.0921386753201827,2.149586082901472
2024-03-18,2.874323168516256,2.4228166809935647,2.6849723689460734,2.5602152969081384,2.4350601821359756,2.874323168516256,2.4228166809935647,2.6849723689460734,2.5602152969081384,2.4350601821359756,2.255815768212635,2.1368627959450497,2.1167069023579197,2.178313860810223
2024-03-19,2.896747042390165,2.448749514771661,2.7006053958395,2.581850919135531,2.469000621952574,2.896747042390165,2.448749514771661,2.7006053958395,2.581850919135531,2.469000621952574,2.2859602765960925,2.1690488311042855,2.1505254617880345,2.213083123096747
2024-03-21,2.9288467890093774,2.48913687656043,2.756623742207613,2.6287281006282153,2.5082650523286394,2.9288467890093774,2.48913687656043,2.756623742207613,2.6287281006282153,2.5082650523286394,2.3149714392435934,2.19922105290013,2.1798737925988467,2.2429245095523056
2024-03-22,2.9430751504963384,2.50529176938017,2.763788879533767,2.6431518487798105,2.534885005125972,2.9430751504963384,2.50529176938017,2.763788879533767,2.6431518487798105,2.534885005125972,2.34122302926251,2.2192443449190145,2.198239380748361,2.263205777486668
2024-03-25,2.9139537501249277,2.4721316715967374,2.732522825746913,2.6070924784008227,2.508930551148573,2.9139537501249277,2.4721316715967374,2.732522825746913,2.6070924784008227,2.508930551148573,2.3154491870064846,2.1951159549907464,2.1720910882583015,2.237774900038792
2024-03-26,2.9149834660239433,2.4776583113141704,2.733825577988032,2.6070924784008227,2.5109270476083725,2.9149834660239433,2.4776583113141704,2.733825577988032,2.6070924784008227,2.5109270476083725,2.313074855712887,2.1941255430799225,2.176544957862913,2.240956116630345
2024-03-27,2.933296928668546,2.490412215036939,2.7533668616048157,2.6251221635903166,2.5255680216469054,2.933296928668546,2.490412215036939,2.7533668616048157,2.6251221635903166,2.5255680216469054,2.327935083996939,2.21374397514703,2.1966512500910746,2.261685502443669
2024-03-28,2.9116709993585532,2.472981983740689,2.7305686973852348,2.61430435247662,2.513589042888106,2.9116709993585532,2.472981983740689,2.7305686973852348,2.61430435247662,2.513589042888106,2.322193245546756,2.2077765412134704,2.1880361268915616,2.254721367169619
2024-03-29,2.941686592954061,2.485735887463458,2.7442475959169834,2.632334037666114,2.541539993325305,2.941686592954061,2.485735887463458,2.7442475959169834,2.632334037666114,2.541539993325305,2.3530684151560948,2.2386858632091164,2.217900312971263,2.2823928628617254
2024-04-01,2.9023223104518734,2.442372562910276,2.709073285406773,2.5962746672871257,2.4869690900907737,2.9023223104518734,2.442372562910276,2.709073285406773,2.5962746672871257,2.4869690900907737,2.296457460984553,2.1825061331611653,2.1682161534371365,2.2236267189818903
2024-04-02,2.870287446074687,2.43514529890494,2.7110274137684516,2.5998806043250244,2.4889655865505738,2.870287446074687,2.43514529890494,2.7110274137684516,2.5998806043250244,2.4889655865505738,2.301439491003484,2.1759342422952237,2.166022428878928,2.217114529717596
2024-04-03,2.865972458754337,2.429618659187507,2.685623745066633,2.5962746672871257,2.491627581830307,2.865972458754337,2.429618659187507,2.685623745066633,2.5962746672871257,2.491627581830307,2.3168039727978655,2.1807073971815636,2.171033274297174,2.2215890544198356
2024-04-04,2.883713072517578,2.454276154489093,2.709724661527333,2.6179102895145183,2.5119918457202663,2.883713072517578,2.454276154489093,2.709724661527333,2.6179102895145183,2.5119918457202663,2.3460384179386513,2.2025961139461248,2.191636651681203,2.244537779167664
2024-04-05,2.8709407227383106,2.4266426964230936,2.6537063151592197,2.6106984154387205,2.540727305609548,2.8709407227383106,2.4266426964230936,2.6537063151592197,2.6106984154387205,2.540727305609548,2.3367344951070486,2.1918905912709987,2.180160707096313,2.23364947190178
2024-04-08,2.893103921324369,2.449599826915612,2.6732475987760034,2.6287281006282144,2.5537181072259587,2.893103921324369,2.449599826915612,2.6732475987760034,2.6287281006282144,2.5537181072259587,2.3576201263564833,2.2110929417069003,2.199072813923408,2.2546364365444003
2024-04-09,2.914418796145084,2.4721316715967365,2.703862276442298,2.650363722855607,2.5783322576570527,2.914418796145084,2.4721316715967365,2.703862276442298,2.650363722855607,2.5783322576570527,2.376700288930299,2.2368511654043983,2.221715682988875,2.280735658339331
2024-04-10,2.919179176372108,2.462778756970939,2.6914861301516684,2.6395459117419104,2.563290276838051,2.919179176372108,2.462778756970939,2.6914861301516684,2.6395459117419104,2.563290276838051,2.3721910900170164,2.2346145017794306,2.2174994421454888,2.2811949731422017
2024-04-11,2.92060966658796,2.467030058211862,2.683018240584395,2.6431518487798096,2.568760088044961,2.92060966658796,2.467030058211862,2.683018240584395,2.6431518487798096,2.568760088044961,2.3837616995002264,2.2483956988046594,2.230269992194109,2.2947672247475217
2024-04-12,2.930376559840383,2.479358935602073,2.6908347540311084,2.639545911741911,2.582434616062235,2.930376559840383,2.479358935602073,2.6908347540311084,2.639545911741911,2.582434616062235,2.3774951250877576,2.2522733885109503,2.2329527299930527,2.3021793034592806
2024-04-15,2.927143167562153,2.4695809946437173,2.666082461449849,2.6179102895145183,2.58516952166569,2.927143167562153,2.4695809946437173,2.666082461449849,2.6179102895145183,2.58516952166569,2.386417622382907,2.2487988222488604,2.235812488814527,2.298587310186917
2024-04-16,2.8707447424499897,2.4198407182291506,2.6159265001667706,2.5674271709839354,2.5284202303940018,2.8707447424499897,2.4198407182291506,2.6159265001667706,2.5674271709839354,2.5284202303940018,2.331727396599253,2.193344011052213,2.1790697029354478,2.2403626651584676
2024-04-17,2.834792655542961,2.390506635875248,2.584660446379917,2.571033108021834,2.4908152783464974,2.834792655542961,2.390506635875248,2.584660446379917,2.571033108021834,2.4908152783464974,2.3065733679680536,2.168787248319017,2.151157837070502,2.2156593258383963
2024-04-18,2.861843332381797,2.4045358780745265,2.5898714553443924,2.556609359870239,2.515429428777591,2.861843332381797,2.4045358780745265,2.5898714553443924,2.556609359870239,2.515429428777591,2.330580277887414,2.1873492439947917,2.1690112961208743,2.235482723429376
2024-04-19,2.806919615286293,2.3590471623797185,2.52082558656509,2.55300342283234,2.482610561536133,2.806919615286293,2.3590471623797185,2.52082558656509,2.55300342283234,2.482610561536133,2.293146817128279,2.151260675411674,2.1352417343878756,2.1989656453850523
2024-04-22,2.8514540139515434,2.392632286495709,2.548183383628587,2.5854568561734292,2.5284202303940018,2.8514540139515434,2.392632286495709,2.548183383628587,2.5854568561734292,2.5284202303940018,2.3197771911179275,2.180368281954141,2.1639705753870953,2.2294945441217817
2024-04-23,2.8563904454493207,2.3841296840138626,2.557954025436979,2.578244982097632,2.5359412208035024,2.8563904454493207,2.3841296840138626,2.557954025436979,2.578244982097632,2.5359412208035024,2.3203880652804494,2.177265571005557,2.16302882204149,2.225189977296143
2024-04-24,2.8838460366903305,2.431319283475409,2.6126696195639734,2.6251221635903157,2.560555371234596,2.8838460366903305,2.431319283475409,2.6126696195639734,2.6251221635903157,2.560555371234596,2.3385076087947705,2.1977927754237,2.185408664478919,2.244439854122301
2024-04-25,2.846402539376065,2.39348259863966,2.5599081537986574,2.5602152969081375,2.516113155178455,2.846402539376065,2.39348259863966,2.5599081537986574,2.5602152969081375,2.516113155178455,2.309936548782107,2.162259847449159,2.153494817869263,2.207006912134361
2024-04-26,2.8690683286094765,2.408787179315449,2.5801008135360006,2.599880604325024,2.5304714095965926,2.8690683286094765,2.408787179315449,2.5801008135360006,2.599880604325024,2.5304714095965926,2.340564177381626,2.179691634897988,2.1705003057967973,2.2266112812513423
2024-04-30,2.908568135273657,2.4598027942065253,2.609412738961176,2.6539696598935056,2.581750889661371,2.908568135273657,2.4598027942065253,2.609412738961176,2.6539696598935056,2.581750889661371,2.3663865737949727,2.2116958943174065,2.2045569396583855,2.2624415172959655
2024-05-01,2.8883681970651307,2.4500248532481694,2.6009448493939034,2.628728100628214,2.566708908842369,2.8883681970651307,2.4500248532481694,2.6009448493939034,2.628728100628214,2.566708908842369,2.33970117197891,2.192750402831156,2.1864615266798584,2.239471013560859
2024-05-02,2.885123938716002,2.452150503868631,2.6009448493939034,2.646757785817708,2.5571367392302773,2.885123938716002,2.452150503868631,2.6009448493939034,2.646757785817708,2.5571367392302773,2.337024229492977,2.192030296168581,2.185227958222612,2.237824984964585
2024-05-07,2.909604750532741,2.4666050318793036,2.638073288265792,2.653969659893505,2.5639740032389144,2.909604750532741,2.4666050318793036,2.638073288265792,2.653969659893505,2.5639740032389144,2.345475841472324,2.201139493931168,2.1942558942428128,2.246548849517207
2024-05-08,2.8907657649160483,2.433444934095871,2.5996420971527843,2.61069841543872,2.5311551359974565,2.8907657649160483,2.433444934095871,2.5996420971527843,2.61069841543872,2.5311551359974565,2.3339337261855677,2.192629986083671,2.1843588553376145,2.237981241594565
2024-05-09,2.9080821277215434,2.436845923192842,2.5898714553443924,2.628728100628214,2.559871644833732,2.9080821277215434,2.436845923192842,2.5898714553443924,2.628728100628214,2.559871644833732,2.3414145413020178,2.2033068797020032,2.199830364905763,2.2464373098512516
2024-05-10,2.9202820105142613,2.449599826915611,2.6009448493939034,2.6683934080451004,2.5920067856743265,2.9202820105142613,2.449599826915611,2.6009448493939034,2.6683934080451004,2.5920067856743265,2.374988241044377,2.2299572972424513,2.22263151990252,2.2730207522327914
2024-05-13,2.9223596503441853,2.4474741762951497,2.595733840429428,2.6503637228556065,2.576964804855325,2.9223596503441853,2.4474741762951497,2.595733840429428,2.6503637228556065,2.576964804855325,2.371862579114851,2.2306908111566095,2.2122047240171034,2.2746477817352435
2024-05-14,2.9223057714422787,2.450875165392121,2.606155858358379,2.6503637228556065,2.572178720049279,2.9223057714422787,2.450875165392121,2.606155858358379,2.6503637228556065,2.572178720049279,2.3545877485252524,2.228619789825662,2.2052360775989075,2.268735987969636
2024-05-15,2.9005636344349432,2.4551264666330437,2.610064115081735,2.63954591174191,2.583118342463098,2.9005636344349432,2.4551264666330437,2.610064115081735,2.63954591174191,2.583118342463098,2.349304307484564,2.215205586948997,2.1845232882212127,2.253367377327206
2024-05-16,2.889527676374818,2.458527455730015,2.6471925539536243,2.6323340376661126,2.564657729639778,2.889527676374818,2.458527455730015,2.6471925539536243,2.6323340376661126,2.564657729639778,2.316863144140106,2.1931831685911627,2.1650221711814286,2.2264685567866587
2024-05-17,2.8993772763040617,2.4678803703558128,2.636770536024673,2.6395459117419104,2.564657729639778,2.8993772763040617,2.4678803703558128,2.636770536024673,2.6395459117419104,2.564657729639778,2.325220360760232,2.2027884568627787,2.177850367021667,2.233327848413462
2024-05-20,2.925278832059237,2.4895619028929863,2.659568700244254,2.6719993450829995,2.604997587290737,2.925278832059237,2.4895619028929863,2.659568700244254,2.6719993450829995,2.604997587290737,2.3580107219295736,2.2354336758126734,2.1983480582015527,2.2649090734722526
2024-05-21,2.9160839990591696,2.480209247746024,2.649146682315303,2.6719993450829995,2.6159372097045566,2.9160839990591696,2.480209247746024,2.649146682315303,2.6719993450829995,2.6159372097045566,2.334150207420764,2.2268190099096095,2.2120606995802827,2.2566274930674837
2024-05-22,2.8936530432709016,2.4598027942065253,2.627651270336841,2.6719993450829995,2.590639332872599,2.8936530432709016,2.4598027942065253,2.627651270336841,2.6719993450829995,2.590639332872599,2.322539489855652,2.210762002179292,2.1993799121850826,2.2405303842996194
2024-05-23,2.899229447420996,2.476807999170217,2.660220076364814,2.675605282120898,2.589271880070872,2.899229447420996,2.476807999170217,2.660220076364814,2.675605282120898,2.589271880070872,2.32871774257535,2.215545359273619,2.2065200835765832,2.243749972143905
2024-05-24,2.8865727419926346,2.4627787569709385,2.6289540225779597,2.6719993450829995,2.5769648048553253,2.8865727419926346,2.4627787569709385,2.6289540225779597,2.6719993450829995,2.5769648048553253,2.3180498957427065,2.209744479806704,2.2037372604720065,2.2357353743088955
2024-05-27,2.905335055300307,2.487011225939967,2.645238425591946,2.7044527784240886,2.5974765968812368,2.905335055300307,2.487011225939967,2.645238425591946,2.7044527784240886,2.5974765968812368,2.3272005534628515,2.228964319304856,2.2237725144299176,2.2540257281964293
2024-05-28,2.9038065183495996,2.488286564416477,2.643284297230268,2.70084684138619,2.611151124898511,2.9038065183495996,2.488286564416477,2.643284297230268,2.70084684138619,2.611151124898511,2.3267312477455486,2.2278380059497644,2.2239133985756556,2.2595480165943793
2024-05-29,2.8677787187013912,2.4640540954474486,2.6211375091312465,2.70084684138619,2.592690512075191,2.8677787187013912,2.4640540954474486,2.6211375091312465,2.70084684138619,2.592690512075191,2.326376396014753,2.216346480290445,2.2121069434522447,2.245992558074699
2024-05-30,2.874368391228707,2.449174541104218,2.586614574741595,2.6575755969314048,2.587904427269145,2.874368391228707,2.449174541104218,2.586614574741595,2.6575755969314048,2.587904427269145,2.3219413276517384,2.211405785860925,2.20632020768961,2.2436135484917927
2024-05-31,2.92700485892276,2.508267732144582,2.6185320046490084,2.7116646524998864,2.630295464122695,2.92700485892276,2.508267732144582,2.6185320046490084,2.7116646524998864,2.630295464122695,2.366309581312259,2.253541493089054,2.2419613595697236,2.2825939465768856
2024-06-03,2.945251578961453,2.515494996149918,2.6484953061947434,2.7441180858409755,2.6658492369676083,2.945251578961453,2.515494996149918,2.6484953061947434,2.7441180858409755,2.6658492369676083,2.37565293675167,2.259152650623752,2.248353075755331,2.289000215624177
2024-06-04,2.9448625320089645,2.5061420815241204,2.6413301688685893,2.7260884006514816,2.6398676337347875,2.9448625320089645,2.5061420815241204,2.6413301688685893,2.7260884006514816,2.6398676337347875,2.3499011801492893,2.2426104422442057,2.2338045872218837,2.274381817214418
2024-06-05,2.9117147704683912,2.469580994643717,2.6172292524078897,2.686423093234595,2.587220700868282,2.9117147704683912,2.469580994643717,2.6172292524078897,2.686423093234595,2.587220700868282,2.313860932476789,2.2016451058233164,2.1896507443883046,2.2310927301214503
2024-06-06,2.9026489351711287,2.4776583113141695,2.6354677837835543,2.679211219158798,2.594057964876919,2.9026489351711287,2.4776583113141695,2.6354677837835543,2.679211219158798,2.594057964876919,2.3239563292536216,2.20829146638205,2.192558535470326,2.2369654427785695
2024-06-07,2.9119716886609304,2.47638297283766,2.6296053986985193,2.679211219158798,2.595425417678647,2.9119716886609304,2.47638297283766,2.6296053986985193,2.679211219158798,2.595425417678647,2.3223959488443753,2.213109741992772,2.196582006790076,2.2425859979996376
2024-06-10,2.9435661465722363,2.501890780283198,2.655660443520897,2.7008468413861904,2.616620936105422,2.9435661465722363,2.501890780283198,2.655660443520897,2.7008468413861904,2.616620936105422,2.3506818966417447,2.2520172465155825,2.2340800299522887,2.2799422727849574
2024-06-11,2.939500235310325,2.4967891668983233,2.660871452485373,2.686423093234595,2.613202304101103,2.939500235310325,2.4967891668983233,2.660871452485373,2.686423093234595,2.613202304101103,2.3448611148941736,2.246752582903836,2.229822243877405,2.27638553345051
2024-06-12,2.932554345663144,2.4755326606937085,2.6445870494713866,2.671999345083,2.5961091440795103,2.932554345663144,2.4755326606937085,2.6445870494713866,2.671999345083,2.5961091440795103,2.337713801894482,2.245524880117431,2.2287443794463013,2.2738343784900765
2024-06-13,2.903377287354352,2.4530008160125836,2.6335136554218757,2.639545911741911,2.5557692864285513,2.903377287354352,2.4530008160125836,2.6335136554218757,2.639545911741911,2.5557692864285513,2.3119283352558577,2.212484385796932,2.1943751640062805,2.2418847053266817
2024-06-14,2.9478971045415623,2.4683053966883723,2.6413301688685893,2.653969659893506,2.579015984057917,2.9478971045415623,2.4683053966883723,2.6413301688685893,2.653969659893506,2.579015984057917,2.3476214175743975,2.249066021868278,2.22647209052824,2.2803641329904676
2024-06-17,2.9147947797541036,2.4257923842791422,2.5905228314649515,2.607092478400822,2.529103956794866,2.9147947797541036,2.4257923842791422,2.5905228314649515,2.607092478400822,2.529103956794866,2.31622421386275,2.2205891170113357,2.2008693145343594,2.251006741128062
2024-06-18,2.9319973843227185,2.4410972244337663,2.613972371805092,2.614304352476619,2.5359412208035033,2.9319973843227185,2.4410972244337663,2.613972371805092,2.614304352476619,2.5359412208035033,2.3340929220070668,2.234474816929403,2.2150990474713814,2.264901646189053
2024-06-19,2.94096549397359,2.454276154489093,2.619834756890127,2.6287281006282144,2.5434622112130043,2.94096549397359,2.454276154489093,2.619834756890127,2.6287281006282144,2.5434622112130043,2.3519284195924364,2.2515730579946895,2.233075116640108,2.2844038392860093
2024-06-20,2.9410583991724284,2.4508751653921217,2.6269998942162807,2.6251221635903157,2.534573768001776,2.9410583991724284,2.4508751653921217,2.6269998942162807,2.6251221635903157,2.534573768001776,2.347783313968787,2.247990718538038,2.2319002936418935,2.2803380646284577
2024-06-21,2.936862411427874,2.448324488439102,2.6263485180957216,2.6287281006282144,2.546197116816459,2.936862411427874,2.448324488439102,2.6263485180957216,2.6287281006282144,2.546197116816459,2.343311596292417,2.241053609483858,2.227076810200681,2.272613180760398
2024-06-24,2.9518066918891908,2.462778756970939,2.6400274166274698,2.6359399747040118,2.559871644833733,2.9518066918891908,2.462778756970939,2.6400274166274698,2.6359399747040118,2.559871644833733,2.3468325400582235,2.244658313265549,2.231081211514585,2.2753483701232367
2024-06-25,2.988163255490482,2.506142081524121,2.664779709208729,2.6936349673103925,2.6097836720967837,2.988163255490482,2.506142081524121,2.664779709208729,2.6936349673103925,2.6097836720967837,2.3909779347093116,2.2848989771037926,2.274678966204525,2.3169697551767654
2024-06-26,3.0014606133113015,2.5167703346264285,2.6999540197189393,2.690029030272494,2.6138860305019658,3.0014606133113015,2.5167703346264285,2.6999540197189393,2.690029030272494,2.6138860305019658,2.389763378438884,2.2853614162779623,2.278779175764583,2.318718183595097
2024-06-27,3.010896426867222,2.5086927584771406,2.6771558554993584,2.6756052821208987,2.615253483303693,3.010896426867222,2.5086927584771406,2.6771558554993584,2.6756052821208987,2.615253483303693,2.399827881846105,2.295457335827476,2.2903927245627793,2.328303173505547
2024-06-28,3.00636356454225,2.5239975986317646,2.6927888823927852,2.704452778424089,2.6378164545321954,3.00636356454225,2.5239975986317646,2.6927888823927852,2.704452778424089,2.6378164545321954,2.400259957661597,2.293808215504606,2.2950572161462377,2.3255654081233508
2024-07-01,3.00693729313801,2.5384518671636016,2.694743010754464,2.736906211765178,2.6665329633684713,3.00693729313801,2.5384518671636016,2.694743010754464,2.736906211765178,2.6665329633684713,2.412968986026609,2.2986709083644445,2.307494801819364,2.3314852868502203
2024-07-02,3.0149169797447466,2.566935637373553,2.7240549361796393,2.772965582144166,2.7068728210194304,3.0149169797447466,2.566935637373553,2.7240549361796393,2.772965582144166,2.7068728210194304,2.425364303648852,2.3082907077116834,2.3194169491485517,2.3428121218201206
2024-07-03,3.0295788029507187,2.5907430800100233,2.7585778705692907,2.7909952673336598,2.7225985282392955,3.0295788029507187,2.5907430800100233,2.7585778705692907,2.7909952673336598,2.7225985282392955,2.4291196620058164,2.3117747591818967,2.3226777804927625,2.3454544610685772
2024-07-04,3.0410502062753406,2.609448649782783,2.7813760347888716,2.8126308895610523,2.7419479853837387,3.0410502062753406,2.609448649782783,2.7813760347888716,2.8126308895610523,2.7419479853837387,2.447095506149539,2.322640611378845,2.3346209685137835,2.3552637641495506
2024-07-05,3.0172680753088224,2.5890424557221197,2.7409907153141853,2.783783393257862,2.7387261965009126,3.0172680753088224,2.5890424557221197,2.7409907153141853,2.783783393257862,2.7387261965009126,2.4218429156221646,2.2972657658667415,2.310934441146677,2.3297348005782177
2024-07-08,3.0052738203153893,2.5805398532402735,2.7779237413499063,2.7693596451062668,2.716046657107053,3.0052738203153893,2.5805398532402735,2.7779237413499063,2.7693596451062668,2.716046657107053,2.4134613888423635,2.289701306663993,2.2992518817998824,2.325784724508398
2024-07-09,3.025002526248527,2.5550320457947353,2.8327816215621455,2.787389330295761,2.720170209724118,3.025002526248527,2.5550320457947353,2.8327816215621455,2.787389330295761,2.720170209724118,2.4269784871734954,2.30364207132191,2.3130181839936386,2.342101572421411
2024-07-10,3.024082003868049,2.6204170069843644,2.8499660177732085,2.8018130784473563,2.725668279880205,3.024082003868049,2.6204170069843644,2.8499660177732085,2.8018130784473563,2.725668279880205,2.422485605502025,2.298784919028103,2.31827373840601,2.3372079351572155
2024-07-11,3.050383721132259,2.6377478076449052,2.8757426120898026,2.823448700674749,2.741475231578956,3.050383721132259,2.6377478076449052,2.8757426120898026,2.823448700674749,2.741475231578956,2.4280664364373656,2.3054117373121263,2.320842742236765,2.3427140421400128
2024-07-12,3.061531107944051,2.6056859850911236,2.8063440889297406,2.7801774562199633,2.710548586950966,3.061531107944051,2.6056859850911236,2.8063440889297406,2.7801774562199633,2.710548586950966,2.40999591398942,2.290845984898553,2.300396872098544,2.328077160189496
2024-07-16,3.068652351587611,2.610018685256259,2.809648780508791,2.7873893302957606,2.7325408675753144,3.068652351587611,2.610018685256259,2.809648780508791,2.7873893302957606,2.7325408675753144,2.42309835505949,2.301269316565585,2.31288996051382,2.3419952488137086
2024-07-17,3.0892354610083665,2.621283599906798,2.797751890824209,2.8090249525231537,2.7586567008167284,3.0892354610083665,2.621283599906798,2.797751890824209,2.8090249525231537,2.7586567008167284,2.4410533633311355,2.3144060182233783,2.325431934903928,2.355329260294946
2024-07-18,3.061346288038637,2.577956598255446,2.732979935874818,2.7946012043715585,2.7524713718911302,3.061346288038637,2.577956598255446,2.732979935874818,2.7946012043715585,2.7524713718911302,2.420872949522776,2.297153767858567,2.310725314735626,2.333483137995617
2024-07-19,3.04872728556854,2.5580262832746365,2.7263705527167166,2.783783393257862,2.7242937623411834,3.04872728556854,2.5580262832746365,2.7263705527167166,2.783783393257862,2.7242937623411834,2.4035618635243488,2.2839593497680015,2.2980849536984227,2.3202742432189987
2024-07-22,3.0117721708071308,2.5419952397742303,2.694645513557831,2.7729655821441654,2.6968034115607478,3.0117721708071308,2.5419952397742303,2.694645513557831,2.7729655821441654,2.6968034115607478,2.372464263692052,2.259072910802608,2.2723145374005362,2.292321731135969
2024-07-23,3.0273197441063333,2.550227211419768,2.6966283285052612,2.765753708068368,2.7146721395680307,3.0273197441063333,2.550227211419768,2.6966283285052612,2.765753708068368,2.7146721395680307,2.3874020172874686,2.270746544091893,2.2883119684743987,2.303920011584491
2024-07-24,2.983897868282034,2.510366581458149,2.663581412714756,2.7080587154619877,2.657629661698626,2.983897868282034,2.510366581458149,2.663581412714756,2.7080587154619877,2.657629661698626,2.345622599817479,2.2360706166497324,2.2488189686272655,2.267031802872033
2024-07-25,2.9318155246669693,2.4414765430536867,2.5862516297649725,2.6575755969314048,2.60677251275482,2.9318155246669693,2.4414765430536867,2.5862516297649725,2.6575755969314048,2.60677251275482,2.3004645461470226,2.194072176735607,2.2041846074574214,2.223401108559638
2024-07-26,2.930041214273552,2.452308293466525,2.565101603659049,2.6683934080451013,2.594401854903624,2.930041214273552,2.452308293466525,2.565101603659049,2.6683934080451013,2.594401854903624,2.307630257867415,2.203862284607973,2.2073842763066387,2.229952451505452
2024-07-29,2.991236261424074,2.4809040087776046,2.6206204221870983,2.715270589537785,2.6383864161523207,2.991236261424074,2.4809040087776046,2.6206204221870983,2.715270589537785,2.6383864161523207,2.3689108719424143,2.262072094141213,2.265345750571677,2.292043682092262
2024-07-30,2.9772558936675337,2.4757049801370674,2.622603237134529,2.7044527784240886,2.639760933691343,2.9772558936675337,2.4757049801370674,2.622603237134529,2.7044527784240886,2.639760933691343,2.353003686849069,2.246655733067183,2.250450296342646,2.276365242948396
2024-07-31,3.02501302376954,2.513399260016118,2.6635814127147563,2.7224824636135825,2.6919926001741707,3.02501302376954,2.513399260016118,2.6635814127147563,2.7224824636135825,2.6919926001741707,2.402842600405908,2.285559808051463,2.292503687043014,2.3150922392915447
2024-08-01,2.9302536231198917,2.4315113855632817,2.5948438278705046,2.614304352476619,2.617768653066994,2.9302536231198917,2.4315113855632817,2.5948438278705046,2.614304352476619,2.617768653066994,2.3161844327035137,2.2016737539984494,2.206787455551153,2.230804544921097
2024-08-02,2.7656650553637028,2.2828998227885506,2.44877646007647,2.5025203043017568,2.44526670191976,2.7656650553637028,2.2828998227885506,2.44877646007647,2.5025203043017568,2.44526670191976,2.1704493852044457,2.0758564410710347,2.075762879523986,2.102315067347023
2024-08-05,2.4452879260737266,2.0359357811523284,2.169860490804602,2.3366472005584127,2.1827338519665984,2.4452879260737266,2.0359357811523284,2.169860490804602,2.3366472005584127,2.1827338519665984,1.9337043772534883,1.8511215653772972,1.8516830496209888,1.8693739599583177
2024-08-06,2.6600424645980922,2.1589844393974653,2.33245131649389,2.3799184450131983,2.2542087639957313,2.6600424645980922,2.1589844393974653,2.33245131649389,2.3799184450131983,2.2542087639957313,2.0830433710797527,1.9977324113514348,2.000710650705627,2.016956074461285
2024-08-07,2.6975224702061915,2.2391393924524663,2.3919357649168003,2.4448253116953764,2.36073387326992,2.6975224702061915,2.2391393924524663,2.3919357649168003,2.4448253116953764,2.36073387326992,2.1103649349465448,2.019069942316248,2.0197702475723576,2.0389134312196444
2024-08-08,2.685516965853109,2.213143191461655,2.371446677126687,2.40516000427849,2.3332435224894845,2.685516965853109,2.213143191461655,2.371446677126687,2.40516000427849,2.3332435224894845,2.10826763540538,2.0161290902623947,2.015055359965068,2.036837003932173
2024-08-09,2.7179390958548426,2.2365398781321972,2.38863107333775,2.444825311695377,2.342177886493126,2.7179390958548426,2.2365398781321972,2.38863107333775,2.444825311695377,2.342177886493126,2.1415131663981524,2.047726709409638,2.0440518335799784,2.070164893878866
2024-08-13,2.77885652203072,2.2937315732013883,2.464638979655913,2.4850242331133874,2.4095292459051936,2.77885652203072,2.2937315732013883,2.464638979655913,2.4850242331133874,2.4095292459051936,2.205927183055193,2.1166764409772396,2.108065850367217,2.13971565606002
2024-08-14,2.8082051922029825,2.3197277741921996,2.480501499235356,2.5361864967363097,2.4576373597709558,2.8082051922029825,2.3197277741921996,2.480501499235356,2.5361864967363097,2.4576373597709558,2.2158094558467436,2.1398852058008058,2.133489676892268,2.1652750772663447
2024-08-15,2.8263430413365453,2.3374917390904413,2.497685895446419,2.5544587337444966,2.4906257807074788,2.8263430413365453,2.3374917390904413,2.497685895446419,2.5544587337444966,2.4906257807074788,2.240035610799787,2.1515279607266082,2.143424864380937,2.1766907769258355
2024-08-16,2.8954292308371836,2.411580806135441,2.592861012923075,2.6092754447690565,2.5566026225805243,2.8954292308371836,2.411580806135441,2.592861012923075,2.6092754447690565,2.5566026225805243,2.284994522095891,2.19712881824282,2.189909303067669,2.2263153740321187
2024-08-19,2.8615712941833977,2.3760528763389575,2.5446125158689368,2.5800398655559578,2.524301460413512,2.8615712941833977,2.3760528763389575,2.5446125158689368,2.5800398655559578,2.524301460413512,2.266712712602096,2.1756763239045784,2.166790139572927,2.2040450568430128
2024-08-20,2.9115386493386866,2.4007490557226028,2.5941828895546952,2.612929892170694,2.5442319647293283,2.9115386493386866,2.4007490557226028,2.5941828895546952,2.612929892170694,2.5442319647293283,2.3116627045511,2.2171420268486024,2.205578748780367,2.2467998457057976
2024-08-21,2.8983501727836267,2.3955500270820655,2.585590691449164,2.601966549965782,2.525675977952534,2.8983501727836267,2.3955500270820655,2.585590691449164,2.601966549965782,2.525675977952534,2.288442841636484,2.1921354345132698,2.184437550632063,2.2221852609057557
2024-08-22,2.9131759375643456,2.404648591650037,2.598809457765366,2.6129298921706936,2.5249887191830234,2.9131759375643456,2.404648591650037,2.598809457765366,2.6129298921706936,2.5249887191830234,2.2900942198032794,2.1982912865725597,2.1871969305628043,2.228254916284568
2024-08-23,2.922956106048436,2.4167800992230095,2.6126891623973787,2.6238932343756054,2.5469809998073716,2.922956106048436,2.4167800992230095,2.6126891623973787,2.6238932343756054,2.5469809998073716,2.300268021331898,2.209885931672896,2.1980880047658085,2.2410325405175593
2024-08-26,2.9252706579032703,2.392083655392333,2.590878197975645,2.605620997367419,2.524988719183023,2.9252706579032703,2.392083655392333,2.590878197975645,2.605620997367419,2.524988719183023,2.2870486948270408,2.1941696567288473,2.1808963436756943,2.2254813573589622
2024-08-27,2.956462716652159,2.4089812918151727,2.6060797792392774,2.627547681777243,2.55316632873297,2.956462716652159,2.4089812918151727,2.6060797792392774,2.627547681777243,2.55316632873297,2.3218153795967824,2.2255169085032858,2.2123746345273996,2.2572335304671403
2024-08-28,2.94902910597952,2.4211127993881454,2.6133501007131885,2.6348565765805176,2.5483555173463937,2.94902910597952,2.4211127993881454,2.6133501007131885,2.6348565765805176,2.5483555173463937,2.3188616237289064,2.227504958784724,2.2142315544251265,2.2582405586218015
2024-08-29,2.94644661995891,2.4224125565482795,2.612028224081568,2.649474366187067,2.554540846271992,2.94644661995891,2.4224125565482795,2.612028224081568,2.649474366187067,2.554540846271992,2.3211720332241064,2.233269757721716,2.220719519780695,2.2647737015902543
2024-08-30,2.966595960721343,2.4358440857284176,2.629212620292631,2.660437708391979,2.5689732804317207,2.966595960721343,2.4358440857284176,2.629212620292631,2.660437708391979,2.5689732804317207,2.326183677681606,2.252050824724406,2.2347524673979593,2.2846697804658165
2024-09-02,2.9622646357521463,2.4410433788159858,2.6331782501874916,2.675055497998528,2.580656679513406,2.9622646357521463,2.4410433788159858,2.6331782501874916,2.675055497998528,2.580656679513406,2.315505629369153,2.2550435543851837,2.239829570304516,2.2807816151086673
2024-09-03,2.9902326901411285,2.455774400709226,2.636482941766542,2.693327735006715,2.6040234776767766,2.9902326901411285,2.455774400709226,2.636482941766542,2.693327735006715,2.6040234776767766,2.346914132141854,2.2828644986049507,2.2699910353339026,2.3093622458853265
2024-09-04,2.9054033849319962,2.3656542901638202,2.5221406131313926,2.6092754447690565,2.5146798376403603,2.9054033849319962,2.3656542901638202,2.5221406131313926,2.6092754447690565,2.5146798376403603,2.2736871702215966,2.2143333946180976,2.203256898435465,2.240591611242357
2024-09-05,2.9036043088789456,2.3591552399161175,2.4976858954464185,2.6056209973674194,2.509181767484273,2.9036043088789456,2.3591552399161175,2.4976858954464185,2.6056209973674194,2.509181767484273,2.2616683378808324,2.201054217697783,2.1900114126939396,2.2251775986651503
2024-09-06,2.8860504027377822,2.335325389007874,2.4798405609195453,2.5946576551625076,2.487876745629435,2.8860504027377822,2.335325389007874,2.4798405609195453,2.5946576551625076,2.487876745629435,2.249707165263066,2.18631566747443,2.176225419024996,2.213168260825297
2024-09-09,2.8723561798692656,2.3236270456726027,2.4646389796559127,2.5690765233510464,2.470695276391663,2.8723561798692656,2.3236270456726027,2.4646389796559127,2.5690765233510464,2.470695276391663,2.2423971000610505,2.189734720919935,2.174939348070291,2.2124243476108796
2024-09-10,2.8787776451134297,2.316694831187199,2.4573686581820016,2.5617676285477717,2.4651972062355756,2.8787776451134297,2.316694831187199,2.4573686581820016,2.5617676285477717,2.4651972062355756,2.252871322736161,2.1999331119901337,2.1824753120324525,2.226475391489441
2024-09-11,2.8212670607745656,2.2772671010162497,2.4269654956547364,2.5179142597281237,2.4033439169795954,2.8212670607745656,2.2772671010162497,2.4269654956547364,2.5179142597281237,2.4033439169795954,2.206979602006324,2.149544792668845,2.1343056454449734,2.177167216117935
2024-09-12,2.881337263617796,2.331859281765172,2.5089218468151904,2.5617676285477717,2.4645099474660648,2.881337263617796,2.331859281765172,2.5089218468151904,2.5617676285477717,2.4645099474660648,2.254555116089558,2.195364635687739,2.1775802102574673,2.221809204767791
2024-09-13,2.8608654919383163,2.3093291880170628,2.4917374506041274,2.532532049334673,2.4390813729941616,2.8608654919383163,2.3093291880170628,2.4917374506041274,2.532532049334673,2.4390813729941616,2.234840464847732,2.1754867251848538,2.1558269196672186,2.202950950902165
2024-09-17,2.8650860805823646,2.303263302007061,2.4672827329191533,2.5215687071297612,2.438394114224651,2.8650860805823646,2.303263302007061,2.4672827329191533,2.5215687071297612,2.438394114224651,2.2422553888085988,2.1824318875653352,2.1585959086564945,2.211461362368517
2024-09-18,2.8823014288677515,2.3041298949294946,2.4758749310246846,2.532532049334673,2.4411431493026945,2.8823014288677515,2.3041298949294946,2.4758749310246846,2.532532049334673,2.4411431493026945,2.2647618522130064,2.203665121164631,2.1793713413939177,2.2329427753567286
2024-09-19,2.9215741608574453,2.3535227825908485,2.5280890579736837,2.5873487603592333,2.49887288594161,2.9215741608574453,2.3535227825908485,2.5280890579736837,2.5873487603592333,2.49887288594161,2.293549654790515,2.228978899285977,2.2090220716381337,2.2579838176963345
2024-09-20,2.9412334898531025,2.3751862834165247,2.5697281718697207,2.6019665499657827,2.518803390257426,2.9412334898531025,2.3751862834165247,2.5697281718697207,2.6019665499657827,2.518803390257426,2.2958471250396775,2.237733106540373,2.2177371644186503,2.2678251638928066
2024-09-24,2.9492893330899013,2.388617548149631,2.587573506396594,2.6312021291788814,2.5394211533427526,2.9492893330899013,2.388617548149631,2.587573506396594,2.6312021291788814,2.5394211533427526,2.3042248870852786,2.249001411710258,2.2295934414153114,2.278833600360306
2024-09-25,2.9499116144778434,2.384284847984496,2.578981308291062,2.6056209973674203,2.529112271800089,2.9499116144778434,2.384284847984496,2.578981308291062,2.6056209973674203,2.529112271800089,2.2981566722745432,2.242516914154867,2.217054642117123,2.2726769731716567
2024-09-26,3.0158950926531443,2.4427763002138216,2.6450751398720733,2.6677466031952553,2.5662242453536774,3.0158950926531443,2.4427763002138216,2.6450751398720733,2.6677466031952553,2.5662242453536774,2.3460718127197855,2.297472092908238,2.2712022317195197,2.330330238052273
2024-09-27,3.0491511179657196,2.4796042516174706,2.725048676085097,2.711599972014903,2.608147030293842,3.0491511179657196,2.4796042516174706,2.725048676085097,2.711599972014903,2.608147030293842,2.3602957795770343,2.3124320874786437,2.28445031421065,2.345341769953037
2024-09-30,2.9756912316856385,2.397716377164634,2.6007922727127957,2.612929892170695,2.546980999807372,2.9756912316856385,2.397716377164634,2.6007922727127957,2.612929892170695,2.546980999807372,2.3081015761339816,2.262921384529272,2.2395357166546894,2.297016160838515
2024-10-01,3.010327608224804,2.4436428931362544,2.645736078187883,2.6567832609903426,2.5813439382829166,3.010327608224804,2.4436428931362544,2.645736078187883,2.6567832609903426,2.5813439382829166,2.3374456356778306,2.2882708884378546,2.2612285708860864,2.3191868693970967
2024-10-02,2.969556267326035,2.403348834489903,2.590878197975644,2.6385110239821556,2.5675987628926986,2.969556267326035,2.403348834489903,2.590878197975644,2.6385110239821556,2.5675987628926986,2.326051869673001,2.2775709604194745,2.244475998669641,2.307820655186197
2024-10-03,2.9984687921169155,2.43367773564585,2.640448571661403,2.678709945400166,2.5854674908999815,2.9984687921169155,2.43367773564585,2.640448571661403,2.678709945400166,2.5854674908999815,2.355541821360167,2.3021775241062197,2.2718473437422615,2.3355009931251125
2024-10-04,3.01463411765737,2.444942650296389,2.6450751398720738,2.6823643928018037,2.5948829360422807,3.01463411765737,2.444942650296389,2.6450751398720738,2.6823643928018037,2.5948829360422807,2.3670597316737347,2.3147969482548985,2.28256420935676,2.347668601619322
2024-10-07,3.0465891507635825,2.4921691878751755,2.6972892668210724,2.718908866818177,2.6713424198144637,3.0465891507635825,2.4921691878751755,2.6972892668210724,2.718908866818177,2.6713424198144637,2.39345185905247,2.341525653405972,2.3055496227100947,2.3698807258556633
2024-10-08,3.0065602167976286,2.454907807786794,2.6688689192412376,2.6896732876050784,2.652968106873941,3.0065602167976286,2.454907807786794,2.6688689192412376,2.6896732876050784,2.652968106873941,2.3624359467432,2.3172824846343603,2.2816441030258727,2.3451210848981394
2024-10-09,3.013521707930063,2.4562078293939598,2.6920017602945916,2.675055497998529,2.6225798200876915,3.013521707930063,2.4562078293939598,2.6920017602945916,2.675055497998529,2.6225798200876915,2.3600595097816686,2.315473260834911,2.277322316792397,2.343276922603409
2024-10-10,3.006283705632776,2.4653063939619306,2.699933020084313,2.6896732876050784,2.634593793933418,3.006283705632776,2.4653063939619306,2.699933020084313,2.6896732876050784,2.634593793933418,2.360169184480971,2.316110316976001,2.277038668878853,2.3422916731169745
2024-10-11,2.995881850637016,2.457074157869361,2.7118299097688947,2.6787099454001666,2.626113341807023,2.995881850637016,2.457074157869361,2.7118299097688947,2.6787099454001666,2.626113341807023,2.3563119419759357,2.3100258113261205,2.2703963268132696,2.3359814044086527
2024-10-15,3.018644180086313,2.469639094127066,2.7382674424012996,2.689673287605079,2.6367139069650167,3.018644180086313,2.469639094127066,2.7382674424012996,2.689673287605079,2.6367139069650167,2.3555793678792734,2.3122277694290125,2.2772289077459424,2.3378814509081383
2024-10-16,2.9931502050698957,2.447542429063689,2.688036130399731,2.6860188402034413,2.6268200461508893,2.9931502050698957,2.447542429063689,2.688036130399731,2.6860188402034413,2.6268200461508893,2.3531238302412247,2.3076469958479713,2.27201115976816,2.333680555604658
2024-10-17,2.985342331419308,2.4397433572088203,2.671512672504478,2.682364392801804,2.629646863526354,2.985342331419308,2.4397433572088203,2.671512672504478,2.682364392801804,2.629646863526354,2.339011914781594,2.294718449215551,2.259916969207363,2.3206931329380778
2024-10-18,2.985213098682001,2.441476543053687,2.670190795872858,2.682364392801804,2.6289401591824877,2.985213098682001,2.441476543053687,2.670190795872858,2.682364392801804,2.6289401591824877,2.331949793976635,2.2909132960623317,2.2580706388076686,2.3193348347756073
2024-10-21,2.980808874746733,2.4349774928059844,2.6761392407151487,2.6640921557936172,2.6126859592735636,2.980808874746733,2.4349774928059844,2.6761392407151487,2.6640921557936172,2.6126859592735636,2.323132886028115,2.2805495647730454,2.2459928752891956,2.305205799620003
2024-10-22,2.941036114605647,2.4085481275774723,2.6338391885033015,2.649474366187068,2.59077812461371,2.941036114605647,2.4085481275774723,2.6338391885033015,2.649474366187068,2.59077812461371,2.2952726557012806,2.2545862902017144,2.220547804483904,2.274520423997299
2024-10-23,2.9178393544836196,2.3964163555574682,2.6113672857657577,2.6458199187854303,2.575937333392518,2.9178393544836196,2.3964163555574682,2.6113672857657577,2.6458199187854303,2.575937333392518,2.2760969905241524,2.237558732279775,2.2035163952232946,2.2566284425225707
2024-10-24,2.9113093551631124,2.395116598397334,2.6166547922922385,2.6385110239821556,2.572403811673187,2.9113093551631124,2.395116598397334,2.6166547922922385,2.6385110239821556,2.572403811673187,2.2693475944761863,2.2320835227851017,2.1978102482792026,2.253881398712369
2024-10-25,2.885899093541474,2.3786523906592265,2.596826642817935,2.6165843395723316,2.551202681357199,2.885899093541474,2.3786523906592265,2.596826642817935,2.6165843395723316,2.551202681357199,2.250442638329814,2.2166347995073212,2.180902371287151,2.2381767159302086
2024-10-28,2.9296440961743815,2.415047177825175,2.6477188931353135,2.6604377083919792,2.575230629048652,2.9296440961743815,2.415047177825175,2.6477188931353135,2.6604377083919792,2.575230629048652,2.2678235099529807,2.2345893635091603,2.19991403926535,2.2583873697039993
2024-10-29,2.9549955351226975,2.4349774928059844,2.6655642276621867,2.6787099454001657,2.601378689771704,2.9549955351226975,2.4349774928059844,2.6655642276621867,2.6787099454001657,2.601378689771704,2.288755475580158,2.2595994213613086,2.22261500522053,2.2817003050853324
2024-10-30,2.968998343148555,2.4596739366366616,2.690018945347161,2.6860188402034404,2.616219480992896,2.968998343148555,2.4596739366366616,2.690018945347161,2.6860188402034404,2.616219480992896,2.2873981462756263,2.2608447819311275,2.2266707082043915,2.280770979918312
2024-10-31,2.981297826681609,2.4419097072913885,2.678782993978389,2.6860188402034404,2.6155127766490294,2.981297826681609,2.4419097072913885,2.678782993978389,2.6860188402034404,2.6155127766490294,2.2999242329652554,2.273876421621291,2.239912310819391,2.2935299945562075
2024-11-01,2.9358886204508856,2.402915405805172,2.607401655870897,2.649474366187067,2.5858311942066465,2.9358886204508856,2.402915405805172,2.607401655870897,2.649474366187067,2.5858311942066465,2.2617584740572863,2.2413449868937225,2.2163842132325122,2.257280094887998
2024-11-05,2.9534258661069397,2.405515184572472,2.6397876333455925,2.6860188402034404,2.609152437554233,2.9534258661069397,2.405515184572472,2.6397876333455925,2.6860188402034404,2.609152437554233,2.25545887323754,2.2365551197441738,2.211532075065198,2.2519938863028997
2024-11-06,2.98236262630212,2.467472744044499,2.706542403242414,2.6823643928018033,2.6550882199055406,2.98236262630212,2.467472744044499,2.706542403242414,2.6823643928018033,2.6550882199055406,2.288999971773648,2.2613607193642236,2.2355726185910587,2.2797353309066457
2024-11-07,3.0199271822017097,2.487836487710041,2.6972892668210724,2.7408355512280007,2.6904234370988536,3.0199271822017097,2.487836487710041,2.6972892668210724,2.7408355512280007,2.6904234370988536,2.3345421703811913,2.305368311022077,2.277875702121493,2.3194289121399163
2024-11-08,3.008944298205485,2.483503787544906,2.703237711663363,2.7152544194165396,2.683356393660191,3.008944298205485,2.483503787544906,2.703237711663363,2.7152544194165396,2.683356393660191,2.294585852441488,2.2730009040901704,2.246529856246302,2.2886135696366807
2024-11-11,3.0030207651680754,2.4887030806324746,2.7085252181898443,2.707945524613265,2.6699290111267318,3.0030207651680754,2.4887030806324746,2.7085252181898443,2.707945524613265,2.6699290111267318,2.2958768077665717,2.2696951568522254,2.242847403750251,2.287560517354956
2024-11-12,3.007036008141506,2.4861033018651746,2.6933236369262117,2.737181103826364,2.684769802347923,3.007036008141506,2.4861033018651746,2.6933236369262117,2.737181103826364,2.684769802347923,2.303590666847704,2.2815240126518153,2.255062720502587,2.3021414536413825
2024-11-13,2.9887161035874956,2.45924050795193,2.656311091240845,2.693327735006716,2.6614485590003363,2.9887161035874956,2.45924050795193,2.656311091240845,2.693327735006716,2.6614485590003363,2.286991299716754,2.264181807237206,2.2365678267662967,2.2894662189870103
2024-11-14,2.970991695836406,2.454474643549094,2.6404485716614023,2.6969821824083535,2.6621552633442027,2.970991695836406,2.454474643549094,2.6404485716614023,2.6969821824083535,2.6621552633442027,2.2512146485888733,2.2331727082826665,2.213644133088438,2.260929884563405
2024-11-15,2.9717774313381207,2.4627068796416633,2.651684523030174,2.71525441941654,2.6748759415337955,2.9717774313381207,2.4627068796416633,2.651684523030174,2.71525441941654,2.6748759415337955,2.257912798707754,2.2401499325513163,2.225936416499673,2.2586457138185754
2024-11-18,2.9641008026512914,2.4462424074565243,2.6232641754503394,2.7225633142198147,2.663568672031935,2.9641008026512914,2.4462424074565243,2.6232641754503394,2.7225633142198147,2.663568672031935,2.2593703743372435,2.2457807372844747,2.2285440787598416,2.2622468082985567
2024-11-19,2.9844338393652188,2.4627068796416633,2.6318563735558707,2.7408355512280016,2.6791161675969932,2.9844338393652188,2.4627068796416633,2.6318563735558707,2.7408355512280016,2.6791161675969932,2.2694175780509616,2.255349432132078,2.2390777145485417,2.2753927540568397
2024-11-20,2.9777333162924267,2.4531748863889593,2.6311954352400604,2.72987220902309,2.674875941533796,2.9777333162924267,2.4531748863889593,2.6311954352400604,2.72987220902309,2.674875941533796,2.2750045487990738,2.2584186155676162,2.2353743615987396,2.2809423479610937
2024-11-21,2.9758531758582993,2.4358440857284185,2.607401655870896,2.7115999720149033,2.653674811217808,2.9758531758582993,2.4358440857284185,2.607401655870896,2.7115999720149033,2.653674811217808,2.267376479053673,2.250778744992024,2.2275834794441853,2.2812014279535355
2024-11-22,2.996151613221306,2.44754242906369,2.6272298053451997,2.72987220902309,2.670635715470598,2.996151613221306,2.44754242906369,2.6272298053451997,2.72987220902309,2.670635715470598,2.283218618541409,2.2657409265971498,2.240347993904791,2.2995598075245813
2024-11-25,3.0006292089138227,2.4635732081170647,2.657632967872465,2.72987220902309,2.689010028411121,3.0006292089138227,2.4635732081170647,2.657632967872465,2.72987220902309,2.689010028411121,2.2860407092874975,2.2684072336932726,2.241329043069639,2.30531474858344
2024-11-26,2.991590397573484,2.446242407456524,2.6371438800823515,2.7079455246132658,2.6550882199055406,2.991590397573484,2.446242407456524,2.6371438800823515,2.7079455246132658,2.6550882199055406,2.273143563728106,2.2576769049696286,2.2326427569881915,2.293581639677751
2024-11-27,2.9591956996307576,2.4241457423931467,2.6153329156606175,2.667746603195255,2.6225798200876924,2.9591956996307576,2.4241457423931467,2.6153329156606175,2.667746603195255,2.6225798200876924,2.2472317876198087,2.2298862087439493,2.2026179926861404,2.265497091063687
2024-11-28,2.9810270907849,2.4427763002138216,2.6311954352400604,2.6860188402034417,2.633180385245686,2.9810270907849,2.4427763002138216,2.6311954352400604,2.6860188402034417,2.633180385245686,2.2635777568621993,2.2462598961032527,2.2189696315839096,2.2825184330170236
2024-11-29,2.980554074989983,2.4302116284031485,2.6192985455554783,2.6823643928018046,2.638834019996616,2.980554074989983,2.4302116284031485,2.6192985455554783,2.6823643928018046,2.638834019996616,2.2692115341276877,2.246623650532575,2.220951690899661,2.283765872777735
2024-12-02,3.000018648837965,2.4653063939619306,2.639126695029782,2.7115999720149033,2.657915037281005,3.000018648837965,2.4653063939619306,2.639126695029782,2.7115999720149033,2.657915037281005,2.290895167457875,2.2549967303948324,2.2299484381677015,2.293064963921991
2024-12-03,3.0342490204253503,2.4947687021954437,2.6886970687155403,2.740835551228002,2.6847698023479225,3.0342490204253503,2.4947687021954437,2.6886970687155403,2.740835551228002,2.6847698023479225,2.3165156184357025,2.2809958855542383,2.2552882898498057,2.3195004241588415
2024-12-04,3.008851909607886,2.4848035447050387,2.690679883662971,2.7262177616214527,2.6663954894073996,3.008851909607886,2.4848035447050387,2.690679883662971,2.7262177616214527,2.6663954894073996,2.288745203678991,2.2509904252369344,2.22969912123495,2.2931216182685583
2024-12-05,3.0196059036034932,2.4865367305499055,2.6992720817685023,2.72987220902309,2.661448559000336,3.0196059036034932,2.4865367305499055,2.6992720817685023,2.72987220902309,2.661448559000336,2.3121174430322657,2.2647497463705966,2.2399986728120074,2.309162352366852
2024-12-06,3.01318546362064,2.4765713086124697,2.6781220556625787,2.7189088668181776,2.6579150372810045,3.01318546362064,2.4765713086124697,2.6781220556625787,2.7189088668181776,2.6579150372810045,2.300993727942109,2.260913279535916,2.232419594374732,2.303452350078106
2024-12-09,3.0301020913941876,2.4843703804673383,2.6860533154523,2.7189088668181776,2.6621552633442023,3.0301020913941876,2.4843703804673383,2.6860533154523,2.7189088668181776,2.6621552633442023,2.3166242242567496,2.2755715633766873,2.246891398532347,2.319705008505199
2024-12-10,3.0289225885508233,2.4878364877100405,2.697950205136882,2.722563314219815,2.6649820807196676,3.0289225885508233,2.4878364877100405,2.697950205136882,2.722563314219815,2.6649820807196676,2.30096861264138,2.2610428293053046,2.2321638707938645,2.303746414842516
2024-12-11,3.0344286530840408,2.499534831045312,2.7005939584001224,2.744489998629639,2.67204912415833,3.0344286530840408,2.499534831045312,2.7005939584001224,2.744489998629639,2.67204912415833,2.314121109095198,2.270737390215232,2.241184090561647,2.3141143123060943
2024-12-12,3.05132935477189,2.518165388865987,2.732979935874818,2.7554533408345514,2.6897167327549867,3.05132935477189,2.518165388865987,2.732979935874818,2.7554533408345514,2.6897167327549867,2.3304912413707695,2.2854079898465223,2.255111353597037,2.327336161366726
2024-12-13,3.038137478036497,2.4960684593555786,2.7052205266107934,2.7554533408345514,2.672755828502196,3.038137478036497,2.4960684593555786,2.7052205266107934,2.7554533408345514,2.672755828502196,2.3295039038727166,2.2864674151098465,2.2567902341635095,2.3257558042946727
2024-12-16,3.031814029931684,2.4856701376274732,2.7038986499791733,2.7481444460312767,2.6621552633442023,3.031814029931684,2.4856701376274732,2.7038986499791733,2.7481444460312767,2.6621552633442023,2.326561403091892,2.2828043240016176,2.257157095087411,2.320004087242595
2024-12-17,3.0221535480852193,2.473538630054501,2.700593958400123,2.740835551228002,2.6360072026211507,3.0221535480852193,2.473538630054501,2.700593958400123,2.740835551228002,2.6360072026211507,2.309293527667218,2.268404404221542,2.2448573521596447,2.306158767845145
2024-12-18,3.016407461249627,2.471805444209634,2.6827486238732496,2.7335266564247274,2.6437809504036793,3.016407461249627,2.471805444209634,2.6827486238732496,2.7335266564247274,2.6437809504036793,2.294786255074604,2.257060393800646,2.2375442679924857,2.296212032658532
2024-12-19,3.0132814868672293,2.4648732297242306,2.660276721135706,2.718908866818178,2.638127315652749,3.0132814868672293,2.4648732297242306,2.660276721135706,2.718908866818178,2.638127315652749,2.310075805845088,2.2698386156696264,2.247227619543419,2.311623764500097
2024-12-20,3.003057449700851,2.4527414577042266,2.654328276293415,2.7335266564247274,2.649434585154609,3.003057449700851,2.4527414577042266,2.654328276293415,2.7335266564247274,2.649434585154609,2.30739702394402,2.2643856414994077,2.2425826871060988,2.306497398543733
2024-12-23,3.0244300536257813,2.477871330219636,2.6873751920839206,2.7481444460312767,2.6642753763758003,3.0244300536257813,2.477871330219636,2.6873751920839206,2.7481444460312767,2.6642753763758003,2.3263227429348077,2.280727963061622,2.2620430350841922,2.3220176342413845
2024-12-24,3.022369193780208,2.479604251617471,2.6801048706100095,2.762762235637826,2.6755826458776606,3.022369193780208,2.479604251617471,2.6801048706100095,2.762762235637826,2.6755826458776606,2.3198931411154504,2.2810400757927103,2.2577872373444867,2.3130560084957823
2024-12-25,3.0234162681720114,2.479604251617471,2.6834095621890603,2.7554533408345514,2.679822871940858,3.0234162681720114,2.479604251617471,2.6834095621890603,2.7554533408345514,2.679822871940858,2.3137893512400924,2.2724530377403918,2.2487778567168446,2.304941956486745
2024-12-26,3.048797151182238,2.514265852938552,2.709847094821465,2.78468892004765,2.712331271758706,3.048797151182238,2.514265852938552,2.709847094821465,2.78468892004765,2.712331271758706,2.331851553924786,2.2898212263741127,2.2714090663242636,2.323274006880468
2024-12-27,3.0868501459957933,2.550227211419768,2.763383098402084,2.8321967362689353,2.7434262628888217,3.0868501459957933,2.550227211419768,2.763383098402084,2.8321967362689353,2.7434262628888217,2.357092756515558,2.3127857785268917,2.2936215653653087,2.3468099660359276
2024-12-30,3.080677082994699,2.5294303035165253,2.74091119566454,2.8248878414656606,2.7427195585449553,3.080677082994699,2.5294303035165253,2.74091119566454,2.8248878414656606,2.7427195585449553,2.348816161415105,2.3068017797487594,2.2888120371927805,2.33963072438448
2025-01-06,3.0483815978888136,2.5043006954481477,2.6986111434526925,2.795652262252562,2.7333203907715338,3.0483815978888136,2.5043006954481477,2.6986111434526925,2.795652262252562,2.7333203907715338,2.34722369974332,2.30761740534648,2.2830971802039715,2.3391940718770368
2025-01-07,3.0591878219871584,2.5367959466866616,2.748842455454261,2.8029611570558366,2.745854010179994,3.0591878219871584,2.5367959466866616,2.748842455454261,2.8029611570558366,2.745854010179994,2.339570823219089,2.3019332755064172,2.2770723739779495,2.3365792252915494
2025-01-08,3.0403659726764043,2.519465146026121,2.7455377638752108,2.777380025244375,2.7387587801795292,3.0403659726764043,2.519465146026121,2.7455377638752108,2.777380025244375,2.7387587801795292,2.3102230629101865,2.2787776851465975,2.253631907118259,2.315923592310523
2025-01-09,3.00962385431509,2.488269651947741,2.7204221078744264,2.733526656424727,2.7032826301772035,3.00962385431509,2.488269651947741,2.7204221078744264,2.733526656424727,2.7032826301772035,2.2861969969879827,2.2560434543554533,2.2350528338533016,2.2926867526666372
2025-01-10,2.9964200195013375,2.4674727440444983,2.6933236369262117,2.7079455246132653,2.6699350491750176,2.9964200195013375,2.4674727440444983,2.6933236369262117,2.7079455246132653,2.6699350491750176,2.2701663970002968,2.2405535700485784,2.219296990299662,2.2767492299670713
2025-01-14,2.964643612914512,2.440176785893553,2.640448571661403,2.689673287605079,2.65929220417432,2.964643612914512,2.440176785893553,2.640448571661403,2.689673287605079,2.65929220417432,2.2430073459075865,2.2133505353821468,2.1923943611067656,2.248928427730084
2025-01-15,2.9686922673265586,2.4488421862238234,2.6384657567139724,2.7079455246132658,2.6614207731744592,2.9686922673265586,2.4488421862238234,2.6384657567139724,2.7079455246132658,2.6614207731744592,2.2553120035700984,2.2204834195607246,2.200712797340171,2.2599742811029304
2025-01-16,2.9675672496162817,2.4458092432188225,2.6470579548195037,2.6933277350067164,2.6571636351741805,2.9675672496162817,2.4458092432188225,2.6470579548195037,2.6933277350067164,2.6571636351741805,2.248547537070487,2.2132398354333183,2.1939551412843596,2.2543218719868947
2025-01-17,2.967283682204125,2.4345443285682835,2.6411095099772126,2.6823643928018046,2.6429731751732506,2.967283682204125,2.4345443285682835,2.6411095099772126,2.6823643928018046,2.6429731751732506,2.249609932177186,2.21407232383905,2.1953275607417835,2.252022478309937
2025-01-20,2.9971301294810364,2.4648732297242297,2.667547042609617,2.6823643928018046,2.6727731411752043,2.9971301294810364,2.4648732297242297,2.667547042609617,2.6823643928018046,2.6727731411752043,2.257245399870173,2.2206667074045856,2.202893613201265,2.260236407116896
2025-01-21,3.0024117024563677,2.4670395798067974,2.677461117346769,2.6896732876050793,2.6699350491750184,3.0024117024563677,2.4670395798067974,2.677461117346769,2.6896732876050793,2.6699350491750184,2.2572468762660383,2.2226498364848837,2.206380785845798,2.2625641154297087
2025-01-22,3.021440621343768,2.4904360020303087,2.7177783546111858,2.700636629809991,2.6663874341747857,3.021440621343768,2.4904360020303087,2.7177783546111858,2.700636629809991,2.6663874341747857,2.257512716448093,2.2279048738044205,2.2123097880599794,2.2685565674407213
2025-01-23,3.0186971282889337,2.503000938288013,2.7415721339803496,2.718908866818178,2.6727731411752047,3.0186971282889337,2.503000938288013,2.7415721339803496,2.718908866818178,2.6727731411752047,2.255297219564369,2.2286889649091726,2.2116954880375523,2.26856821373495
2025-01-24,3.032648061236685,2.500401159520713,2.7409111956645393,2.718908866818178,2.6727731411752047,3.032648061236685,2.500401159520713,2.7409111956645393,2.718908866818178,2.6727731411752047,2.258174365082616,2.2325468220616798,2.2150950779467635,2.273306829454014
2025-01-27,3.0503520193808806,2.5082002313755822,2.715795539663755,2.7481444460312767,2.695477877176693,3.0503520193808806,2.5082002313755822,2.715795539663755,2.7481444460312767,2.695477877176693,2.2775440135075846,2.252921835724705,2.2362276246770563,2.290946428309504
2025-01-28,3.061881192431523,2.5060338812930145,2.680104870610009,2.7591077882361885,2.7110873831777162,3.061881192431523,2.5060338812930145,2.680104870610009,2.7591077882361885,2.7110873831777162,2.2878350577071753,2.2616903941665636,2.242557920944399,2.3049760859870463
2025-01-29,3.0748901745930266,2.5255310320361226,2.7058814649266036,2.762762235637826,2.7238587971785537,3.0748901745930266,2.5255310320361226,2.7058814649266036,2.762762235637826,2.7238587971785537,2.2844700490405483,2.263184165164029,2.2502341647786457,2.3112817045243457
2025-01-30,3.0906711629787544,2.5302968964389585,2.7118299097688947,2.7664166830394636,2.732373073179112,3.0906711629787544,2.5302968964389585,2.7118299097688947,2.7664166830394636,2.732373073179112,2.2986454294519936,2.278270445487408,2.274191177570065,2.3247328694457488
2025-01-31,3.0893164836413183,2.5346295966040935,2.7177783546111858,2.78468892004765,2.745854010179996,3.0893164836413183,2.5346295966040935,2.7177783546111858,2.78468892004765,2.745854010179996,2.294355314227065,2.2801774941612676,2.2763018429814705,2.3265742548496338
2025-02-03,3.024558862142126,2.4726720371320665,2.643092324924643,2.722563314219815,2.695477877176694,3.024558862142126,2.4726720371320665,2.643092324924643,2.722563314219815,2.695477877176694,2.2646128104547345,2.241555044004745,2.2383553999902785,2.2890623563197647
2025-02-04,3.0325869694373933,2.489569409107875,2.6609376594515157,2.7481444460312767,2.6933493081765545,3.0325869694373933,2.489569409107875,2.6609376594515157,2.7481444460312767,2.6933493081765545,2.262763839800684,2.2389038437331834,2.2371963823954792,2.2858116120056597
2025-02-05,3.041361077493785,2.49650188804031,2.6662251659779965,2.7773800252443754,2.694768354176648,3.041361077493785,2.49650188804031,2.6662251659779965,2.7773800252443754,2.694768354176648,2.265944787437993,2.2414790647959713,2.2359331575550905,2.2865353643072073
2025-02-06,3.065946947347338,2.504733859685848,2.6827486238732496,2.718908866818178,2.7039921531772526,3.065946947347338,2.504733859685848,2.6827486238732496,2.718908866818178,2.7039921531772526,2.2758122494800075,2.2544808836497165,2.246259635430475,2.2948323152286436
2025-02-07,3.0657700470578355,2.489569409107875,2.664903289346377,2.73864288278702,2.697606446176834,3.0657700470578355,2.489569409107875,2.664903289346377,2.73864288278702,2.697606446176834,2.2912685716801744,2.2700805999994307,2.2571466173657067,2.308599765433752
2025-02-10,3.074394542609496,2.4869698947876064,2.664903289346377,2.7312311293829956,2.7011540611770664,3.074394542609496,2.4869698947876064,2.664903289346377,2.7312311293829956,2.7011540611770664,2.2956602571892404,2.2961275168091437,2.276462399485734,2.316239519746978
2025-02-12,3.0806756152150343,2.4865367305499055,2.674156425767719,2.7460546361910443,2.6883826471762293,3.0806756152150343,2.4865367305499055,2.674156425767719,2.7460546361910443,2.6883826471762293,2.313883834871064,2.334309601213038,2.3152302681878645,2.332112293627014
2025-02-13,3.110764814493425,2.5159990387834186,2.7085252181898447,2.783113403211166,2.725277843178648,3.110764814493425,2.5159990387834186,2.7085252181898447,2.783113403211166,2.725277843178648,2.341517872589627,2.357077700373722,2.3356025149410904,2.3580998203091266
2025-02-14,3.0922320668401255,2.509066559850983,2.686714253768111,2.7757016498071416,2.723858797178555,3.0922320668401255,2.509066559850983,2.686714253768111,2.7757016498071416,2.723858797178555,2.3408689634276585,2.3433080976173977,2.3202945904708665,2.346964372531904
2025-02-17,3.082740475673705,2.5168656317058513,2.688036130399731,2.7571722662970806,2.7153445211779967,3.082740475673705,2.5168656317058513,2.688036130399731,2.7571722662970806,2.7153445211779967,2.351298540720325,2.3406410546678202,2.317101208007724,2.352564609430476
2025-02-18,3.094252350491772,2.523364681953554,2.6972892668210724,2.775701649807142,2.7238587971785546,3.094252350491772,2.523364681953554,2.6972892668210724,2.775701649807142,2.7238587971785546,2.359288868949165,2.3542003681729082,2.32531328777285,2.3682339648338626
2025-02-19,3.0886507813369986,2.5168656317058513,2.689358007031351,2.7608781429990934,2.7181826131781825,3.0886507813369986,2.5168656317058513,2.689358007031351,2.7608781429990934,2.7181826131781825,2.354304591617427,2.345513210853573,2.3154627403975168,2.3622454335320553
2025-02-20,3.055777070848842,2.4861033018651724,2.654328276293415,2.7312311293829956,2.696896923176787,3.055777070848842,2.4861033018651724,2.654328276293415,2.7312311293829956,2.696896923176787,2.327330715802252,2.3178356568069494,2.2886795418407067,2.3365706125900747
2025-02-21,3.0526573023686496,2.4891362448701733,2.662920474398946,2.73864288278702,2.7153445211779967,3.0526573023686496,2.4891362448701733,2.662920474398946,2.73864288278702,2.7153445211779967,2.3202972869514786,2.310274355293166,2.27548258592443,2.3377223017476365
2025-02-25,3.0425562116853353,2.4791710873797688,2.62789074366101,2.757172266297081,2.7238587971785546,3.0425562116853353,2.4791710873797688,2.62789074366101,2.757172266297081,2.7238587971785546,2.314919675209072,2.2986094350740913,2.2596249663855925,2.3306765934892466
2025-02-26,3.0362366466946744,2.4735386300544993,2.617315730608048,2.7534663895950686,2.7167635671780896,3.0362366466946744,2.4735386300544993,2.617315730608048,2.7534663895950686,2.7167635671780896,2.307882774930929,2.289286984989933,2.2547969684293223,2.325219526781705
2025-02-27,3.0587079403062982,2.49086943071504,2.62789074366101,2.7942310333172027,2.735211165179299,3.0587079403062982,2.49086943071504,2.62789074366101,2.7942310333172027,2.735211165179299,2.3362697422945775,2.318848437667538,2.279431775477902,2.3480595319112765
2025-02-28,3.020412560511778,2.4380104358109844,2.5538656522902774,2.7682898964031173,2.7089588141775782,3.020412560511778,2.4380104358109844,2.5538656522902774,2.7682898964031173,2.7089588141775782,2.3240084068594955,2.304189137743972,2.2689464684282745,2.336011578904876
2025-03-03,3.063882741709075,2.483936951782605,2.598148519449555,2.7942310333172022,2.736630211179392,3.063882741709075,2.483936951782605,2.598148519449555,2.7942310333172022,2.736630211179392,2.3534533793846464,2.3358849953848244,2.301595887540566,2.363247542838087
2025-03-04,3.046369949134053,2.465739558199631,2.563118788711619,2.7831134032111655,2.73095402717902,3.046369949134053,2.465739558199631,2.563118788711619,2.7831134032111655,2.73095402717902,2.3472627721431243,2.3312211302059027,2.2946569005481527,2.358036460580181
2025-03-05,3.062456260361318,2.4722386084473342,2.56972817186972,2.786819279913178,2.742306395179764,3.062456260361318,2.4722386084473342,2.56972817186972,2.786819279913178,2.742306395179764,2.357637147545141,2.346462314859126,2.3151820611964182,2.365793025383816
2025-03-06,3.0964272098411243,2.503000938288013,2.5915391362914537,2.797936910019214,2.7607539931809733,3.0964272098411243,2.503000938288013,2.5915391362914537,2.797936910019214,2.7607539931809733,2.388585862683928,2.3715101105665535,2.336677314002183,2.3943649706592205
2025-03-07,3.0725196124381156,2.4648732297242297,2.5327156261843538,2.760878142999092,2.7465635331800433,3.0725196124381156,2.4648732297242297,2.5327156261843538,2.760878142999092,2.7465635331800433,2.3650687982602427,2.348054345281297,2.3174319347208767,2.3719600929040983
2025-03-10,3.06694414797866,2.458807343714228,2.544612515868936,2.742348759489031,2.745854010179997,3.06694414797866,2.458807343714228,2.544612515868936,2.742348759489031,2.745854010179997,2.3403310936668835,2.325814244966208,2.2938115215020387,2.3473206359524257
2025-03-11,3.0422421621972355,2.432377978485716,2.527428119657873,2.7312311293829947,2.7047016761772995,3.0422421621972355,2.432377978485716,2.527428119657873,2.7312311293829947,2.7047016761772995,2.314065914239908,2.29977777957724,2.269946305362233,2.3202373190169974
2025-03-12,3.0685673379846627,2.4531748863889584,2.528089057973683,2.734937006085007,2.713215952177858,3.0685673379846627,2.4531748863889584,2.528089057973683,2.734937006085007,2.713215952177858,2.3407582988518354,2.333245314251628,2.3008010708683377,2.3510172241269167
2025-03-13,3.072552657413781,2.459240507951929,2.527428119657873,2.738642882787019,2.73308259617916,3.072552657413781,2.459240507951929,2.527428119657873,2.738642882787019,2.73308259617916,2.3479284009431245,2.337167904553746,2.3062638754337095,2.356363717473844
2025-03-14,3.0899317155578614,2.4748383872146342,2.5479172074479863,2.7608781429990925,2.7465635331800438,3.0899317155578614,2.4748383872146342,2.5479172074479863,2.7608781429990925,2.7465635331800438,2.3665135744088692,2.353538167152274,2.318825020102582,2.36988507935377
2025-03-17,3.1175647889860594,2.500401159520713,2.5684062952380997,2.786819279913178,2.781330160182323,3.1175647889860594,2.500401159520713,2.5684062952380997,2.786819279913178,2.781330160182323,2.384686654299782,2.3707003672011138,2.3398289907369065,2.387363909014645
2025-03-18,3.1455286621860155,2.534196432366393,2.5994703960811747,2.8275839236353124,2.826030109185253,3.1455286621860155,2.534196432366393,2.5994703960811747,2.8275839236353124,2.826030109185253,2.4159766897521147,2.4004106700953605,2.3639003263194076,2.4160987873922246
2025-03-19,3.158537201239259,2.5437281611720652,2.5948438278705037,2.8572309372514098,2.8402205691861835,3.158537201239259,2.5437281611720652,2.5948438278705037,2.8572309372514098,2.8402205691861835,2.426026823534273,2.410701900300563,2.378022126063937,2.4282391435352433
2025-03-21,3.158101702054724,2.5506606401045007,2.5869125680807823,2.8572309372514098,2.8529919831870205,3.158101702054724,2.5506606401045007,2.5869125680807823,2.8572309372514098,2.8529919831870205,2.453230799363111,2.4317538287027123,2.39498686332251,2.4509700461637247
2025-03-24,3.146386499887792,2.5419952397742303,2.584929753133352,2.8312898003373244,2.8373824771859972,3.146386499887792,2.5419952397742303,2.584929753133352,2.8312898003373244,2.8373824771859972,2.4435092462582824,2.4188375216746714,2.3804002083436067,2.438635287609643
2025-03-25,3.155899112758095,2.5467611041770666,2.5948438278705037,2.838701553741349,2.849444368186788,3.155899112758095,2.5467611041770666,2.5948438278705037,2.838701553741349,2.849444368186788,2.4455304619272407,2.421256981092706,2.382204176100382,2.4436053904087354
2025-03-26,3.1730343820400115,2.561492390517339,2.6120282240815667,2.860936813953422,2.866472920187904,3.1730343820400115,2.561492390517339,2.6120282240815667,2.860936813953422,2.866472920187904,2.4565910644833036,2.431109593727791,2.3927406743029866,2.4542575848617862
2025-03-27,3.1786807765913387,2.5575928545899043,2.592200074607263,2.8683485673574465,2.844477707186462,3.1786807765913387,2.5575928545899043,2.592200074607263,2.8683485673574465,2.844477707186462,2.463161077849472,2.4385404552684893,2.395700322822514,2.463613203318203
2025-03-28,3.162580152514893,2.5359293537642285,2.5670844186064787,2.860936813953422,2.8380920001860437,3.162580152514893,2.5359293537642285,2.5670844186064787,2.860936813953422,2.8380920001860437,2.466190185530433,2.4414996377755434,2.3984726724421885,2.4643087907937065
2025-03-31,3.073350547265373,2.4471090003789566,2.469265547866582,2.7571722662970806,2.7486921021801836,3.073350547265373,2.4471090003789566,2.469265547866582,2.7571722662970806,2.7486921021801836,2.4006897980453927,2.378097452611269,2.333577451463886,2.402901660037809
2025-04-01,3.0658407214717798,2.4453760789811216,2.467943671234962,2.7719957731051292,2.760753993180974,3.0658407214717798,2.4453760789811216,2.467943671234962,2.7719957731051292,2.760753993180974,2.3961130831766546,2.3742772089739783,2.3317135168847725,2.3968481078757464
2025-04-02,3.0468482373593986,2.440176785893553,2.472570239445633,2.764584019701105,2.756496855180695,3.0468482373593986,2.440176785893553,2.472570239445633,2.764584019701105,2.756496855180695,2.374850427348719,2.3521625883539716,2.3113281600007016,2.371834986215012
2025-04-03,2.9753635234229066,2.365654290163821,2.407798284496242,2.679348855554824,2.684125509175951,2.9753635234229066,2.365654290163821,2.407798284496242,2.679348855554824,2.684125509175951,2.3071038372579933,2.284140343196499,2.2451930149338053,2.305190262330034
2025-04-04,2.8677018534687275,2.2815998011813856,2.3423653912310405,2.631172458428665,2.6472303131735324,2.8677018534687275,2.2815998011813856,2.3423653912310405,2.631172458428665,2.6472303131735324,2.2241759561042187,2.1962457628397902,2.150574901278761,2.2225949998362977
2025-04-07,2.653282162386444,2.1078586303382765,2.1579636011200187,2.4384668699240306,2.3902410825566864,2.653282162386444,2.1078586303382765,2.1579636011200187,2.4384668699240306,2.3902410825566864,2.0879077019494687,2.0575177650619074,2.012260673567312,2.090123356024261
2025-04-08,2.820521088252371,2.2348066922873313,2.2835418811239405,2.5755843078984824,2.491553147817945,2.820521088252371,2.2348066922873313,2.2835418811239405,2.5755843078984824,2.491553147817945,2.197189546830428,2.167531529366229,2.127510583889166,2.199029769312831
2025-04-09,2.7405749051783954,2.159417735858682,2.230666815859131,2.490349143752202,2.399648631473804,2.7405749051783954,2.159417735858682,2.230666815859131,2.490349143752202,2.399648631473804,2.14187167798291,2.113971296102492,2.0765599526991583,2.147487159675744
2025-04-10,2.9241434512590323,2.3409578463331435,2.387309196706128,2.6830547322568363,2.5465511261026283,2.9241434512590323,2.3409578463331435,2.387309196706128,2.6830547322568363,2.5465511261026283,2.2677088202993048,2.2388771120366844,2.199069900223892,2.2707897638713
2025-04-11,2.8965481018443033,2.2677353722105775,2.3278247482832177,2.616348951620617,2.49517143586299,2.8965481018443033,2.2677353722105775,2.3278247482832177,2.616348951620617,2.49517143586299,2.216618444589852,2.1940151929924174,2.161556582289022,2.2226123692539335
2025-04-14,2.9278124128845024,2.2876656871913865,2.3549232192314324,2.6459959652367147,2.518328479351278,2.9278124128845024,2.2876656871913865,2.3549232192314324,2.6459959652367147,2.518328479351278,2.2296546946241658,2.211005947352673,2.180611481976224,2.2370184373101933
2025-04-15,2.935379445772906,2.3114955380996305,2.3734294920741155,2.6571135953427514,2.547274783711638,2.935379445772906,2.3114955380996305,2.3734294920741155,2.6571135953427514,2.547274783711638,2.2288750125681607,2.2132444545606687,2.1847044767048667,2.237774691631183
2025-04-16,2.9219490072626915,2.2941647374390897,2.3463310211259008,2.6534077186407394,2.5248413978323594,2.9219490072626915,2.2941647374390897,2.3463310211259008,2.6534077186407394,2.5248413978323594,2.2266476245324287,2.220598939942664,2.192799570185492,2.2432856313928737
2025-04-17,2.9504480126471866,2.3270931529153045,2.378056060284786,2.686760608958849,2.5581296478467728,2.9504480126471866,2.3270931529153045,2.378056060284786,2.686760608958849,2.5581296478467728,2.24827953073575,2.242542716952471,2.217329341671136,2.262823025712058
2025-04-18,3.0033845311655765,2.352223025430714,2.4051545312330007,2.712701745872935,2.589246925034159,3.0033845311655765,2.352223025430714,2.4051545312330007,2.712701745872935,2.589246925034159,2.2826252947117838,2.2845065369287636,2.261949266170718,2.3002427784469393
2025-04-21,2.988638477379168,2.324926802832737,2.372768553758305,2.683054732256837,2.551616729365692,2.988638477379168,2.324926802832737,2.372768553758305,2.683054732256837,2.551616729365692,2.267499330888262,2.2697455952603245,2.2453463210241704,2.2843051274916553
2025-04-22,3.0015710222055976,2.3301260959203054,2.3701248004950646,2.6793488555548253,2.555958675019746,3.0015710222055976,2.3301260959203054,2.3701248004950646,2.6793488555548253,2.555958675019746,2.2799735308727356,2.283804514765363,2.2542976908645316,2.29743623048509
2025-04-23,3.0384943029493,2.3738865262563897,2.413746729338532,2.734937006085008,2.608785680477402,3.0384943029493,2.3738865262563897,2.413746729338532,2.734937006085008,2.608785680477402,2.312993934926975,2.3166176551368927,2.2839865571341296,2.328664010759055
2025-04-24,3.027688618846631,2.3812519049794947,2.4229998657598735,2.7460546361910447,2.6145749413494737,3.027688618846631,2.3812519049794947,2.4229998657598735,2.7460546361910447,2.6145749413494737,2.308114296664518,2.3103909058539993,2.2783079292241117,2.3233830978642827
2025-04-25,3.054290058211152,2.417646692145443,2.471909301129822,2.768289896403118,2.6355610120107347,3.054290058211152,2.417646692145443,2.471909301129822,2.768289896403118,2.6355610120107347,2.323787961927916,2.328350468691431,2.295378300436317,2.340905683507734
2025-04-28,3.074901673529177,2.4384436000486858,2.4805014992353533,2.8127604168272646,2.676085838115238,3.074901673529177,2.4384436000486858,2.4805014992353533,2.8127604168272646,2.676085838115238,2.329825862549871,2.33762580665275,2.3064905467689942,2.348061584753336
2025-04-30,3.0884322944147584,2.456207829393959,2.4937202655515556,2.816466293529277,2.6717438924611843,3.0884322944147584,2.456207829393959,2.4937202655515556,2.816466293529277,2.6717438924611843,2.3516754827120825,2.354700745353839,2.325178798453677,2.364594676483252
2025-05-01,3.083414376284338,2.4653063939619297,2.5241234280788207,2.8312898003373257,2.6753621805062293,3.083414376284338,2.4653063939619297,2.5241234280788207,2.8312898003373257,2.6753621805062293,2.320757281221011,2.328066174300546,2.295130316277676,2.3348154781860706
2025-05-02,3.087765462033801,2.4709388512871993,2.547917207447985,2.8572309372514115,2.683322414205328,3.087765462033801,2.4709388512871993,2.547917207447985,2.8572309372514115,2.683322414205328,2.3090873587319303,2.3200338349785943,2.282636723625139,2.323094983877466
2025-05-07,3.10168060281391,2.4817706017000374,2.5459343925005546,2.8794661974634845,2.692006305513436,3.10168060281391,2.4817706017000374,2.5459343925005546,2.8794661974634845,2.692006305513436,2.33657811262606,2.3485865396950336,2.3078955433754595,2.351393463156003
2025-05-08,3.1100242595919725,2.482637194622471,2.5637797270274274,2.8646426906554354,2.688388017468391,3.1100242595919725,2.482637194622471,2.5637797270274274,2.8646426906554354,2.688388017468391,2.327800497766728,2.3438282924281246,2.3020924679298624,2.3456251680049105
2025-05-09,3.146290810032808,2.5142658529385518,2.5928610129230725,2.897995580973545,2.7223999250918136,3.146290810032808,2.5142658529385518,2.5928610129230725,2.897995580973545,2.7223999250918136,2.3599050195216646,2.3795068994776094,2.342190610285381,2.382627492499295
2025-05-12,3.1711582803104146,2.5250976033513894,2.608062594186705,2.906148509717972,2.7484515990161373,3.1711582803104146,2.5250976033513894,2.608062594186705,2.906148509717972,2.7484515990161373,2.3782652633598325,2.4042656000537894,2.3652954183808785,2.4089488716300282
2025-05-13,3.1795888932830634,2.5519603972646343,2.644414201556261,2.906148509717972,2.7665430392413617,3.1795888932830634,2.5519603972646343,2.644414201556261,2.906148509717972,2.7665430392413617,2.3713633363894178,2.3845025264735176,2.3516682005877545,2.391606462971767
2025-05-14,3.170625693692114,2.5406954826140953,2.6404485716614,2.877983846782679,2.749898914234155,3.170625693692114,2.5406954826140953,2.6404485716614,2.877983846782679,2.749898914234155,2.3883469599782754,2.395110073887754,2.362126404132189,2.407204942769469
2025-05-15,3.153047876793864,2.5177319601812536,2.6166547922922363,2.852783885208996,2.7231235827008224,3.153047876793864,2.5177319601812536,2.6166547922922363,2.852783885208996,2.7231235827008224,2.3941149146273744,2.3960319947310493,2.352013689989236,2.4032727305751758
2025-05-16,3.1610368427992412,2.5216314961086876,2.614011039028996,2.8668662166766423,2.7289128435728944,3.1610368427992412,2.5216314961086876,2.614011039028996,2.8668662166766423,2.7289128435728944,2.398327452958361,2.3985552830822456,2.3573861864307375,2.404131194552983
2025-05-19,3.1645380909654968,2.5203317389485536,2.5955047661863127,2.8757603207614717,2.7296365011819037,3.1645380909654968,2.5203317389485536,2.5955047661863127,2.8757603207614717,2.7296365011819037,2.4213361814571206,2.42025754498049,2.3751474324751056,2.4267536416133297
2025-05-20,3.145557186423856,2.5164322030211195,2.5961657045021225,2.8468544824857767,2.720228952264787,3.145557186423856,2.5164322030211195,2.5961657045021225,2.8468544824857767,2.720228952264787,2.401153851544539,2.4028535660514114,2.3577882688384983,2.4089834430902988
2025-05-21,3.146556056739916,2.5142658529385518,2.5836078765017305,2.8246192222737037,2.7296365011819037,3.146556056739916,2.5142658529385518,2.5836078765017305,2.8246192222737037,2.7296365011819037,2.4083656076545856,2.4175588187927164,2.372799736073448,2.425269429628164
2025-05-22,3.13953167865291,2.497801645200444,2.561135973764187,2.806831014104045,2.7166106642197416,3.13953167865291,2.497801645200444,2.561135973764187,2.806831014104045,2.7166106642197416,2.4012957370212313,2.4152665157136477,2.3690078359505584,2.4222105779690852
2025-05-23,3.1522811444959804,2.518165388865986,2.5710500485013386,2.83870155374135,2.7223999250918136,3.1522811444959804,2.518165388865986,2.5710500485013386,2.83870155374135,2.7223999250918136,2.4164483635896192,2.43054811950321,2.3840667518070124,2.4367411918974367
2025-05-26,3.173436395481282,2.532030082283825,2.598809457765363,2.8342545016989353,2.731083816399922,3.173436395481282,2.532030082283825,2.598809457765363,2.8342545016989353,2.731083816399922,2.4205997497222094,2.440118595572847,2.3942927398376352,2.444944482748898
2025-05-27,3.193054148613303,2.5515272330269334,2.614671977344806,2.8498191838473863,2.7448333109710927,3.193054148613303,2.5515272330269334,2.614671977344806,2.8498191838473863,2.7448333109710927,2.425435839521293,2.4464657362748015,2.404081227507656,2.449562514260666
2025-05-28,3.1975144522869354,2.5519603972646343,2.613350100713186,2.8735367947402644,2.7520698870611824,3.1975144522869354,2.5519603972646343,2.613350100713186,2.8735367947402644,2.7520698870611824,2.4286165443301297,2.4476047071754783,2.4022160593159776,2.4476720897534046
2025-05-29,3.223027115936624,2.586188834348015,2.660937659451514,2.9209720165260205,2.7853581370755958,3.223027115936624,2.586188834348015,2.660937659451514,2.9209720165260205,2.7853581370755958,2.4495993577508517,2.466296869146477,2.4181624128847474,2.4688699877973286
2025-05-30,3.2324397146713912,2.575790248172878,2.6338391885032992,2.918748490504813,2.795489343601721,3.2324397146713912,2.575790248172878,2.6338391885032992,2.918748490504813,2.795489343601721,2.456941030957786,2.4727480426168786,2.430157588603987,2.4730588175483006
2025-06-02,3.222164064728391,2.5545599115849025,2.5941828895546926,2.8779838467826786,2.765819381632353,3.222164064728391,2.5545599115849025,2.5941828895546926,2.8779838467826786,2.765819381632353,2.4766998753362404,2.4856903052448893,2.4482710029025774,2.4927163871632856
2025-06-03,3.219215957934566,2.5502272114197675,2.5948438278705024,2.862419164634227,2.769437669677398,3.219215957934566,2.5502272114197675,2.5948438278705024,2.862419164634227,2.769437669677398,2.4575530687119516,2.467810673783611,2.43999703637207,2.4715821301499523
2025-06-04,3.2381939314354504,2.5614923905173383,2.614671977344806,2.8772426714422763,2.7723323001134337,3.2381939314354504,2.5614923905173383,2.614671977344806,2.8772426714422763,2.7723323001134337,2.4687416548796963,2.4819603901275085,2.4600084311781507,2.485967340368861
2025-06-05,3.225221109668586,2.534629596604094,2.6007922727127935,2.851301534528191,2.740491365317038,3.225221109668586,2.534629596604094,2.6007922727127935,2.851301534528191,2.740491365317038,2.453812899549831,2.485264887541029,2.4398587831928773,2.482465981366676
2025-06-06,3.230806509046807,2.549360882944366,2.6120282240815653,2.844630956464569,2.7498989142341546,3.230806509046807,2.549360882944366,2.6120282240815653,2.844630956464569,2.7498989142341546,2.4649134629211815,2.495145698717998,2.45069058685723,2.49284581978649
2025-06-09,3.240493406470735,2.562358983439772,2.63780481839816,2.843148605783764,2.7520698870611815,3.240493406470735,2.562358983439772,2.63780481839816,2.843148605783764,2.7520698870611815,2.4641494341863917,2.4869512931010758,2.44763315881425,2.489911479037246
2025-06-10,3.2414782172492735,2.5601926333572043,2.6437532632404506,2.8394427290817514,2.7571354903242447,3.2414782172492735,2.5601926333572043,2.6437532632404506,2.8394427290817514,2.7571354903242447,2.4553014996433076,2.4752130022739873,2.4381058749379028,2.4777743135616936
2025-06-11,3.2618594378148758,2.5658250906824738,2.658954844504083,2.8327721510181294,2.7643720664143347,3.2618594378148758,2.5658250906824738,2.658954844504083,2.8327721510181294,2.7643720664143347,2.4649807119200373,2.4810646835524373,2.4422800353548304,2.4809459610154447
2025-06-12,3.260735169173853,2.5601926333572043,2.64110950997721,2.8149839428484706,2.761477435978299,3.260735169173853,2.5601926333572043,2.64110950997721,2.8149839428484706,2.761477435978299,2.4604856511468927,2.4829134504324726,2.439553041530511,2.4827261232687876
2025-06-13,3.2296475118424586,2.534196432366393,2.6173157306080457,2.7905251566151903,2.7426623381440653,3.2296475118424586,2.534196432366393,2.6173157306080457,2.7905251566151903,2.7426623381440653,2.4461982094856376,2.465137222116709,2.426311320479255,2.4649123492750498
2025-06-16,3.2511438947999243,2.55629309742977,2.6530063996617916,2.8172074688696784,2.76075377836929,3.2511438947999243,2.55629309742977,2.6530063996617916,2.8172074688696784,2.76075377836929,2.4519185496936764,2.472468515779359,2.4306076020989686,2.4729052157420717
2025-06-17,3.2674423791545197,2.5601926333572047,2.6688689192412345,2.8172074688696784,2.7578591479332544,3.2674423791545197,2.5601926333572047,2.6688689192412345,2.8172074688696784,2.7578591479332544,2.454863301216978,2.4743187322822746,2.4369710371222686,2.47560954738015
2025-06-18,3.2839774281555147,2.5853222414255828,2.690018945347158,2.8424074304433615,2.788976425120641,3.2839774281555147,2.5853222414255828,2.690018945347158,2.8424074304433615,2.788976425120641,2.456509707137076,2.47309489831484,2.437641668525465,2.4772763794835893
2025-06-19,3.2787372624193094,2.567991440765042,2.666225165977994,2.823136871592898,2.777397903376497,3.2787372624193094,2.567991440765042,2.666225165977994,2.823136871592898,2.777397903376497,2.4660188534331913,2.479834339587372,2.4434589808698535,2.4855816153610224
2025-06-20,3.2642360285771406,2.551093804342202,2.660937659451513,2.79941926070002,2.757135490324245,3.2642360285771406,2.551093804342202,2.660937659451513,2.79941926070002,2.757135490324245,2.4594218029534356,2.4804143593179635,2.4425588772003026,2.4841507111879273
2025-06-23,3.2583239995263495,2.540262053929364,2.6556501529250323,2.7845957538919714,2.7390440500990207,3.2583239995263495,2.540262053929364,2.6556501529250323,2.7845957538919714,2.7390440500990207,2.4616578987570032,2.4800124954181593,2.444552058441543,2.4840742666952034
2025-06-24,3.275181344769335,2.557592854589905,2.683409562189057,2.783113403211167,2.746280626189111,3.275181344769335,2.557592854589905,2.683409562189057,2.783113403211167,2.746280626189111,2.460319362956835,2.476647727645952,2.442412580203254,2.482353027787553
2025-06-25,3.277983583858728,2.559326040434772,2.695306451873639,2.778666351168752,2.7390440500990207,3.277983583858728,2.559326040434772,2.695306451873639,2.778666351168752,2.7390440500990207,2.443981854465848,2.459133862561152,2.4397225080242326,2.4677907209014753
2025-06-26,3.2998200156844426,2.5809895412604478,2.739589319032916,2.795713383998008,2.7520698870611824,3.2998200156844426,2.5809895412604478,2.739589319032916,2.795713383998008,2.7520698870611824,2.462766339209985,2.4785372615536123,2.4602220074401178,2.4874063463588953
2025-06-27,3.3275879882508774,2.617817492664097,2.7812284329289536,2.8394427290817523,2.775950588158479,3.3275879882508774,2.617817492664097,2.7812284329289536,2.8394427290817523,2.775950588158479,2.4708579923536425,2.4868066182651964,2.4766042646549207,2.494035635990815
2025-06-30,3.339682430762129,2.625616300071934,2.8037003356664973,2.8483368331665817,2.7882527675116315,3.339682430762129,2.625616300071934,2.8037003356664973,2.8483368331665817,2.7882527675116315,2.4822213673186626,2.50051937788952,2.4821894256145023,2.5069129610095553
2025-07-01,3.32206625229696,2.60741890648896,2.7680096666127514,2.8349956770393376,2.777397903376497,3.32206625229696,2.60741890648896,2.7680096666127514,2.8349956770393376,2.777397903376497,2.499740605277833,2.514571336666276,2.4896817690116024,2.5206244134367144
2025-07-02,3.31684214640176,2.5996200990811227,2.7534690236649286,2.8379603784009477,2.794765685992713,3.31684214640176,2.5996200990811227,2.7534690236649286,2.8379603784009477,2.794765685992713,2.521171116455553,2.536928891205151,2.5064161833931915,2.5354517103189607
2025-07-03,3.318963231355233,2.603086206323825,2.752147147033308,2.846113307145375,2.807791522954875,3.318963231355233,2.603086206323825,2.752147147033308,2.846113307145375,2.807791522954875,2.526404466169264,2.549683312814959,2.5179565984508594,2.5376765848248573
2025-07-04,3.3227793604878118,2.6065523135665267,2.7594174685072197,2.8357368523797404,2.795489343601722,3.3227793604878118,2.6065523135665267,2.7594174685072197,2.8357368523797404,2.795489343601722,2.56101887240647,2.577616071845091,2.535400395264592,2.5693522244134237
2025-07-07,3.313458151429426,2.5866219985857173,2.6946455135578287,2.813501592167667,2.7808714598997404,3.313458151429426,2.5866219985857173,2.6946455135578287,2.813501592167667,2.7808714598997404,2.563052484742876,2.573099051180887,2.5278301424091976,2.5698500854008928
2025-07-08,3.3337193097938513,2.5957205631536886,2.7530063668438616,2.8231368715928986,2.791759758489794,3.3337193097938513,2.5957205631536886,2.7530063668438616,2.8231368715928986,2.791759758489794,2.5671413385396313,2.5809730773524993,2.5397405494005145,2.571986481539575
2025-07-09,3.364750063194378,2.545461347016933,2.7604051134930874,2.837219203060545,2.8229728811146146,3.364750063194378,2.545461347016933,2.7604051134930874,2.837219203060545,2.8229728811146146,2.6027301597376313,2.6203317302945432,2.575699187361184,2.6104043051848578
2025-07-10,3.356868010142903,2.586188728569204,2.749643300185122,2.8209133455716913,2.815714015387912,3.356868010142903,2.586188728569204,2.749643300185122,2.8209133455716913,2.815714015387912,2.6106450885810966,2.625023145786315,2.5821429369199347,2.617412062858433
2025-07-11,3.374784416206014,2.601714732943119,2.7429171668676435,2.830548624996923,2.8374906125680197,3.374784416206014,2.601714732943119,2.7429171668676435,2.830548624996923,2.8374906125680197,2.6285844291111875,2.6395633503219713,2.5917442339468897,2.6372694113408226
2025-07-14,3.380668489213527,2.602158224767276,2.7361910335501656,2.8453721318049716,2.8534601171667653,3.380668489213527,2.602158224767276,2.7361910335501656,2.8453721318049716,2.8534601171667653,2.645313435307473,2.6513406195642855,2.607884214780909,2.6490313956499083
2025-07-15,3.374384944801502,2.60304547916762,2.7496433001851224,2.837219203060545,2.8418459320040412,3.374384944801502,2.60304547916762,2.7496433001851224,2.837219203060545,2.8418459320040412,2.6246555911247436,2.63575169033703,2.593781569138176,2.6342865033901277
2025-07-16,3.368170408089123,2.597278731693429,2.7482980735216267,2.823878046933301,2.833135293131998,3.368170408089123,2.597278731693429,2.7482980735216267,2.823878046933301,2.833135293131998,2.6273024387785764,2.6365682009283247,2.591650424545318,2.6367933379924295
2025-07-17,3.3905867061028245,2.617240737317034,2.76578602014707,2.8364780277201422,2.8367647259953497,3.3905867061028245,2.617240737317034,2.76578602014707,2.8364780277201422,2.8367647259953497,2.6444430332580513,2.6486088244397874,2.607686430258156,2.6534175093141967
2025-07-18,3.3799236382965967,2.611917481667,2.761077726824835,2.8335133263585326,2.8273282005506366,3.3799236382965967,2.611917481667,2.761077726824835,2.8335133263585326,2.8273282005506366,2.6394838099048914,2.6425458772634,2.598892667981543,2.6507166628861283
2025-07-22,3.3775565523965896,2.611473989842843,2.7550242068391047,2.8342545016989353,2.839668272286031,3.3775565523965896,2.611473989842843,2.7550242068391047,2.8342545016989353,2.839668272286031,2.650750405007526,2.6513788401639413,2.6160698263225504,2.659026147928142
2025-07-23,3.440091921038483,2.697088759811452,2.8579340465965224,2.96321901092896,2.9311299804424826,3.440091921038483,2.697088759811452,2.8579340465965224,2.96321901092896,2.9311299804424826,2.668830439226094,2.6718289623949154,2.63837057273906,2.6773079131917275
2025-07-24,3.4758629290878025,2.744110264757353,2.9003086864966354,3.009171882033911,2.977586721093379,3.4758629290878025,2.744110264757353,2.9003086864966354,3.009171882033911,2.977586721093379,2.7069907437041785,2.7106254657702196,2.6767433001975487,2.719833176535491
2025-07-25,3.472297141124407,2.716607273610899,2.8713863132314787,2.96025430956735,2.9652466493579843,3.472297141124407,2.716607273610899,2.8713863132314787,2.96025430956735,2.9652466493579843,2.7372770735020215,2.739349136210552,2.69410385043786,2.745691391775032
2025-07-28,3.4663933235628006,2.699750252260454,2.8438091666298178,2.9528425561633256,2.939114732741855,3.4663933235628006,2.699750252260454,2.8438091666298178,2.9528425561633256,2.939114732741855,2.712939335757074,2.7073778858210624,2.6639527870351234,2.7068642522501283
2025-07-29,3.4548230024930326,2.6784575004123488,2.8175772466916524,2.919489665845216,2.915886362416407,3.4548230024930326,2.6784575004123488,2.8175772466916524,2.919489665845216,2.915886362416407,2.718173083356589,2.7122879376098084,2.6707902575288314,2.717577797059051
2025-07-30,3.4721776701670084,2.690878249761074,2.815559406696409,2.9313484712916544,2.9231452281431096,3.4721776701670084,2.690878249761074,2.815559406696409,2.9313484712916544,2.9231452281431096,2.7441113591247492,2.736666999785862,2.690480741046528,2.737104850772168
2025-07-31,3.502573885132191,2.7112840179608653,2.8491900732838,2.946171978099703,2.9529065776225902,3.502573885132191,2.7112840179608653,2.8491900732838,2.946171978099703,2.9529065776225902,2.777167707289165,2.768948249672378,2.7311650500905977,2.771059141604055
2025-08-01,3.5323500875222975,2.7183815116595573,2.831029513326609,2.9817483944390206,2.9739572882300274,3.5323500875222975,2.7183815116595573,2.831029513326609,2.9817483944390206,2.9739572882300274,2.806815350328875,2.798919397790647,2.7472343647867907,2.79486548941226
2025-08-04,3.5119285245972325,2.6864422485113844,2.7947083934122263,2.935054347993667,2.944195938750547,3.5119285245972325,2.6864422485113844,2.7947083934122263,2.935054347993667,2.944195938750547,2.7945017329232678,2.7865503134405905,2.7314596402165,2.777535213105035
2025-08-05,3.5363326446456007,2.7068480167111755,2.8108511133741745,2.968407238311777,2.963068989639974,3.5363326446456007,2.7068480167111755,2.8108511133741745,2.968407238311777,2.963068989639974,2.7942055323289865,2.7942059241130686,2.7459206081034795,2.784516007573276
2025-08-06,3.5713961642455607,2.7370127710586605,2.828339059999618,3.0017601286298867,3.0015409779914974,3.5713961642455607,2.7370127710586605,2.828339059999618,3.0017601286298867,3.0015409779914974,2.832893493052241,2.8392763010954436,2.792541733507997,2.8256623664847242
2025-08-07,3.589646603460845,2.753869521657076,2.8444817799615656,2.9647013616097646,3.0233175751716046,3.589646603460845,2.753869521657076,2.8444817799615656,2.9647013616097646,3.0233175751716046,2.8530534119948983,2.851414914889561,2.822695190209133,2.8581625246085016
2025-08-08,3.6065817883917073,2.785808784805249,2.897618233169644,3.05141887643685,3.063967223241139,3.6065817883917073,2.785808784805249,2.897618233169644,3.05141887643685,3.063967223241139,2.851059281450731,2.8611446647250416,2.8332640572349996,2.859109654457769
2025-08-12,3.624724965043209,2.824845541652114,2.96084388635394,3.0957076128968195,3.0857438204212464,3.624724965043209,2.824845541652114,2.96084388635394,3.0957076128968195,3.0857438204212464,2.850762910934052,2.864970312646468,2.8414017221994836,2.86240066424187
2025-08-13,3.6445154019360357,2.848800056701251,3.0005280729270623,3.1099700873500296,3.104616871310673,3.6445154019360357,2.848800056701251,3.0005280729270623,3.1099700873500296,3.104616871310673,2.8735812643353844,2.8852388375659954,2.8735470069020796,2.879396391778768
2025-08-14,3.628730944073679,2.8186353023537656,2.9574808196952014,3.0634293812395534,3.0770331815492034,3.628730944073679,2.8186353023537656,2.9574808196952014,3.0634293812395534,3.0770331815492034,2.858399532062344,2.868586633199516,2.861826963891231,2.8670257778580006
2025-08-15,3.641315200084972,2.8647695528993227,3.005908979581045,3.1114714004503674,3.1263934684907806,3.641315200084972,2.8647695528993227,3.005908979581045,3.1114714004503674,3.1263934684907806,2.869903081465199,2.8848985560490688,2.8835950750742256,2.88548694188663
2025-08-18,3.6698795315036263,2.8745288097990462,3.0301230595239668,3.1167259963015503,3.122038149054759,3.6698795315036263,2.8745288097990462,3.0301230595239668,3.1167259963015503,3.122038149054759,2.8744341808796694,2.8922678656357528,2.8989669014950623,2.886794113912581
2025-08-19,3.6838143029520816,2.871867317350044,3.0173434062207583,3.1249832183534094,3.135104107362823,3.6838143029520816,2.871867317350044,3.0173434062207583,3.1249832183534094,3.135104107362823,2.874681586738504,2.8903004492898887,2.894019653196857,2.8854209480430457
2025-08-20,3.674004497744419,2.8567848048002866,2.971605699661906,3.13173912730493,3.140185313371515,3.674004497744419,2.8567848048002866,2.971605699661906,3.13173912730493,3.140185313371515,2.8813124190245936,2.8962043178391745,2.8926409629557144,2.89486083712432
2025-08-21,3.6725763832122693,2.8417022922505293,2.9561355930317057,3.1122220570005372,3.136555880508164,3.6725763832122693,2.8417022922505293,2.9561355930317057,3.1122220570005372,3.136555880508164,2.8819403979040334,2.8997120789330872,2.897759246462669,2.8979095032915474
2025-08-22,3.6895681994145932,2.8567848048002866,2.9527725263729665,3.1309884707547617,3.1612360239789528,3.6895681994145932,2.8567848048002866,2.9527725263729665,3.1309884707547617,3.1612360239789528,2.899285695759265,2.9203928540702457,2.921475919833186,2.922193273140279
2025-08-25,3.699193286743589,2.8594462972492884,2.966224793007923,3.1384950362564514,3.172124322569007,3.699193286743589,2.8594462972492884,2.966224793007923,3.1384950362564514,3.172124322569007,2.890164032469956,2.914805312215641,2.9252982081970162,2.9090474904307526
2025-08-26,3.671276642310312,2.8310560517024905,2.9406654864015054,3.097959582547327,3.150347725388899,3.671276642310312,2.8310560517024905,2.9406654864015054,3.097959582547327,3.150347725388899,2.8824281411045867,2.901762562834544,2.9077525425869566,2.9001532276814306
2025-08-27,3.6715546356989,2.828394288501459,2.949409459714227,3.0957076128968204,3.138733540226175,3.6715546356989,2.828394288501459,2.949409459714227,3.0957076128968204,3.138733540226175,2.882904424904566,2.907715171197874,2.909206799051911,2.904206591651639
2025-08-28,3.6834425515667837,2.8479128023009066,2.9702604729984095,3.1144740266510444,3.1663172299876448,3.6834425515667837,2.8479128023009066,2.9702604729984095,3.1144740266510444,3.1663172299876448,2.903324023595249,2.9276839056345736,2.936076266024087,2.924353007590678
2025-08-29,3.6778184818052826,2.8354920529521808,2.9648795663444267,3.100211552197834,3.1547030448249207,3.6778184818052826,2.8354920529521808,2.9648795663444267,3.100211552197834,3.1547030448249207,2.900470353985207,2.927645526854371,2.9405714536197824,2.9212454867975963
2025-09-01,3.6790190761144266,2.8221840492031114,2.9245227664395568,3.100211552197834,3.1510736119615697,3.6790190761144266,2.8221840492031114,2.9245227664395568,3.100211552197834,3.1510736119615697,2.913176698605417,2.935989990541714,2.9465624519493847,2.930243857838072
2025-09-02,3.6919204129946124,2.842589546650873,2.9339393530840265,3.1339910969554374,3.202611558621158,3.6919204129946124,2.842589546650873,2.9339393530840265,3.1339910969554374,3.202611558621158,2.940610961339123,2.9654217594921692,2.973295195309795,2.960829211273596
2025-09-03,3.680711744907574,2.8106502835027,2.9063622064823655,3.1077181176995237,3.1619619105516237,3.680711744907574,2.8106502835027,2.9063622064823655,3.1077181176995237,3.1619619105516237,2.9314631793311023,2.9550076877030933,2.9576151059246114,2.946549906002718
2025-09-04,3.7033851128340145,2.838153545401183,2.9534451397047135,3.1339910969554374,3.192449146603774,3.7033851128340145,2.838153545401183,2.9534451397047135,3.1339910969554374,3.192449146603774,2.964039988359297,2.9867993460557805,2.992645407030613,2.9784373411434255
2025-09-05,3.7278162058429527,2.865656807299666,2.9830401263016175,3.1640173589621963,3.217129290074562,3.7278162058429527,2.865656807299666,2.9830401263016175,3.1640173589621963,3.217129290074562,2.963366641717053,2.988432744893022,3.0011038488089388,2.977890767195843
2025-09-08,3.756800864692425,2.8940473235984934,3.027432606196974,3.1940436209689547,3.2505200724173933,3.756800864692425,2.8940473235984934,3.027432606196974,3.1940436209689547,3.2505200724173933,2.96956922252937,2.9992919818802086,3.008853232271305,2.989259466182786
2025-09-09,3.746987659079131,2.878964811048736,3.01330772623027,3.1737758941143923,3.2316470215279667,3.746987659079131,2.878964811048736,3.01330772623027,3.1737758941143923,3.2316470215279667,2.9570259433536417,2.987440003429686,2.988582541026927,2.974990968243555
2025-09-10,3.756365423284952,2.89316006919815,3.0395396461684356,3.1700226113635477,3.232372908100637,3.756365423284952,2.89316006919815,3.0395396461684356,3.1700226113635477,3.232372908100637,2.9727337105902922,3.0037985577940023,3.003259019835277,2.9962228752221667
2025-09-11,3.7561448097142143,2.901144817297186,3.076533379414566,3.1542588238099993,3.2309211349552966,3.7561448097142143,2.901144817297186,3.076533379414566,3.1542588238099993,3.2309211349552966,2.972914792404004,3.006491438238363,3.0053330859790357,2.9935142951745566
2025-09-12,3.760742317713505,2.913565566645912,3.1020926860209834,3.1655186720625337,3.2374541141093287,3.760742317713505,2.913565566645912,3.1020926860209834,3.1655186720625337,3.2374541141093287,2.9646417819205477,2.996801925823615,2.9963515069354862,2.985301572334667
2025-09-16,3.7818941432137048,2.9224375691452917,3.1135271126606963,3.186537055467265,3.2468906395540422,3.7818941432137048,2.9224375691452917,3.1135271126606963,3.186537055467265,3.2468906395540422,2.9715327424043223,3.0016794971634337,2.9970484609954315,2.990462213951773
2025-09-17,3.7498567925665394,2.8993703084964983,3.105455752679722,3.160264076211351,3.2164034035018916,3.7498567925665394,2.8993703084964983,3.105455752679722,3.160264076211351,3.2164034035018916,2.9205965509553997,2.9469675329711222,2.9428050786161153,2.9393970849788755
2025-09-18,3.7635747130349495,2.9153400754465997,3.1437947125893486,3.160264076211351,3.2069668780571785,3.7635747130349495,2.9153400754465997,3.1437947125893486,3.160264076211351,3.2069668780571785,2.9179200512814405,2.94664243055197,2.950563420077555,2.9390100777826706
2025-09-19,3.758187967326264,2.89759607044784,3.1202532459781747,3.142998975557465,3.2113221974932,3.758187967326264,2.89759607044784,3.1202532459781747,3.142998975557465,3.2113221974932,2.9342007540705364,2.953862956176504,2.9548208729033356,2.950507909165797
2025-09-22,3.770675875101209,2.9153400754465997,3.155229139229062,3.1557601369103376,3.223662269228594,3.770675875101209,2.9153400754465997,3.155229139229062,3.1557601369103376,3.223662269228594,2.9263095765845164,2.9528321015924095,2.9512259249862804,2.9474776426918017
2025-09-24,3.768132737541153,2.9215503147449478,3.165990952537027,3.153508167259831,3.222936382655924,3.768132737541153,2.9215503147449478,3.165990952537027,3.153508167259831,3.222936382655924,2.9280889322261765,2.9534208720564457,2.9539536476158217,2.945604024431451
2025-09-25,3.782666164399003,2.938407336095393,3.173389699186253,3.165518672062534,3.230195248382627,3.782666164399003,2.938407336095393,3.173389699186253,3.165518672062534,3.230195248382627,2.94534875725058,2.972752516667397,2.971018417427624,2.9613981101167743
2025-09-26,3.798083611220498,2.9330840804453593,3.147157779248088,3.189539681667941,3.252697732135405,3.798083611220498,2.9330840804453593,3.147157779248088,3.189539681667941,3.252697732135405,2.9839375436157436,3.012860109595366,3.0137585729580727,3.0131299137356713
2025-09-29,3.768164631469022,2.914452821046256,3.1404316459306094,3.1377443797062825,3.2193069497925735,3.768164631469022,2.914452821046256,3.1404316459306094,3.1377443797062825,3.2193069497925735,2.9809577657563144,3.0042202760941428,3.005628929148002,3.0021782641183457
2025-09-30,3.7608118357258506,2.912678312245568,3.1363959659401224,3.139245692806621,3.2156775169292224,3.7608118357258506,2.912678312245568,3.1363959659401224,3.139245692806621,3.2156775169292224,2.9652486564567426,2.9881690109122205,2.9852723618408747,2.9902177839023203
2025-10-01,3.6855844292897264,2.878964811048737,3.110836659333705,3.0957076128968204,3.214225743783882,3.6855844292897264,2.878964811048737,3.110836659333705,3.0957076128968204,3.214225743783882,2.891421244034629,2.919093125372926,2.9126145424815166,2.9231026843441152
2025-10-02,3.673317019508779,2.870980062949701,3.138413805935366,3.080694481893441,3.1728502091416777,3.673317019508779,2.870980062949701,3.138413805935366,3.080694481893441,3.1728502091416777,2.870129299666918,2.9006027919786317,2.8904294559748376,2.903559792426406
2025-10-03,3.7040156343988326,2.9100168197965663,3.1949133258021836,3.105466148049017,3.1721243225690077,3.7040156343988326,2.9100168197965663,3.1949133258021836,3.105466148049017,3.1721243225690077,2.8820386458529135,2.912535876452602,2.9064749205204565,2.9178453957238757
2025-10-06,3.7817537654884195,3.0031728460400537,3.3509596187676793,3.19029033821811,3.1873679405950828,3.7817537654884195,3.0031728460400537,3.3509596187676793,3.19029033821811,3.1873679405950828,2.9282265761875355,2.9551775883089824,2.9511231072357385,2.951237175911923
2025-10-07,3.7872315960153236,3.001398337239366,3.3469239387771923,3.209056751972334,3.2393414191982726,3.7872315960153236,3.001398337239366,3.3469239387771923,3.209056751972334,3.2393414191982726,2.9359531701107575,2.962056960062939,2.9569883164276716,2.9583655370681083
2025-10-08,3.781395492693015,3.0111575941390902,3.3334716721422355,3.212810034723179,3.2614278379655337,3.781395492693015,3.0111575941390902,3.3334716721422355,3.212810034723179,3.2614278379655337,2.9481974849153003,2.9688789178041963,2.9742328957866304,2.9668447478882887
2025-10-09,3.800368398124084,3.0297888535381934,3.391316418672549,3.224069882975714,3.281305614856069,3.800368398124084,3.0297888535381934,3.391316418672549,3.224069882975714,3.281305614856069,2.9486893905758085,2.9692186317657923,2.9784132948445237,2.9691094594201792
2025-10-10,3.728271052462767,2.9721208372922248,3.352977458762923,3.200799529920476,3.2216722841844643,3.728271052462767,2.9721208372922248,3.352977458762923,3.200799529920476,3.2216722841844643,2.881176927976814,2.901752320323419,2.909114424781428,2.9056232901622345
2025-10-14,3.669578433353022,2.916227329846944,3.268900792294444,3.145250945207972,3.1620389535128597,3.669578433353022,2.916227329846944,3.268900792294444,3.145250945207972,3.1620389535128597,2.8645084522232898,2.88410720116519,2.8850497656067082,2.88286386889993
2025-10-15,3.7280204660873584,2.965023343593533,3.3280907654882532,3.1797811465157446,3.202530721252838,3.7280204660873584,2.965023343593533,3.3280907654882532,3.1797811465157446,3.202530721252838,2.9200318610537286,2.942140349714026,2.9455461939131387,2.93613161963836
2025-10-16,3.73800831394526,2.9765568385419154,3.3697927920566184,3.1790304899655757,3.2032669352117473,3.73800831394526,2.9765568385419154,3.3697927920566184,3.1790304899655757,3.2032669352117473,2.9489175366857636,2.9626296646242016,2.9656415965212055,2.957371491587419
2025-10-17,3.708872611019389,2.9490535766434323,3.3220372455025227,3.1610147327615206,3.1730821628964905,3.708872611019389,2.9490535766434323,3.3220372455025227,3.1610147327615206,3.1730821628964905,2.9273517422046247,2.943561167229102,2.942288770985588,2.936752515994335
2025-10-20,3.7745361177483523,3.0164808497891245,3.4310006052456705,3.2158126609238553,3.232715493568095,3.7745361177483523,3.0164808497891245,3.4310006052456705,3.2158126609238553,3.232715493568095,2.9699706523368175,2.993440336786754,2.9912552113272257,2.98357043405596
2025-10-21,3.775195589371158,3.0235783434878165,3.4397445785583924,3.2105580650726724,3.237868991280456,3.775195589371158,3.0235783434878165,3.4397445785583924,3.2105580650726724,3.237868991280456,2.946408626292468,2.9682240180169535,2.966265776059521,2.9604847950999513
2025-10-22,3.8133287263987743,3.035112109188228,3.4404171918901407,3.24884154913129,3.2827780427738866,3.8133287263987743,3.035112109188228,3.4404171918901407,3.24884154913129,3.2827780427738866,2.9978165333527222,3.032164511820173,3.0250563787238,3.017421291295164
2025-10-23,3.824030396375567,3.022691359839502,3.39400687199954,3.2465895794807826,3.2783607590204347,3.824030396375567,3.022691359839502,3.39400687199954,3.2465895794807826,3.2783607590204347,3.0220241490623105,3.0549133136505353,3.056240767579923,3.03875162622914
2025-10-24,3.830844390852517,3.038660856037574,3.39400687199954,3.2465895794807826,3.2783607590204347,3.830844390852517,3.038660856037574,3.39400687199954,3.2465895794807826,3.2783607590204347,3.012977251631108,3.0559812809167837,3.0504236319355034,3.0321466575327727
2025-10-27,3.8860938825916045,3.0918928710338527,3.5271843116856103,3.3148993255461585,3.330631950102952,3.8860938825916045,3.0918928710338527,3.5271843116856103,3.3148993255461585,3.330631950102952,3.0703277535065827,3.1154999019037866,3.1137105406623085,3.0933241054062175
2025-10-28,3.804476168677333,3.0599536078856797,3.504315458406184,3.281119780788555,3.2813056148560698,3.804476168677333,3.0599536078856797,3.504315458406184,3.281119780788555,3.2813056148560698,2.9814444202058064,3.025598074459127,3.022959782863361,3.009716012096954
2025-10-29,3.7545622627780264,3.050194350985956,3.585701671547671,3.259350740833655,3.263636479842261,3.7545622627780264,3.050194350985956,3.585701671547671,3.259350740833655,3.263636479842261,2.9368639180573344,2.983826168495462,2.9786316089890845,2.9655219971873157
2025-10-30,3.7871343634097197,3.0679383559847153,3.5803207648936883,3.2721119021865275,3.274679689225892,3.7871343634097197,3.0679383559847153,3.5803207648936883,3.2721119021865275,3.274679689225892,2.9808632899653995,3.032855512116083,3.0213583072620915,3.0116409331310297
2025-10-31,3.8010594474457773,3.09810338108423,3.658343911376436,3.2458389229306137,3.2783607590204356,3.8010594474457773,3.09810338108423,3.658343911376436,3.2458389229306137,3.2783607590204356,2.967315831350958,3.019519891834443,3.007996535494788,3.0036578843441757
2025-11-04,3.80918325221903,3.081246359733785,3.6011717781778705,3.2510935187817966,3.28719532652734,3.80918325221903,3.081246359733785,3.6011717781778705,3.2510935187817966,3.28719532652734,2.967125920630973,3.02261050501024,3.0052439912084403,3.0124491433087717
2025-11-05,3.7779634363752006,3.039548110437918,3.506333298401427,3.244337609830276,3.271734833390257,3.7779634363752006,3.039548110437918,3.506333298401427,3.244337609830276,3.271734833390257,2.9517910611841405,3.006802899698588,2.9821676611334187,2.9985968062375106
2025-11-06,3.7944469457276084,3.0803593760854704,3.5460174849745485,3.29237962904109,3.2997109638287876,3.7944469457276084,3.0803593760854704,3.5460174849745485,3.29237962904109,3.2997109638287876,2.9845130009327865,3.0439467887086002,3.0166647445278434,3.037581393771848
2025-11-07,3.7959496280186045,3.065276863535713,3.512386818387157,3.2938809421414277,3.2997109638287876,3.7959496280186045,3.065276863535713,3.512386818387157,3.2938809421414277,3.2997109638287876,2.9655055165970188,3.0233493855436997,2.9937092039775024,3.01221711776736
2025-11-10,3.834294111893622,3.0865696153838185,3.5561066849507657,3.3028888207434557,3.3350492338564046,3.834294111893622,3.0865696153838185,3.5561066849507657,3.3028888207434557,3.3350492338564046,2.9783788289123585,3.040256979924619,3.013654522313673,3.0235248873108787
2025-11-11,3.8271431325212224,3.088344124184506,3.5493805516332877,3.313398012445821,3.33210437802077,3.8271431325212224,3.088344124184506,3.5493805516332877,3.313398012445821,3.33210437802077,2.9541608437729057,3.020710216243029,2.989404022908944,2.997185655264979
2025-11-12,3.8698452743105105,3.1247193885823688,3.564850658263488,3.335167052400721,3.3733323597196576,3.8698452743105105,3.1247193885823688,3.564850658263488,3.335167052400721,3.3733323597196576,2.9754883191766717,3.0463524870248566,3.0176166670475544,3.0310045510343526
2025-11-13,3.8892408308430046,3.148673632879477,3.580993378225436,3.3606893751064657,3.408670629747275,3.8892408308430046,3.148673632879477,3.580993378225436,3.3606893751064657,3.408670629747275,3.012472356282784,3.084488498335559,3.0501362536224055,3.0685788441388215
2025-11-14,3.8725494246032004,3.124719388582369,3.5170951117093927,3.369697253708493,3.4337019043501704,3.8725494246032004,3.124719388582369,3.5170951117093927,3.369697253708493,3.4337019043501704,3.0134700483784282,3.082639576196458,3.0523560345073566,3.065807081806568
2025-11-17,3.8622305231543,3.1114113848332994,3.516422498377645,3.3606893751064653,3.4145603414185444,3.8622305231543,3.1114113848332994,3.516422498377645,3.3606893751064653,3.4145603414185444,3.0329550662339058,3.1032449004876788,3.0668271071454076,3.0887699468859706
2025-11-18,3.788241564762093,3.0262401066888476,3.4074591386344966,3.283371750439062,3.3335768059385877,3.788241564762093,3.0262401066888476,3.4074591386344966,3.283371750439062,3.3335768059385877,2.981368707120216,3.048483702227975,3.0043877717645002,3.031838291160724
2025-11-19,3.7857924481888143,3.020916851038814,3.3926616453360445,3.2691092759858513,3.3468286571989445,3.7857924481888143,3.020916851038814,3.3926616453360445,3.2691092759858513,3.3468286571989445,3.0018580318088466,3.0670456557486188,3.025403449339052,3.0505456285139796
2025-11-20,3.829717866677143,3.0688256103850584,3.475393085141027,3.3066421034943,3.389529066815649,3.829717866677143,3.0688256103850584,3.475393085141027,3.3066421034943,3.389529066815649,3.0484922037016755,3.1143050564954393,3.0744499376839696,3.097318813977291
2025-11-21,3.8690925425789207,3.0670513723364,3.3993877786535225,3.3336657393003826,3.4197138391309054,3.8690925425789207,3.0670513723364,3.3993877786535225,3.3336657393003826,3.4197138391309054,3.0931410122358405,3.1578479771391597,3.112381310100108,3.1452226199827407
2025-11-25,3.8669028565834873,3.0617281166863664,3.3960247119947833,3.323907204148186,3.414560341418545,3.8669028565834873,3.0617281166863664,3.3960247119947833,3.323907204148186,3.414560341418545,3.110160006076504,3.1756587005134067,3.121519289079514,3.16251153373282
2025-11-26,3.9293279992382537,3.122944879781681,3.459250365179079,3.3674452840579865,3.477874741884693,3.9293279992382537,3.122944879781681,3.459250365179079,3.3674452840579865,3.477874741884693,3.160819693943401,3.2254485961646537,3.173462371357778,3.2103861811631553
2025-11-27,3.956265814031684,3.1327041366814043,3.4996071650839484,3.383209071611535,3.4815558116792364,3.956265814031684,3.1327041366814043,3.4996071650839484,3.383209071611535,3.4815558116792364,3.175374510100302,3.243203327725639,3.19724822952944,3.2253238947082057
2025-11-28,3.983108876707313,3.1424633935811275,3.505660685069679,3.3929676067637313,3.4970163048163188,3.983108876707313,3.1424633935811275,3.505660685069679,3.3929676067637313,3.4970163048163188,3.2176253823189445,3.2835611863104646,3.238499614164455,3.266776420205608
2025-12-01,3.9357723336025265,3.1060881291832643,3.4431076452171308,3.3486788703037624,3.4683039604188797,3.9357723336025265,3.1060881291832643,3.4431076452171308,3.3486788703037624,3.4683039604188797,3.1969438696026846,3.2541424587524483,3.211498334193472,3.249260973098003
2025-12-02,3.9101430198000133,3.1060881291832643,3.4404171918901394,3.34342427445258,3.4800833837614187,3.9101430198000133,3.1060881291832643,3.4404171918901394,3.34342427445258,3.4800833837614187,3.1582651447802275,3.2250790163630647,3.181295462507833,3.2093867643172063
2025-12-03,3.8951759391010983,3.1016521279335745,3.481446605126757,3.342673617902411,3.465359104583245,3.8951759391010983,3.1016521279335745,3.481446605126757,3.342673617902411,3.465359104583245,3.1454669094178005,3.2176646069648367,3.1712442644469028,3.198041726615199
2025-12-04,3.939489530704709,3.1637561454292333,3.5594697516095053,3.377954475760353,3.5176302956657626,3.939489530704709,3.1637561454292333,3.5594697516095053,3.377954475760353,3.5176302956657626,3.162700581219792,3.2358877282418144,3.194404643278518,3.2175871545336965
2025-12-05,3.9084100817791874,3.1247193885823683,3.52382124502687,3.334416395850553,3.4719850302134234,3.9084100817791874,3.1247193885823683,3.52382124502687,3.334416395850553,3.4719850302134234,3.147572737349501,3.215852740183578,3.1665699150796485,3.197132701520383
2025-12-08,3.9502965273255297,3.14956088727982,3.528529538349105,3.362941344756974,3.4933352350217755,3.9502965273255297,3.14956088727982,3.528529538349105,3.362941344756974,3.4933352350217755,3.186754231772682,3.2555131197657614,3.2032129412227537,3.235918393711199
2025-12-09,3.9406483524266736,3.1477863784791325,3.5352556716665835,3.3666946275078184,3.4984887327341365,3.9406483524266736,3.1477863784791325,3.5352556716665835,3.3666946275078184,3.4984887327341365,3.172642037870616,3.2447670341792314,3.1941704119445706,3.2198048122974403
2025-12-10,3.9523562877140495,3.151335396080508,3.529874765012601,3.403476798466098,3.5389805004741155,3.9523562877140495,3.151335396080508,3.529874765012601,3.403476798466098,3.5389805004741155,3.166737822354454,3.2434217395326543,3.1960465953252375,3.2178477327202017
2025-12-11,3.9054057885432227,3.127380881031371,3.500952391747444,3.4132353336182946,3.535299430679572,3.9054057885432227,3.127380881031371,3.500952391747444,3.4132353336182946,3.535299430679572,3.129141028853481,3.2162962534861,3.1640166053653678,3.187839682566813
2025-12-12,3.9652286675802175,3.187710389726342,3.550053164965036,3.4875503320850223,3.5912516915566335,3.9652286675802175,3.187710389726342,3.550053164965036,3.4875503320850223,3.5912516915566335,3.188083128689411,3.263122349182992,3.213531258598577,3.2400352017501284
2025-12-15,3.994123846225296,3.199244155426753,3.5022976184109402,3.505566089289078,3.6148105382417115,3.994123846225296,3.199244155426753,3.5022976184109402,3.505566089289078,3.6148105382417115,3.223228592472318,3.289010872548058,3.242084633697757,3.2733100947366447
2025-12-16,3.9334151667828894,3.138914375979753,3.4511790051981053,3.456022756977926,3.5794722682140936,3.9334151667828894,3.138914375979753,3.4511790051981053,3.456022756977926,3.5794722682140936,3.1726479149118667,3.2494493979843466,3.2051944790916966,3.2285574168282225
2025-12-17,3.9297945925349325,3.138027392331438,3.4579051385155837,3.4635293224796158,3.564011775077011,3.9297945925349325,3.138027392331438,3.4579051385155837,3.4635293224796158,3.564011775077011,3.1618029873255686,3.2410906446261296,3.1980297869677963,3.2210042637069525
2025-12-18,3.9397103310562733,3.1238321341820243,3.424274471928192,3.457524070078264,3.5573858494468324,3.9397103310562733,3.1238321341820243,3.424274471928192,3.457524070078264,3.5573858494468324,3.1802169147619064,3.2637728250467206,3.221542525201946,3.2414681165696217
2025-12-19,3.97265620472824,3.1522223797288222,3.45588729852034,3.4657812921301225,3.58683440780318,3.97265620472824,3.1522223797288222,3.45588729852034,3.4657812921301225,3.58683440780318,3.2199488323644356,3.299039924448415,3.256032522179232,3.2800842534558092
2025-12-22,3.9826727643617073,3.1690794010792676,3.515077271714149,3.4612773528291085,3.596405189268993,3.9826727643617073,3.1690794010792676,3.515077271714149,3.4612773528291085,3.596405189268993,3.210858412592558,3.2944931851467034,3.2532138473217165,3.2723305673158842
2025-12-23,4.011750270565407,3.1832743884766517,3.51776772504114,3.4770411403826564,3.6162829661595284,4.011750270565407,3.1832743884766517,3.51776772504114,3.4770411403826564,3.6162829661595284,3.236582602180576,3.3138966426204894,3.2706348683417428,3.291760308988902
2025-12-24,4.0052681759244315,3.169966384727582,3.5137320450506535,3.4552721004277562,3.605239756775898,4.0052681759244315,3.169966384727582,3.5137320450506535,3.4552721004277562,3.605239756775898,3.2282381483991265,3.3071281388171268,3.263623796150333,3.2817329634968315
2025-12-25,4.028124925711365,3.181500150427993,3.51776772504114,3.4792931100331637,3.6118656824060764,4.028124925711365,3.181500150427993,3.51776772504114,3.4792931100331637,3.6118656824060764,3.240610530523259,3.3197767177267563,3.2768424617514578,3.2928869377955494
2025-12-26,4.031146868152191,3.183274388476651,3.539291351657071,3.466531948680291,3.606712184693716,4.031146868152191,3.183274388476651,3.539291351657071,3.466531948680291,3.606712184693716,3.2422560127710587,3.3191636820481545,3.2779381407008037,3.2929794271560353
2025-12-29,4.054918615884337,3.1930336453763744,3.524493858358619,3.4830463927840083,3.633215887214429,4.054918615884337,3.1930336453763744,3.524493858358619,3.4830463927840083,3.633215887214429,3.282190313715643,3.3487851651922274,3.30221621791738,3.3229647405593297
2025-12-30,4.030909866823166,3.1752896403776147,3.5191129517046367,3.4777917969328254,3.631007245337703,4.030909866823166,3.1752896403776147,3.5191129517046367,3.4777917969328254,3.631007245337703,3.255684073303272,3.327032551201327,3.2841914258248934,3.3002377178517963
2026-01-05,4.064211842625823,3.238280912273617,3.624713244789046,3.530337755444653,3.6634006595296853,4.064211842625823,3.238280912273617,3.624713244789046,3.530337755444653,3.6634006595296853,3.2982157924189397,3.3709400294862895,3.320888430168703,3.347101027149269
2026-01-06,4.118799095548708,3.295061674119242,3.6670878846891597,3.571623865703946,3.7296599158314683,4.118799095548708,3.295061674119242,3.6670878846891597,3.571623865703946,3.7296599158314683,3.3479349729395738,3.414469946395355,3.369367524587126,3.3974692518874474
2026-01-07,4.130458902352599,3.2684456666211026,3.6287489247795337,3.5393456340466805,3.7247272823067803,4.130458902352599,3.2684456666211026,3.6287489247795337,3.5393456340466805,3.7247272823067803,3.3697778176270337,3.4269983412556684,3.374531445805362,3.4059413995924745
2026-01-08,4.125563799151738,3.2427169135233074,3.571576791580968,3.5153246244412735,3.716615621228702,4.125563799151738,3.2427169135233074,3.571576791580968,3.5153246244412735,3.716615621228702,3.367835642557136,3.4247008419547957,3.36829338752568,3.406836443701044
2026-01-09,4.150203949679004,3.273768922271137,3.6280763114477854,3.5656186133025947,3.7497996892753864,4.150203949679004,3.273768922271137,3.6280763114477854,3.5656186133025947,3.7497996892753864,3.3807585491391685,3.438509986404495,3.386487671327141,3.423106372369462
2026-01-13,4.204307040344676,3.349180943515865,3.7424205778449164,3.6376816421188156,3.8154304016343854,4.204307040344676,3.349180943515865,3.7424205778449164,3.6376816421188156,3.8154304016343854,3.4674300359572237,3.504163187743958,3.4509382870725185,3.497501736580323
2026-01-14,4.242879443845101,3.39265370161242,3.799592711043482,3.6774664392777705,3.8611506731653735,4.242879443845101,3.39265370161242,3.799592711043482,3.6774664392777705,3.8611506731653735,3.5245757266356676,3.5581899099654652,3.5002059381546005,3.5569699538966733
2026-01-15,4.283475056240166,3.4192697091105595,3.7821047644180386,3.7202538626374015,3.90539609722762,4.283475056240166,3.4192697091105595,3.7821047644180386,3.7202538626374015,3.90539609722762,3.540184040711956,3.5645783058140434,3.507275038221159,3.563966449069027
2026-01-16,4.290381173091542,3.413946453460526,3.7706703377783253,3.7195032060872326,3.892122470008946,4.290381173091542,3.413946453460526,3.7706703377783253,3.7195032060872326,3.892122470008946,3.5340040367653813,3.5743164156239247,3.5212158228602144,3.571501909156757
2026-01-19,4.292736932048905,3.4068489597618337,3.7457836445036556,3.6894769440804738,3.8795862665246426,4.292736932048905,3.4068489597618337,3.7457836445036556,3.6894769440804738,3.8795862665246426,3.5352859904116922,3.5722472777558387,3.514864748097428,3.566360148925038
2026-01-20,4.264298931188329,3.3749096966136607,3.7040816179352904,3.6767157827276016,3.8471396222123286,4.264298931188329,3.3749096966136607,3.7040816179352904,3.6767157827276016,3.8471396222123286,3.5165043153316633,3.5585872566398997,3.4947801748064973,3.5538973287170705
2026-01-21,4.230016611802343,3.3438576878658317,3.685921057978099,3.6324270462676322,3.8087935880250483,4.230016611802343,3.3438576878658317,3.685921057978099,3.6324270462676322,3.8087935880250483,3.483592153000675,3.536791896436886,3.4724880440286077,3.5265636032406333
2026-01-22,4.269968223604564,3.372248204164659,3.751164551157639,3.6519441165720252,3.828704028853059,4.269968223604564,3.372248204164659,3.751164551157639,3.6519441165720252,3.828704028853059,3.5112763621900007,3.5848169988806684,3.5183364003889954,3.573996481149236
2026-01-23,4.288906434457127,3.3828944447126976,3.7639442044608478,3.6594506820737145,3.84861446968107,4.288906434457127,3.3828944447126976,3.7639442044608478,3.6594506820737145,3.84861446968107,3.5139366658148643,3.5844910165488275,3.5205584763534086,3.5780522580937344
2026-01-26,4.219681756697093,3.308369677868313,3.6980280979495608,3.5701225526036073,3.7711849775721387,4.219681756697093,3.308369677868313,3.6980280979495608,3.5701225526036073,3.7711849775721387,3.4571993813663786,3.53013369099851,3.4623482880709995,3.514593125230858
2026-01-27,4.222999912796664,3.3181289347680365,3.7222421778924826,3.5581120478009036,3.789620570931408,4.222999912796664,3.3181289347680365,3.7222421778924826,3.5581120478009036,3.789620570931408,3.4697666061731445,3.5391897415003992,3.466470067576228,3.5251132978000554
2026-01-28,4.170490533073236,3.28973841846921,3.72627785788297,3.523581846493131,3.7284144009786337,4.170490533073236,3.28973841846921,3.72627785788297,3.523581846493131,3.7284144009786337,3.411010080889495,3.474500359374079,3.407294044711534,3.464391827193005
2026-01-29,4.168190694091883,3.299497675368933,3.7289683112099614,3.5461015429982,3.768235282634655,4.168190694091883,3.299497675368933,3.7289683112099614,3.5461015429982,3.768235282634655,3.4248854520823264,3.4802367344421423,3.4149412234277645,3.474770136663061
2026-01-30,4.186107851801955,3.3216776816173823,3.7256052445512227,3.5813824008561412,3.8065813168219353,4.186107851801955,3.3216776816173823,3.7256052445512227,3.5813824008561412,3.8065813168219353,3.4231725581265695,3.4904934124951206,3.4237984384021054,3.480095510203861
2026-02-02,4.163447503857452,3.2941744197188996,3.6825579913193613,3.587387653257493,3.794782537072003,4.163447503857452,3.2941744197188996,3.6825579913193613,3.587387653257493,3.794782537072003,3.4139250567714114,3.4767831320857105,3.404394359984233,3.466486308553239
2026-02-03,4.253842800266893,3.3988642116627976,3.8238067909864055,3.6767157827276002,3.8899101988058327,4.253842800266893,3.3988642116627976,3.8238067909864055,3.6767157827276002,3.8899101988058327,3.4724581763106346,3.5388516840453437,3.4639110037185907,3.5354032256971712
2026-02-04,4.272880398728283,3.405074450961146,3.7955570310529967,3.7360176501909486,3.976188775727213,4.272880398728283,3.405074450961146,3.7955570310529967,3.7360176501909486,3.976188775727213,3.5080615608050336,3.577551317396566,3.498799999438234,3.5800726036227606
2026-02-05,4.302431137197544,3.4033002129124874,3.7693251111148314,3.789314265252945,3.9879875554771456,4.302431137197544,3.4033002129124874,3.7693251111148314,3.789314265252945,3.9879875554771456,3.5377825173874284,3.605212204979433,3.5300154153681893,3.613306454465211
2026-02-06,4.322716136011155,3.4467729710090422,3.7928665777260053,3.765293255647538,4.045506606758066,4.322716136011155,3.4467729710090422,3.7928665777260053,3.765293255647538,4.045506606758066,3.5610013891652015,3.6245402891261116,3.5551300181839305,3.6416390198666178
2026-02-09,4.392240916581749,3.5248464847027727,3.9374784440517883,3.845613506515617,4.094913996960907,4.392240916581749,3.5248464847027727,3.9374784440517883,3.845613506515617,4.094913996960907,3.642980298825611,3.6994788062331048,3.611852328109167,3.7292796298266215
2026-02-10,4.468026243674644,3.590499519799806,4.0276086305059975,3.8775021081491126,4.178980302679174,4.468026243674644,3.590499519799806,4.0276086305059975,3.8775021081491126,4.178980302679174,3.704334325650059,3.752721156120136,3.665412249260427,3.7878902943743027
2026-02-12,4.506278682994988,3.6171155272979454,4.029626470501241,3.929890525118427,4.219538608069567,4.506278682994988,3.6171155272979454,4.029626470501241,3.929890525118427,4.219538608069567,3.7629439175876622,3.8014212308602016,3.7127847734410837,3.833093038215598
2026-02-13,4.420145657356415,3.559447511051977,3.9818709239471453,3.909390709782608,4.184879692554141,4.420145657356415,3.559447511051977,3.9818709239471453,3.909390709782608,4.184879692554141,3.685560456878781,3.738932609561652,3.645348151637424,3.7564922465129897
2026-02-16,4.437346905529592,3.5319442491534936,3.974472177297919,3.8721873412101964,4.13620972608567,4.437346905529592,3.5319442491534936,3.974472177297919,3.8721873412101964,4.13620972608567,3.684499814588262,3.732055793924537,3.6397872148688557,3.7434161981255034
2026-02-17,4.435552075592718,3.5062154960556984,3.947567644028006,3.859280050072829,4.115561861523288,4.435552075592718,3.5062154960556984,3.947567644028006,3.859280050072829,4.115561861523288,3.683365916617452,3.728540379498325,3.629799520694034,3.737160835847898
2026-02-18,4.485073539988187,3.5461395073029074,3.994650577250354,3.920779496080285,4.173818336538579,4.485073539988187,3.5461395073029074,3.994650577250354,3.920779496080285,4.173818336538579,3.724792666543304,3.7665453386691445,3.673012989673503,3.7805789079190086
2026-02-19,4.521728934863024,3.5896122653994618,4.016174203866285,3.9427978162557933,4.20331528591341,4.521728934863024,3.5896122653994618,4.016174203866285,3.9427978162557933,4.20331528591341,3.7587176506302766,3.8002349239789055,3.7117723221563876,3.8171427857584233
2026-02-20,4.4769313924179945,3.5496882541522528,3.973799563966172,3.8919279041261694,4.167918946663613,4.4769313924179945,3.5496882541522528,3.973799563966172,3.8919279041261694,4.167918946663613,3.713897874184787,3.7603523908447882,3.6688015531923854,3.7738530364177034
2026-02-24,4.501338473687002,3.558560256651633,4.004739777226573,3.889650146866634,4.16496925172613,4.501338473687002,3.558560256651633,4.004739777226573,3.889650146866634,4.16496925172613,3.74056257162254,3.790701277154925,3.688234896861187,3.791781815524079
2026-02-25,4.527478077048548,3.5887250109991182,4.096215190344277,3.938242301736723,4.173818336538579,4.527478077048548,3.5887250109991182,4.096215190344277,3.938242301736723,4.173818336538579,3.7392421384320604,3.783186393831543,3.6819538530583884,3.7821053203312216
2026-02-26,4.554253085380924,3.61800251094626,4.109667456979234,3.956464359813006,4.198890743507185,4.554253085380924,3.61800251094626,4.109667456979234,3.956464359813006,4.198890743507185,3.747804819943377,3.789538531843188,3.6944278651443394,3.793733912095483
2026-02-27,4.648775974549297,3.66502428664419,4.11101268364273,3.9929084759655726,4.269683422006779,4.648775974549297,3.66502428664419,4.11101268364273,3.9929084759655726,4.269683422006779,3.8371641512794077,3.8648632755536263,3.772618325186261,3.88067488628721
2026-03-02,4.6027878486636435,3.632197769095673,4.05518577710766,3.9800011848282053,4.2210134555383085,4.6027878486636435,3.632197769095673,4.05518577710766,3.9800011848282053,4.2210134555383085,3.8046341899342395,3.8519053455230177,3.733988660659835,3.839059024661665
2026-03-03,4.467204116668649,3.512425735354046,3.9314249240660595,3.864594817011745,4.103025658038985,4.467204116668649,3.512425735354046,3.9314249240660595,3.864594817011745,4.103025658038985,3.711116258388913,3.754663830078041,3.6368957637369883,3.738053761482069
2026-03-04,4.305756777715729,3.3873304459623856,3.792193964394259,3.7400774201571423,3.9253065380556285,4.305756777715729,3.3873304459623856,3.792193964394259,3.7400774201571423,3.9253065380556285,3.5581688287030517,3.623832303131674,3.5055263762300357,3.5867021455749293
2026-03-05,4.411229251587829,3.446772971009042,3.8634909775595285,3.788669575027231,3.999786335227077,4.411229251587829,3.446772971009042,3.8634909775595285,3.788669575027231,3.999786335227077,3.6484073015823704,3.7004730642642665,3.5801664127951685,3.674982467557866
2026-03-06,4.425639870367136,3.462742467207114,3.889722897497694,3.7863918177676954,4.018959352320717,4.425639870367136,3.462742467207114,3.889722897497694,3.7863918177676954,4.018959352320717,3.6306193288793813,3.6809865030888655,3.5665967582367935,3.6595119443655397
2026-03-09,4.277328959051343,3.3305496841167606,3.685921057978102,3.706670313683956,3.928993656727483,4.277328959051343,3.3305496841167606,3.685921057978102,3.706670313683956,3.928993656727483,3.4872349007750474,3.5596048029854654,3.4497337473755283,3.5298669437424595
2026-03-10,4.375920564891226,3.413059469812211,3.790176124399015,3.7757622838898635,3.9673396909147636,4.375920564891226,3.413059469812211,3.790176124399015,3.7757622838898635,3.9673396909147636,3.5589277781008484,3.621203270693026,3.5141515778010994,3.602620518679995
2026-03-11,4.413169242855734,3.4449984622083547,3.8372590576213628,3.806891633103514,4.005685725102044,4.413169242855734,3.4449984622083547,3.8372590576213628,3.806891633103514,4.005685725102044,3.585771650211711,3.6428548097030546,3.5308781038334995,3.624719854518685
2026-03-12,4.3266055583438225,3.397089702862109,3.8063188443609626,3.735521905638071,3.9090832158994724,4.3266055583438225,3.397089702862109,3.8063188443609626,3.735521905638071,3.9090832158994724,3.5124876096416835,3.5723474094948524,3.457306707609907,3.551028387556074
2026-03-13,4.30979400984252,3.3793456978633496,3.7565454578116233,3.7210961096610133,3.8950721649464275,4.30979400984252,3.3793456978633496,3.7565454578116233,3.7210961096610133,3.8950721649464275,3.4832112024899513,3.5464542076730945,3.437454667184165,3.528077306424354
2026-03-16,4.303097246731794,3.362488947264934,3.7504919378258927,3.687689003187827,3.867050063040338,4.303097246731794,3.362488947264934,3.7504919378258927,3.687689003187827,3.867050063040338,3.4829816660077433,3.537980597025095,3.431034276599051,3.521385421592678
2026-03-17,4.310336834781928,3.379345697863349,3.753182391152884,3.687689003187827,3.9031838260245064,4.310336834781928,3.379345697863349,3.753182391152884,3.687689003187827,3.9031838260245064,3.480063581531432,3.541704535410876,3.440195540475854,3.5253780639444914
2026-03-18,4.411556524282094,3.466291484808489,3.864163590891276,3.8008176137447527,4.000523758961449,4.411556524282094,3.466291484808489,3.864163590891276,3.8008176137447527,4.000523758961449,3.556465440881872,3.6098752382763712,3.5071929506843755,3.5990238911460004
2026-03-19,4.271652979300116,3.363376201665277,3.7276230845464666,3.6930037701267433,3.8943347412120572,4.271652979300116,3.363376201665277,3.7276230845464666,3.6930037701267433,3.8943347412120572,3.4542258590025265,3.503644764107655,3.4040963570986276,3.4970669609226728
2026-03-23,4.132497579586982,3.2462656603726523,3.6004991648461266,3.5791159071499727,3.772659825040879,4.132497579586982,3.2462656603726523,3.6004991648461266,3.5791159071499727,3.772659825040879,3.353314012671066,3.4063991711343036,3.3112646107067274,3.39650077040706
2026-03-24,4.2274870292898195,3.320790427217037,3.655653458049448,3.692244517706898,3.8633629443684843,4.2274870292898195,3.320790427217037,3.655653458049448,3.692244517706898,3.8633629443684843,3.4351932990329064,3.4832418952037196,3.388050479165883,3.477900773643333
2026-03-25,4.320256279675577,3.403300212912486,3.7572180711433703,3.7772807887295534,3.948904097555494,4.320256279675577,3.403300212912486,3.7572180711433703,3.7772807887295534,3.948904097555494,3.501227749492069,3.542499768716612,3.444365287218914,3.539957885694006
2026-03-26,4.299874254306084,3.394428210413106,3.7430931911766656,3.7734845266303276,3.943004707680528,4.299874254306084,3.394428210413106,3.7430931911766656,3.7734845266303276,3.943004707680528,3.489842968265127,3.5305057783835543,3.4340727136832476,3.5251189420127034
2026-03-27,4.3180362455025065,3.3953154648134505,3.7316587645369523,3.7977806040653723,3.9695519621178756,4.3180362455025065,3.3953154648134505,3.7316587645369523,3.7977806040653723,3.9695519621178756,3.498186964122064,3.5416061014996267,3.4559365765284853,3.5502501120229795
2026-03-30,4.243788885600401,3.3953154648134505,3.6529630047224564,3.727170129019775,3.9326807753993367,4.243788885600401,3.3953154648134505,3.6529630047224564,3.727170129019775,3.9326807753993367,3.4409318001767866,3.477182314497413,3.3956761258110033,3.4855762299974997
2026-03-31,4.215595986733334,3.350212973848118,3.5971360981873866,3.7135035854625627,3.9164574532431797,4.215595986733334,3.350212973848118,3.5971360981873866,3.7135035854625627,3.9164574532431797,3.420498987655981,3.464516275548787,3.3805526434053608,3.460432326743678
2026-04-01,4.386271590579244,3.350212973848118,3.7827773777497873,3.8456135065156167,4.038132369414357,4.386271590579244,3.350212973848118,3.7827773777497873,3.8456135065156167,4.038132369414357,3.509953418739928,3.560325208458608,3.489499838959322,3.5631151285211624
2026-04-02,4.331288515091388,3.29684359902147,3.6953376446225694,3.796262099225683,3.9887249792115154,4.331288515091388,3.29684359902147,3.6953376446225694,3.796262099225683,3.9887249792115154,3.4721438973661165,3.5216639428263585,3.4563485834803744,3.5249206791437517
2026-04-03,4.372215299847838,3.3278322598016623,3.739057511186178,3.8266321960194882,4.020434199789459,4.372215299847838,3.3278322598016623,3.739057511186178,3.8266321960194882,4.020434199789459,3.488168093655156,3.535550712269951,3.4737900521899587,3.5397154602428413
2026-04-06,4.385791290089672,3.3295536915321984,3.7599085244703607,3.8114471476225855,3.9857752842740326,4.385791290089672,3.3295536915321984,3.7599085244703607,3.8114471476225855,3.9857752842740326,3.4823618074717335,3.5370653286813045,3.4750978607292304,3.5349918119203814
2026-04-07,4.401855642040606,3.338161638265936,3.7632715911290995,3.8197989242408825,4.03075813207065,4.401855642040606,3.338161638265936,3.7632715911290995,3.8197989242408825,4.03075813207065,3.515755793013211,3.5610319918556677,3.5011224369941165,3.5599516433081226
2026-04-08,4.523612599444769,3.4466218196497658,3.965728203985196,3.9200202436604408,4.127155573493919,4.523612599444769,3.4466218196497658,3.965728203985196,3.9200202436604408,4.127155573493919,3.5772865014797803,3.6191427397981584,3.563245984889246,3.621072447885785
2026-04-09,4.475055335173343,3.4147725743511494,3.934787990724796,3.880539117828494,4.085308622178391,4.475055335173343,3.4147725743511494,3.934787990724796,3.880539117828494,4.085308622178391,3.5341547639243167,3.5786895406695827,3.526173946892094,3.5793674865227922
2026-04-10,4.455075305332812,3.4130508799269266,4.003394550563074,3.8486505161949984,4.061396078569518,4.455075305332812,3.4130508799269266,4.003394550563074,3.8486505161949984,4.061396078569518,3.494125176023588,3.5402146599838518,3.492865746094704,3.5411423285086743
2026-04-13,4.44016331567747,3.3984172654020988,3.979180470620152,3.839539487156857,4.058407010618409,4.44016331567747,3.3984172654020988,3.979180470620152,3.839539487156857,4.058407010618409,3.470366878794608,3.5205238079127463,3.472995460278451,3.520155423230909
2026-04-14,4.468380105192556,3.427684494451756,4.067965430410866,3.8304284581187154,4.035989000985091,4.468380105192556,3.427684494451756,4.067965430410866,3.8304284581187154,4.035989000985091,3.4763174804137393,3.5233832957332827,3.4782786240594454,3.5208262848312986
2026-04-15,4.485197198348102,3.4397355673402505,4.093524737017284,3.834983972637786,4.060648811581741,4.485197198348102,3.4397355673402505,4.093524737017284,3.834983972637786,4.060648811581741,3.4628001139356193,3.511569724033356,3.4718633170547917,3.5065001095861072
2026-04-16,4.520839572406886,3.481053606584716,4.196434576774702,3.849409768614844,4.065132413508405,4.520839572406886,3.481053606584716,4.196434576774702,3.849409768614844,4.065132413508405,3.4657054080964493,3.5127758406978002,3.4703652851660483,3.50879068729052
2026-04-17,4.496277420770198,3.435431593973382,4.127155403604675,3.806891633103516,4.021790928217323,4.496277420770198,3.435431593973382,4.127155403604675,3.806891633103516,4.021790928217323,3.4390098446732424,3.492481652314573,3.4459238659561406,3.485958006880424
2026-04-20,4.496679844725071,3.448343514073988,4.138589830244388,3.826632196019489,3.99787838460845,4.496679844725071,3.448343514073988,4.138589830244388,3.826632196019489,3.99787838460845,3.4114165776888905,3.470114916136734,3.4269696418323337,3.4634255061888752
2026-04-21,4.487991362934609,3.4388747201281396,4.174910950158771,3.83118771053856,3.9806912438895723,4.487991362934609,3.4388747201281396,4.174910950158771,3.83118771053856,3.9806912438895723,3.3943654103717837,3.459850464313151,3.413086825869706,3.443378699949994
2026-04-22,4.441260945263658,3.4164940060816846,4.191726283452467,3.7658920024318783,3.921657151855167,4.441260945263658,3.4164940060816846,4.191726283452467,3.7658920024318783,3.921657151855167,3.3458561014628616,3.413168187510964,3.363067911536717,3.392409815132775
2026-04-23,4.4000750157239015,3.388087886937826,4.161458683523815,3.7408366725769886,3.887282870417412,4.4000750157239015,3.388087886937826,4.161458683523815,3.7408366725769886,3.887282870417412,3.336697756515394,3.403940315746242,3.3526831974891067,3.380901916309537
2026-04-24,4.391732980375138,3.3889487341499374,4.196434576774702,3.7279293814396213,3.8925137393318527,4.391732980375138,3.3889487341499374,4.196434576774702,3.7279293814396213,3.8925137393318527,3.3213309271359326,3.3854376160126654,3.3433905479231747,3.360242284614578
2026-04-27,4.3914535669085,3.407886059347947,4.264368523281232,3.7188183524014793,3.872337530661866,4.3914535669085,3.407886059347947,4.264368523281232,3.7188183524014793,3.872337530661866,3.3132212897885602,3.368666912980413,3.333244012933069,3.3504973712329473
2026-04-28,4.456320783114157,3.443178693495008,4.213922523400145,3.773484526630329,3.9493060304029264,4.456320783114157,3.443178693495008,4.213922523400145,3.773484526630329,3.9493060304029264,3.4021244711732446,3.453668089660845,3.4314942136876465,3.450046445451131
2026-04-30,4.413645751249123,3.392391860304694,4.169530043504788,3.7165405951419435,3.8962500742707395,4.413645751249123,3.392391860304694,4.169530043504788,3.7165405951419435,3.8962500742707395,3.3500754452483563,3.411184356213617,3.3813189171740436,3.397531262543444
2026-05-01,4.409705043900715,3.3966958336715627,4.185672763466736,3.7362811580579174,3.915679015952949,4.409705043900715,3.3966958336715627,4.185672763466736,3.7362811580579174,3.915679015952949,3.3472522089223546,3.412238566587194,3.3828806186070004,3.394530229546466
2026-05-07,4.501627717385163,3.5051560150553938,4.4311766295546935,3.7681697596914128,3.991152981718455,4.501627717385163,3.5051560150553938,4.4311766295546935,3.7681697596914128,3.991152981718455,3.389695468623091,3.4603187276936453,3.4307446916911952,3.443408674846632
2026-05-08,4.513978779423963,3.4939655266853222,4.412343456265754,3.7347626532182265,3.9530423653418136,4.513978779423963,3.4939655266853222,4.412343456265754,3.7347626532182265,3.9530423653418136,3.3803701773656334,3.4479623981756227,3.4268212193813286,3.430412733962787
2026-05-11,4.5320389513351795,3.5042951678432823,4.396873349635554,3.755262468554045,3.978449442926241,4.5320389513351795,3.5042951678432823,4.396873349635554,3.755262468554045,3.978449442926241,3.4021332082702314,3.469281840609148,3.4435416555241183,3.455544542008843
2026-05-12,4.527994104531556,3.531840439775031,4.411670842934006,3.7947435943859924,4.043461670862865,4.527994104531556,3.531840439775031,4.411670842934006,3.7947435943859924,4.043461670862865,3.430455814571115,3.5126325780718934,3.466966320179506,3.4990604843294477
2026-05-13,4.56563897806264,3.578323562292163,4.4527002561706235,3.841817244416391,4.090539491092833,4.56563897806264,3.578323562292163,4.4527002561706235,3.841817244416391,4.090539491092833,3.4912942506297173,3.540760061699156,3.498068530145648,3.5348921012697185
2026-05-14,4.552412120807043,3.5395878019903444,4.413016069597502,3.849409768614842,4.068868748447292,4.552412120807043,3.5395878019903444,4.413016069597502,3.849409768614842,4.068868748447292,3.4681645923917928,3.502080356312465,3.454558784599172,3.5139375539733955
2026-05-15,4.557936399098768,3.528397313620273,4.323558496475041,3.8911686517063244,4.102495762897269,4.557936399098768,3.528397313620273,4.323558496475041,3.8911686517063244,4.102495762897269,3.487854684588654,3.499032899394934,3.4952500154964783,3.5058761964735927
2026-05-18,4.509346536427633,3.493965526685323,4.287237376560658,3.8251136911797974,4.043461670862864,4.509346536427633,3.493965526685323,4.287237376560658,3.8251136911797974,4.043461670862864,3.4434096894636492,3.458515825732456,3.4522395472473706,3.4660186207732484
2026-05-19,4.550854376270896,3.514624546307556,4.269076816603467,3.8645948170117443,4.09950669494616,4.550854376270896,3.514624546307556,4.269076816603467,3.8645948170117443,4.09950669494616,3.4576715864329874,3.479373058140895,3.464448446688325,3.4895536434657797
2026-05-20,4.475402910089769,3.4621162813867064,4.21863081672238,3.8114471476225846,4.061396078569519,4.475402910089769,3.4621162813867064,4.21863081672238,3.8114471476225846,4.061396078569519,3.394082051593829,3.420015625203859,3.402139684060815,3.431988268732658
2026-05-21,4.5216635899751445,3.518928519674424,4.340373829768737,3.8251136911797974,4.0651324135084055,4.5216635899751445,3.518928519674424,4.340373829768737,3.8251136911797974,4.0651324135084055,3.4223685916069546,3.4480998402274405,3.432881555625095,3.4617494248258516
2026-05-22,4.5600843927638754,3.5499171804546164,4.453372869502372,3.794743594385992,4.051681607728415,4.5600843927638754,3.5499171804546164,4.453372869502372,3.794743594385992,4.051681607728415,3.419561300926987,3.4436270550309276,3.432299266555387,3.4544424638639866
2026-05-25,4.592716835088917,3.598121734702284,4.595966895832912,3.8122064000424296,4.070363282422846,4.592716835088917,3.598121734702284,4.595966895832912,3.8122064000424296,4.070363282422846,3.4308494900415885,3.449176522628136,3.449368254242328,3.461471017470644
2026-05-26,4.597494381605629,3.5929569141233038,4.571080202558242,3.806891633103514,4.054670675679524,4.597494381605629,3.5929569141233038,4.571080202558242,3.806891633103514,4.054670675679524,3.428546146167426,3.459755469766252,3.4671380489477155,3.466590987886277
2026-05-27,4.575541136407422,3.5774627150800513,4.581842015866207,3.802336118584443,4.053923408691746,4.575541136407422,3.5774627150800513,4.581842015866207,3.802336118584443,4.053923408691746,3.4205937440003114,3.435656324753976,3.45144971313473,3.4547337342986117
2026-05-28,4.572138788475821,3.559385974400465,4.5495565759423116,3.7787992935692443,4.031505399058428,4.572138788475821,3.559385974400465,4.5495565759423116,3.7787992935692443,4.031505399058428,3.413635301449145,3.4258840852545895,3.437779182690745,3.4475805440875336
2026-05-29,4.606468539254444,3.597260887490173,4.661883002344199,3.84181724441639,4.097264893982829,4.606468539254444,3.597260887490173,4.661883002344199,3.84181724441639,4.097264893982829,3.425647553351319,3.439290664134508,3.451053730489321,3.4573037269737377
2026-06-01,4.567608024454163,3.593817761335415,4.709638548898295,3.7491884491952834,4.012823724363996,4.567608024454163,3.593817761335415,4.709638548898295,3.7491884491952834,4.012823724363996,3.3587250445380015,3.3791723306320876,3.3924015619400985,3.3954003741668783
2026-06-02,4.53206456579015,3.579184146810587,4.696858895595086,3.7226146145007037,4.003109253522892,4.53206456579015,3.579184146810587,4.696858895595086,3.7226146145007037,4.003109253522892,3.336809878018794,3.3398545375329203,3.3581679629874017,3.3553736294440784
2026-06-03,4.5737511042000385,3.648047720680487,4.814566228650956,3.805373128263824,4.064385146520629,4.5737511042000385,3.648047720680487,4.814566228650956,3.805373128263824,4.064385146520629,3.367575940458868,3.37256641597538,3.393783697657461,3.3871442702114134
2026-06-04,4.537589354190516,3.6032865552812634,4.746632282144426,3.7605772354929607,4.04495620483842,4.537589354190516,3.6032865552812634,4.746632282144426,3.7605772354929607,4.04495620483842,3.362648215067984,3.3542399598023485,3.3730812163011867,3.3658439419678294
2026-06-05,4.580688086450729,3.6032865552812634,4.688114922282365,3.7446329346762126,4.059901544593966,4.580688086450729,3.6032865552812634,4.688114922282365,3.7446329346762126,4.059901544593966,3.4054925909238465,3.3993436608743965,3.4233250018523353,3.4102585361351427
2026-06-08,4.50827695783929,3.518928519674424,4.508527162705694,3.7476699443555934,4.030010865082875,4.50827695783929,3.518928519674424,4.508527162705694,3.7476699443555934,4.030010865082875,3.3968153205141767,3.3726718512431844,3.397907438423312,3.383273765477545
2026-06-09,4.530095837709041,3.556803695457819,4.600675189155147,3.752225458874664,4.05915427760619,4.530095837709041,3.556803695457819,4.600675189155147,3.752225458874664,4.05915427760619,3.4409827124648453,3.4067624328984047,3.4314671716746323,3.4168281936246996
2026-06-10,4.506405259874357,3.5103205729406866,4.524669882667643,3.7727252742104826,4.062143345557299,4.506405259874357,3.5103205729406866,4.524669882667643,3.7727252742104826,4.062143345557299,3.439793223748529,3.40222716763119,3.4289135511418265,3.4120683534407767
2026-06-11,4.488807488201314,3.4974086528400803,4.520634202677156,3.7385589153174514,4.036736267972872,4.488807488201314,3.4974086528400803,4.520634202677156,3.7385589153174514,4.036736267972872,3.456006501820504,3.4115920607022665,3.4366266794692715,3.419147058059639
2026-06-12,4.520628112075117,3.548195748724081,4.6470855090457475,3.7742437790501726,4.078583219288399,4.520628112075117,3.548195748724081,4.6470855090457475,3.7742437790501726,4.078583219288399,3.4770388436139217,3.4373081428078547,3.4680452651787825,3.4477702335175464
2026-06-15,4.59931644087172,3.654073388471577,4.884518015152731,3.819039671821036,4.107726631811713,4.59931644087172,3.654073388471577,4.884518015152731,3.819039671821036,4.107726631811713,3.509299149287184,3.4824079695593437,3.506965603864394,3.495226222431104
2026-06-16,4.5770139487968535,3.6420223155830818,4.881154948493992,3.7818363032486246,4.101001228921717,4.5770139487968535,3.6420223155830818,4.881154948493992,3.7818363032486246,4.101001228921717,3.5064943623275395,3.4698266493001677,3.500437760366939,3.481616973471998
2026-06-17,4.606980055336636,3.6626813352053147,4.922856975062357,3.7985398564852177,4.118935636628372,4.606980055336636,3.6626813352053147,4.922856975062357,3.7985398564852177,4.118935636628372,3.507495791568152,3.4737712268860204,3.505694688004144,3.48482653104597
2026-06-18,4.6326174667870355,3.721215267917256,5.0028979615403495,3.8046138758439785,4.151068117102795,4.6326174667870355,3.721215267917256,5.0028979615403495,3.8046138758439785,4.151068117102795,3.5323829648617937,3.5000090964636303,3.5388781930921684,3.511395570254627
2026-06-19,4.617248541913507,3.6988348165644878,5.0197132948340455,3.766651254851722,4.117441102652818,4.617248541913507,3.6988348165644878,5.0197132948340455,3.766651254851722,4.117441102652818,3.5303181202378986,3.496323201959422,3.5269659701653366,3.507843426931742
2026-06-22,4.646380557174551,3.7401528558089523,5.109843481288254,3.763614245172341,4.139859112286136,4.646380557174551,3.7401528558089523,5.109843481288254,3.763614245172341,4.139859112286136,3.547747449865985,3.5099376932418367,3.543227091637001,3.523019675803605
2026-06-23,4.572508259322034,3.6394397739467492,4.920166521735367,3.738558915317452,4.077835952300622,4.572508259322034,3.6394397739467492,4.920166521735367,3.738558915317452,4.077835952300622,3.5209858019142968,3.4707513270251766,3.5049180865176552,3.484613648296459
2026-06-24,4.563983871924394,3.6144767809576472,4.873756201844767,3.688448255607673,4.061396078569522,4.563983871924394,3.6144767809576472,4.873756201844767,3.688448255607673,4.061396078569522,3.5149471772401917,3.457181884119246,3.49091129571319,3.469850548127452
2026-06-25,4.608795427652472,3.6661244613600728,5.093700761326307,3.680855731409222,4.038978068936204,4.608795427652472,3.6661244613600728,5.093700761326307,3.680855731409222,4.038978068936204,3.540389177896289,3.4747195236717427,3.5106507901039414,3.486896227821622
2026-06-26,4.596893892379247,3.6187807543245167,4.880482335162245,3.6945222749664337,4.038978068936204,4.596893892379247,3.6187807543245167,4.880482335162245,3.6945222749664337,4.038978068936204,3.545201890290414,3.4818542514624395,3.512994548942215,3.4942724339715667
2026-06-29,4.64630852215878,3.6299712426945883,4.8966250551241925,3.747669944355593,4.08680315615395,4.64630852215878,3.6299712426945883,4.8966250551241925,3.747669944355593,4.08680315615395,3.5623909523936383,3.5010170723180214,3.5367599759462847,3.5125321356428687
2026-06-30,4.634544022426615,3.6463262889499517,4.944380601678288,3.748429196775438,4.08979222410506,4.634544022426615,3.6463262889499517,4.944380601678288,3.748429196775438,4.08979222410506,3.5435531161979394,3.481445313448734,3.512496313182,3.492567153009906
2026-07-01,4.629946209913247,3.6652636141479626,4.957160254981496,3.7294478862793095,4.070363282422851,4.629946209913247,3.6652636141479626,4.957160254981496,3.7294478862793095,4.070363282422851,3.5399174175555803,3.479319292164747,3.505589157931484,3.4890065955491805
2026-07-02,4.671601353483411,3.670428434726942,4.842815988584365,3.7909473322867653,4.1271555734939245,4.671601353483411,3.670428434726942,4.842815988584365,3.7909473322867653,4.1271555734939245,3.5854118678904867,3.5211223085755763,3.543156944340012,3.5378222821644774
2026-07-03,4.733525021556005,3.7160507100319635,4.919493908403618,3.8668725742712793,4.189178733479439,4.733525021556005,3.7160507100319635,4.919493908403618,3.8668725742712793,4.189178733479439,3.6133908382779243,3.5554457073208194,3.5809986342078575,3.573369822197383
2026-07-06,4.780081109396188,3.7478999553305794,4.908732095095653,3.936723796897032,4.25493822840384,4.780081109396188,3.7478999553305794,4.908732095095653,3.936723796897032,4.25493822840384,3.6694204663645813,3.605308600692818,3.6285129025712637,3.6266030244110574
2026-07-07,4.746579775626153,3.7169112945503873,4.77959033540007,3.9314090299581164,4.269883568159385,4.746579775626153,3.7169112945503873,4.77959033540007,3.9314090299581164,4.269883568159385,3.65049763626525,3.591383299003582,3.6059094721026836,3.613564911740065
2026-07-08,4.707211595192808,3.671289281939053,4.738695444829802,3.906353700103227,4.267637836969961,4.707211595192808,3.671289281939053,4.738695444829802,3.906353700103227,4.267637836969961,3.6489455348782713,3.592445201087429,3.6057008666414347,3.6161791766960247
2026-07-09,4.697142861160497,3.6075905286481325,4.782244627550811,3.8843353799277183,4.207751671918637,4.697142861160497,3.6075905286481325,4.782244627550811,3.8843353799277183,4.207751671918637,3.6379623931010396,3.5868682614983327,3.5940596657946235,3.6096296766740688
2026-07-10,4.708407594829805,3.7014171480458713,4.8394029298721355,3.8638355645918994,4.201763055413505,4.708407594829805,3.7014171480458713,4.8394029298721355,3.8638355645918994,4.201763055413505,3.610682002112799,3.571280509610456,3.583168423228729,3.5943583709904936
2026-07-13,4.6804860298851585,3.6637100613805704,4.7298495170895976,3.844854254095771,4.192031553592664,4.6804860298851585,3.6637100613805704,4.7298495170895976,3.844854254095771,4.192031553592664,3.5988242666653627,3.5688069759379735,3.5755465093217955,3.593707137350628
2026-07-14,4.72171133056289,3.6944017454147646,4.766594140010449,3.881298370248338,4.253414872770271,4.72171133056289,3.6944017454147646,4.766594140010449,3.881298370248338,4.253414872770271,3.645793439022567,3.607882598912883,3.609829036374864,3.6337276674198904
2026-07-15,4.766512888833061,3.7321088320800655,4.8407638418321675,3.9162239815612145,4.3013238048113305,4.766512888833061,3.7321088320800655,4.8407638418321675,3.9162239815612145,4.3013238048113305,3.7029452466955974,3.6517443750745473,3.6534565126205827,3.6801734296110165
2026-07-16,4.72726166977745,3.6803714753730454,4.710796749649156,3.915464729141369,4.29159230299049,4.72726166977745,3.6803714753730454,4.710796749649156,3.915464729141369,4.29159230299049,3.6669936852011675,3.615680000373427,3.618199881729446,3.6436318947719557
2026-07-17,4.6407409313851185,3.5768964943487562,4.556333242185577,3.8957241662253956,4.200265901287222,4.6407409313851185,3.5768964943487562,4.556333242185577,3.8957241662253956,4.200265901287222,3.616919125546125,3.5669522565846954,3.557865451832592,3.593056140509471
2026-07-21,4.7166162657052,3.66809458767117,4.657721183207927,3.964816136431303,4.319289654326727,4.7166162657052,3.66809458767117,4.657721183207927,3.964816136431303,4.319289654326727,3.712913783533251,3.6541894285042895,3.645986291805873,3.6835727092700536
2026-07-22,4.724599708640877,3.6856326928335665,4.648194799487706,3.983797446927431,4.359712815736371,4.724599708640877,3.6856326928335665,4.648194799487706,3.983797446927431,4.359712815736371,3.680691191055982,3.63515869312979,3.63931451848724,3.6591017251374836
2026-07-23,4.727499054739347,3.7014171480458713,4.674732582708321,3.9845566993472756,4.375432934062343,4.727499054739347,3.7014171480458713,4.674732582708321,3.9845566993472756,4.375432934062343,3.694731463770348,3.6446569819974064,3.6440252212882838,3.670488797712664
2026-07-24,4.708115507902599,3.6610794526503097,4.550889594345452,3.985315951767121,4.359712815736371,4.708115507902599,3.6610794526503097,4.550889594345452,3.985315951767121,4.359712815736371,3.680723424617226,3.643536246853937,3.6403051525622714,3.6666628163637927
2026-07-27,4.800158430271431,3.7207089031583602,4.578107833546082,4.083259513927144,4.457027833944772,4.800158430271431,3.7207089031583602,4.578107833546082,4.083259513927144,4.457027833944772,3.7439761222703387,3.7051920525094233,3.6994322950029694,3.7274355529149883
2026-07-28,4.719967107235155,3.620741757254748,4.393704262961809,4.076426242148538,4.377678665251768,4.719967107235155,3.620741757254748,4.393704262961809,4.076426242148538,4.377678665251768,3.718547098369858,3.6866506667349617,3.6714941283052713,3.704284352286198
2026-07-29,4.737084590009143,3.638279862417145,4.333143680740406,4.212332425300818,4.463765027513046,4.737084590009143,3.638279862417145,4.333143680740406,4.212332425300818,4.463765027513046,3.7483441317172153,3.719800118560535,3.698057301035469,3.7369472823677383
2026-07-30,4.719219144894152,3.618988107304658,4.360361919941037,4.1682957849498,4.376930088188626,4.719219144894152,3.618988107304658,4.360361919941037,4.1682957849498,4.376930088188626,3.7716070718063848,3.7362737755240314,3.7077574427027695,3.7569415626765976
2026-07-31,4.740381293487097,3.65844884392005,4.529115002984948,4.043778388095197,4.356718507483804,4.740381293487097,3.65844884392005,4.529115002984948,4.043778388095197,4.356718507483804,3.7409783750370433,3.6921873720543155,3.678567137792146,3.7148048418446393
2026-08-03,4.71994281642284,3.6110957458933814,4.480802628403829,3.9663346412709934,4.285603686485357,4.71994281642284,3.6110957458933814,4.480802628403829,3.9663346412709934,4.285603686485357,3.7326892823680615,3.7165608947217557,3.6993148794837345,3.7366999737238533
2026-08-04,4.732989575967205,3.6163572309641494,4.497133571924208,3.924575758179511,4.260900643401685,4.732989575967205,3.6163572309641494,4.497133571924208,3.924575758179511,4.260900643401685,3.7126423603109204,3.693147537015733,3.6934293229981385,3.711210056561279
2026-08-05,4.81610389019718,3.694401745414766,4.664525743008087,3.9541866025534715,4.308809575442744,4.81610389019718,3.694401745414766,4.664525743008087,3.9541866025534715,4.308809575442744,3.763332391548568,3.7282090608876377,3.7350863633507716,3.749737931957664
2026-08-06,4.846850435279855,3.7154476856978396,4.626420208127204,3.9708901557900647,4.390404475325173,4.846850435279855,3.7154476856978396,4.626420208127204,3.9708901557900647,4.390404475325173,3.8047974766694357,3.76892951496425,3.7776995173582066,3.7900230638223875
2026-08-07,4.862338811777968,3.727724305789467,4.624378840187156,4.078703999408074,4.4338219449873835,4.862338811777968,3.727724305789467,4.624378840187156,4.078703999408074,4.4338219449873835,3.841325887874166,3.808602998384089,3.8103890933523066,3.830288780316261
2026-08-10,4.893059088297062,3.749646937242463,4.716920853469301,4.098773322645131,4.433073367924242,4.893059088297062,3.749646937242463,4.716920853469301,4.098773322645131,4.433073367924242,3.856621791234052,3.8301092239033374,3.8200272005170612,3.8513870612509966
2026-08-12,4.917177426871016,3.787353756297517,4.759109124230279,4.093370043312077,4.445050600934507,4.917177426871016,3.787353756297517,4.759109124230279,4.093370043312077,4.445050600934507,3.863091695339646,3.831084654845328,3.8199449088237922,3.85290661684432
2026-08-13,4.9532221542455535,3.8180454403317112,4.812865146651524,4.060178470266174,4.469005066955036,4.9532221542455535,3.8180454403317112,4.812865146651524,4.060178470266174,4.469005066955036,3.9159816846862197,3.8704116391485592,3.8720913283266643,3.894149307143322
2026-08-14,4.996437757027372,3.839091113004539,4.838042017912107,4.086422969883864,4.486222339407292,4.996437757027372,3.839091113004539,4.838042017912107,4.086422969883864,4.486222339407292,3.927952088104709,3.898128850791873,3.894296549947031,3.920086330785936
2026-08-17,4.989052021606085,3.822429966622311,4.873425728872927,4.040881044076696,4.46077071926048,4.989052021606085,3.822429966622311,4.873425728872927,4.040881044076696,4.46077071926048,3.9253297432766963,3.8923777477641766,3.8975688043448073,3.9150879926268396
2026-08-18,4.973424206795782,3.7794616624964887,4.748221828550025,4.043968632267012,4.476490837586452,4.973424206795782,3.7794616624964887,4.748221828550025,4.043968632267012,4.476490837586452,3.9505089370358712,3.9166266476507445,3.9158119354911785,3.9381245606419677
2026-08-19,4.866289637791964,3.6602024938701416,4.605326072746714,3.9860763536985777,4.3993874000828725,4.866289637791964,3.6602024938701416,4.605326072746714,3.9860763536985777,4.3993874000828725,3.8813258657129257,3.8540936555797516,3.8455677894504943,3.874773248936004
2026-08-20,4.9516213455468385,3.7075553242865635,4.664525743008086,4.0594065732185936,4.409867478966855,4.9516213455468385,3.7075553242865635,4.664525743008086,4.0594065732185936,4.409867478966855,3.927301248362766,3.901126735805824,3.886653808940818,3.9207885644799942
2026-08-21,4.956137549892524,3.7189552532082693,4.649555711447739,4.099545219692708,4.449542063313357,4.956137549892524,3.7189552532082693,4.649555711447739,4.099545219692708,4.449542063313357,3.966639509989253,3.941780102180172,3.9245937820994095,3.9617544581447173
2026-08-24,4.970576679313662,3.7242167382790385,4.614852456466935,4.112667469501552,4.466759335765612,4.970576679313662,3.7242167382790385,4.614852456466935,4.112667469501552,4.466759335765612,3.9740510037038614,3.9346075160238807,3.9141423928943553,3.9556388442245938
2026-08-25,4.990963227605917,3.741754843441435,4.642070695667566,4.133508689786188,4.486970916470434,4.990963227605917,3.741754843441435,4.642070695667566,4.133508689786188,4.486970916470434,3.9926266656245137,3.958623740078275,3.936128838878914,3.979849561991431
2026-08-26,5.007142298022048,3.7549084223132323,4.6658866549681175,4.132736792738609,4.504936765985831,5.007142298022048,3.7549084223132323,4.6658866549681175,4.132736792738609,4.504936765985831,4.010361147485464,3.9745586905225787,3.954950717285537,3.9978018534782715
2026-08-27,5.017862277183082,3.7654311248445214,4.654999359287865,4.121158337024923,4.498948149480698,5.017862277183082,3.7654311248445214,4.654999359287865,4.121158337024923,4.498948149480698,4.015039370913271,3.974162786237553,3.9555514319991123,4.001183595391701
2026-08-28,5.045065934250362,3.788230715077687,4.67201075878826,4.1497185277853506,4.529639809069502,5.045065934250362,3.788230715077687,4.67201075878826,4.1497185277853506,4.529639809069502,4.037148612808241,3.9950298824139088,3.9719852671091065,4.022516941130885
2026-08-31,5.0597443312843575,3.7987536852192245,4.657040727227913,4.180594409688516,4.5476056585848985,5.0597443312843575,3.7987536852192245,4.657040727227913,4.180594409688516,4.5476056585848985,4.05701797398867,4.017194256318307,3.992283491702973,4.040993942755394
